G21         ; Set units to mm
G90         ; Absolute positioning
M4 S0       ; Enable Laser/Spindle (0 power)

;
; Operation:    0
; Type:         Laser Fill Path
; Paths:        8536
; Passes:       1
; Cut rate:     1000 mm/min
;


; Pass 0

; Pass 0 Path 0
G0 X7.45 Y0.02
G1 X25.57 Y0.02 S300.00 F1000

; Pass 0 Path 1
G0 X26.10 Y0.12
G1 X6.92 Y0.12 S300.00 F1000

; Pass 0 Path 2
G0 X6.62 Y0.22
G1 X26.40 Y0.22 S300.00 F1000

; Pass 0 Path 3
G0 X26.63 Y0.32
G1 X6.39 Y0.32 S300.00 F1000

; Pass 0 Path 4
G0 X6.20 Y0.42
G1 X26.82 Y0.42 S300.00 F1000

; Pass 0 Path 5
G0 X26.98 Y0.52
G1 X6.04 Y0.52 S300.00 F1000

; Pass 0 Path 6
G0 X5.89 Y0.62
G1 X27.13 Y0.62 S300.00 F1000

; Pass 0 Path 7
G0 X27.26 Y0.72
G1 X5.76 Y0.72 S300.00 F1000

; Pass 0 Path 8
G0 X5.65 Y0.82
G1 X27.37 Y0.82 S300.00 F1000

; Pass 0 Path 9
G0 X27.48 Y0.92
G1 X5.54 Y0.92 S300.00 F1000

; Pass 0 Path 10
G0 X5.44 Y1.02
G1 X7.50 Y1.02 S300.00 F1000

; Pass 0 Path 11
G0 X7.06 Y1.12
G1 X5.35 Y1.12 S300.00 F1000

; Pass 0 Path 12
G0 X5.27 Y1.22
G1 X6.82 Y1.22 S300.00 F1000

; Pass 0 Path 13
G0 X6.63 Y1.32
G1 X5.19 Y1.32 S300.00 F1000

; Pass 0 Path 14
G0 X5.12 Y1.42
G1 X6.48 Y1.42 S300.00 F1000

; Pass 0 Path 15
G0 X6.35 Y1.52
G1 X5.06 Y1.52 S300.00 F1000

; Pass 0 Path 16
G0 X5.00 Y1.62
G1 X6.24 Y1.62 S300.00 F1000

; Pass 0 Path 17
G0 X6.15 Y1.72
G1 X4.95 Y1.72 S300.00 F1000

; Pass 0 Path 18
G0 X4.89 Y1.82
G1 X6.06 Y1.82 S300.00 F1000

; Pass 0 Path 19
G0 X5.99 Y1.92
G1 X4.85 Y1.92 S300.00 F1000

; Pass 0 Path 20
G0 X4.81 Y2.02
G1 X5.92 Y2.02 S300.00 F1000

; Pass 0 Path 21
G0 X5.86 Y2.12
G1 X4.77 Y2.12 S300.00 F1000

; Pass 0 Path 22
G0 X4.73 Y2.22
G1 X5.81 Y2.22 S300.00 F1000

; Pass 0 Path 23
G0 X5.76 Y2.32
G1 X4.70 Y2.32 S300.00 F1000

; Pass 0 Path 24
G0 X4.68 Y2.42
G1 X5.72 Y2.42 S300.00 F1000

; Pass 0 Path 25
G0 X5.69 Y2.52
G1 X4.65 Y2.52 S300.00 F1000

; Pass 0 Path 26
G0 X4.63 Y2.62
G1 X5.66 Y2.62 S300.00 F1000

; Pass 0 Path 27
G0 X5.63 Y2.72
G1 X4.62 Y2.72 S300.00 F1000

; Pass 0 Path 28
G0 X4.60 Y2.82
G1 X5.61 Y2.82 S300.00 F1000

; Pass 0 Path 29
G0 X5.60 Y2.92
G1 X4.59 Y2.92 S300.00 F1000

; Pass 0 Path 30
G0 X4.59 Y3.02
G1 X5.59 Y3.02 S300.00 F1000

; Pass 0 Path 31
G0 X5.58 Y3.12
G1 X4.58 Y3.12 S300.00 F1000

; Pass 0 Path 32
G0 X4.58 Y3.22
G1 X5.58 Y3.22 S300.00 F1000

; Pass 0 Path 33
G0 X5.58 Y3.32
G1 X4.58 Y3.32 S300.00 F1000

; Pass 0 Path 34
G0 X4.58 Y3.42
G1 X5.58 Y3.42 S300.00 F1000

; Pass 0 Path 35
G0 X5.58 Y3.52
G1 X4.58 Y3.52 S300.00 F1000

; Pass 0 Path 36
G0 X4.58 Y3.62
G1 X5.58 Y3.62 S300.00 F1000

; Pass 0 Path 37
G0 X5.58 Y3.72
G1 X4.58 Y3.72 S300.00 F1000

; Pass 0 Path 38
G0 X4.58 Y3.82
G1 X5.58 Y3.82 S300.00 F1000

; Pass 0 Path 39
G0 X5.58 Y3.92
G1 X4.58 Y3.92 S300.00 F1000

; Pass 0 Path 40
G0 X4.58 Y4.02
G1 X5.58 Y4.02 S300.00 F1000

; Pass 0 Path 41
G0 X5.58 Y4.12
G1 X4.58 Y4.12 S300.00 F1000

; Pass 0 Path 42
G0 X4.58 Y4.22
G1 X5.58 Y4.22 S300.00 F1000

; Pass 0 Path 43
G0 X5.58 Y4.32
G1 X4.58 Y4.32 S300.00 F1000

; Pass 0 Path 44
G0 X4.58 Y4.42
G1 X5.58 Y4.42 S300.00 F1000

; Pass 0 Path 45
G0 X5.58 Y4.52
G1 X4.58 Y4.52 S300.00 F1000

; Pass 0 Path 46
G0 X4.58 Y4.62
G1 X5.58 Y4.62 S300.00 F1000

; Pass 0 Path 47
G0 X5.58 Y4.72
G1 X4.58 Y4.72 S300.00 F1000

; Pass 0 Path 48
G0 X4.58 Y4.82
G1 X5.58 Y4.82 S300.00 F1000

; Pass 0 Path 49
G0 X5.58 Y4.92
G1 X4.58 Y4.92 S300.00 F1000

; Pass 0 Path 50
G0 X4.58 Y5.02
G1 X5.58 Y5.02 S300.00 F1000

; Pass 0 Path 51
G0 X5.58 Y5.12
G1 X4.58 Y5.12 S300.00 F1000

; Pass 0 Path 52
G0 X4.58 Y5.22
G1 X5.58 Y5.22 S300.00 F1000

; Pass 0 Path 53
G0 X5.58 Y5.32
G1 X4.58 Y5.32 S300.00 F1000

; Pass 0 Path 54
G0 X4.58 Y5.42
G1 X5.58 Y5.42 S300.00 F1000

; Pass 0 Path 55
G0 X5.58 Y5.52
G1 X4.58 Y5.52 S300.00 F1000

; Pass 0 Path 56
G0 X4.58 Y5.62
G1 X5.58 Y5.62 S300.00 F1000

; Pass 0 Path 57
G0 X5.58 Y5.72
G1 X4.58 Y5.72 S300.00 F1000

; Pass 0 Path 58
G0 X4.58 Y5.82
G1 X5.58 Y5.82 S300.00 F1000

; Pass 0 Path 59
G0 X5.58 Y5.92
G1 X4.58 Y5.92 S300.00 F1000

; Pass 0 Path 60
G0 X4.58 Y6.02
G1 X5.58 Y6.02 S300.00 F1000

; Pass 0 Path 61
G0 X5.58 Y6.12
G1 X4.58 Y6.12 S300.00 F1000

; Pass 0 Path 62
G0 X4.58 Y6.22
G1 X5.58 Y6.22 S300.00 F1000

; Pass 0 Path 63
G0 X5.58 Y6.32
G1 X4.58 Y6.32 S300.00 F1000

; Pass 0 Path 64
G0 X4.58 Y6.42
G1 X5.58 Y6.42 S300.00 F1000

; Pass 0 Path 65
G0 X5.58 Y6.52
G1 X4.58 Y6.52 S300.00 F1000

; Pass 0 Path 66
G0 X4.58 Y6.62
G1 X5.58 Y6.62 S300.00 F1000

; Pass 0 Path 67
G0 X5.58 Y6.72
G1 X4.58 Y6.72 S300.00 F1000

; Pass 0 Path 68
G0 X4.58 Y6.82
G1 X5.58 Y6.82 S300.00 F1000

; Pass 0 Path 69
G0 X5.58 Y6.92
G1 X4.58 Y6.92 S300.00 F1000

; Pass 0 Path 70
G0 X4.58 Y7.02
G1 X5.58 Y7.02 S300.00 F1000

; Pass 0 Path 71
G0 X5.58 Y7.12
G1 X4.58 Y7.12 S300.00 F1000

; Pass 0 Path 72
G0 X4.58 Y7.22
G1 X5.58 Y7.22 S300.00 F1000

; Pass 0 Path 73
G0 X5.58 Y7.32
G1 X4.58 Y7.32 S300.00 F1000

; Pass 0 Path 74
G0 X4.58 Y7.42
G1 X5.58 Y7.42 S300.00 F1000

; Pass 0 Path 75
G0 X5.58 Y7.52
G1 X4.58 Y7.52 S300.00 F1000

; Pass 0 Path 76
G0 X4.58 Y7.62
G1 X5.58 Y7.62 S300.00 F1000

; Pass 0 Path 77
G0 X5.58 Y7.72
G1 X4.58 Y7.72 S300.00 F1000

; Pass 0 Path 78
G0 X4.58 Y7.82
G1 X5.58 Y7.82 S300.00 F1000

; Pass 0 Path 79
G0 X5.58 Y7.92
G1 X4.58 Y7.92 S300.00 F1000

; Pass 0 Path 80
G0 X4.58 Y8.02
G1 X5.58 Y8.02 S300.00 F1000

; Pass 0 Path 81
G0 X5.58 Y8.12
G1 X4.58 Y8.12 S300.00 F1000

; Pass 0 Path 82
G0 X4.58 Y8.22
G1 X5.58 Y8.22 S300.00 F1000

; Pass 0 Path 83
G0 X5.58 Y8.32
G1 X4.58 Y8.32 S300.00 F1000

; Pass 0 Path 84
G0 X4.58 Y8.42
G1 X5.58 Y8.42 S300.00 F1000

; Pass 0 Path 85
G0 X5.58 Y8.52
G1 X4.58 Y8.52 S300.00 F1000

; Pass 0 Path 86
G0 X4.58 Y8.62
G1 X5.58 Y8.62 S300.00 F1000

; Pass 0 Path 87
G0 X5.58 Y8.72
G1 X4.58 Y8.72 S300.00 F1000

; Pass 0 Path 88
G0 X4.58 Y8.82
G1 X5.58 Y8.82 S300.00 F1000

; Pass 0 Path 89
G0 X5.58 Y8.92
G1 X4.58 Y8.92 S300.00 F1000

; Pass 0 Path 90
G0 X4.58 Y9.02
G1 X5.58 Y9.02 S300.00 F1000

; Pass 0 Path 91
G0 X5.58 Y9.12
G1 X4.58 Y9.12 S300.00 F1000

; Pass 0 Path 92
G0 X4.58 Y9.22
G1 X5.58 Y9.22 S300.00 F1000

; Pass 0 Path 93
G0 X5.58 Y9.32
G1 X4.58 Y9.32 S300.00 F1000

; Pass 0 Path 94
G0 X4.58 Y9.42
G1 X5.58 Y9.42 S300.00 F1000

; Pass 0 Path 95
G0 X5.58 Y9.52
G1 X4.58 Y9.52 S300.00 F1000

; Pass 0 Path 96
G0 X4.58 Y9.62
G1 X5.58 Y9.62 S300.00 F1000

; Pass 0 Path 97
G0 X5.58 Y9.72
G1 X4.58 Y9.72 S300.00 F1000

; Pass 0 Path 98
G0 X4.58 Y9.82
G1 X5.58 Y9.82 S300.00 F1000

; Pass 0 Path 99
G0 X5.58 Y9.92
G1 X4.58 Y9.92 S300.00 F1000

; Pass 0 Path 100
G0 X4.58 Y10.02
G1 X5.58 Y10.02 S300.00 F1000

; Pass 0 Path 101
G0 X5.58 Y10.12
G1 X4.58 Y10.12 S300.00 F1000

; Pass 0 Path 102
G0 X4.58 Y10.22
G1 X5.58 Y10.22 S300.00 F1000

; Pass 0 Path 103
G0 X5.58 Y10.32
G1 X4.58 Y10.32 S300.00 F1000

; Pass 0 Path 104
G0 X4.58 Y10.42
G1 X5.58 Y10.42 S300.00 F1000

; Pass 0 Path 105
G0 X5.58 Y10.52
G1 X4.58 Y10.52 S300.00 F1000

; Pass 0 Path 106
G0 X4.58 Y10.62
G1 X5.58 Y10.62 S300.00 F1000

; Pass 0 Path 107
G0 X5.58 Y10.72
G1 X4.58 Y10.72 S300.00 F1000

; Pass 0 Path 108
G0 X4.58 Y10.82
G1 X5.58 Y10.82 S300.00 F1000

; Pass 0 Path 109
G0 X5.58 Y10.92
G1 X4.58 Y10.92 S300.00 F1000

; Pass 0 Path 110
G0 X4.58 Y11.02
G1 X5.58 Y11.02 S300.00 F1000

; Pass 0 Path 111
G0 X5.58 Y11.12
G1 X4.58 Y11.12 S300.00 F1000

; Pass 0 Path 112
G0 X4.58 Y11.22
G1 X5.58 Y11.22 S300.00 F1000

; Pass 0 Path 113
G0 X5.58 Y11.32
G1 X4.58 Y11.32 S300.00 F1000

; Pass 0 Path 114
G0 X4.58 Y11.42
G1 X5.58 Y11.42 S300.00 F1000

; Pass 0 Path 115
G0 X5.58 Y11.52
G1 X4.58 Y11.52 S300.00 F1000

; Pass 0 Path 116
G0 X4.58 Y11.62
G1 X5.58 Y11.62 S300.00 F1000

; Pass 0 Path 117
G0 X5.58 Y11.72
G1 X4.58 Y11.72 S300.00 F1000

; Pass 0 Path 118
G0 X4.58 Y11.82
G1 X5.58 Y11.82 S300.00 F1000

; Pass 0 Path 119
G0 X5.58 Y11.92
G1 X4.58 Y11.92 S300.00 F1000

; Pass 0 Path 120
G0 X4.58 Y12.02
G1 X5.58 Y12.02 S300.00 F1000

; Pass 0 Path 121
G0 X5.58 Y12.12
G1 X4.58 Y12.12 S300.00 F1000

; Pass 0 Path 122
G0 X4.58 Y12.22
G1 X5.58 Y12.22 S300.00 F1000

; Pass 0 Path 123
G0 X5.58 Y12.32
G1 X4.58 Y12.32 S300.00 F1000

; Pass 0 Path 124
G0 X4.58 Y12.42
G1 X5.58 Y12.42 S300.00 F1000

; Pass 0 Path 125
G0 X5.58 Y12.52
G1 X4.58 Y12.52 S300.00 F1000

; Pass 0 Path 126
G0 X4.58 Y12.62
G1 X5.58 Y12.62 S300.00 F1000

; Pass 0 Path 127
G0 X5.58 Y12.72
G1 X4.58 Y12.72 S300.00 F1000

; Pass 0 Path 128
G0 X4.58 Y12.82
G1 X5.58 Y12.82 S300.00 F1000

; Pass 0 Path 129
G0 X5.58 Y12.92
G1 X4.58 Y12.92 S300.00 F1000

; Pass 0 Path 130
G0 X4.58 Y13.02
G1 X5.58 Y13.02 S300.00 F1000

; Pass 0 Path 131
G0 X5.58 Y13.12
G1 X4.58 Y13.12 S300.00 F1000

; Pass 0 Path 132
G0 X4.58 Y13.22
G1 X5.58 Y13.22 S300.00 F1000

; Pass 0 Path 133
G0 X5.58 Y13.32
G1 X4.58 Y13.32 S300.00 F1000

; Pass 0 Path 134
G0 X4.58 Y13.42
G1 X5.58 Y13.42 S300.00 F1000

; Pass 0 Path 135
G0 X5.58 Y13.52
G1 X4.58 Y13.52 S300.00 F1000

; Pass 0 Path 136
G0 X4.58 Y13.62
G1 X5.58 Y13.62 S300.00 F1000

; Pass 0 Path 137
G0 X5.58 Y13.72
G1 X4.58 Y13.72 S300.00 F1000

; Pass 0 Path 138
G0 X4.58 Y13.82
G1 X5.58 Y13.82 S300.00 F1000

; Pass 0 Path 139
G0 X5.58 Y13.92
G1 X4.58 Y13.92 S300.00 F1000

; Pass 0 Path 140
G0 X4.58 Y14.02
G1 X5.58 Y14.02 S300.00 F1000

; Pass 0 Path 141
G0 X5.58 Y14.12
G1 X4.58 Y14.12 S300.00 F1000

; Pass 0 Path 142
G0 X4.58 Y14.22
G1 X5.58 Y14.22 S300.00 F1000

; Pass 0 Path 143
G0 X5.58 Y14.32
G1 X4.58 Y14.32 S300.00 F1000

; Pass 0 Path 144
G0 X4.58 Y14.42
G1 X5.58 Y14.42 S300.00 F1000

; Pass 0 Path 145
G0 X5.58 Y14.52
G1 X4.58 Y14.52 S300.00 F1000

; Pass 0 Path 146
G0 X4.58 Y14.62
G1 X5.58 Y14.62 S300.00 F1000

; Pass 0 Path 147
G0 X5.58 Y14.72
G1 X4.58 Y14.72 S300.00 F1000

; Pass 0 Path 148
G0 X4.58 Y14.82
G1 X5.58 Y14.82 S300.00 F1000

; Pass 0 Path 149
G0 X5.58 Y14.92
G1 X4.58 Y14.92 S300.00 F1000

; Pass 0 Path 150
G0 X4.58 Y15.02
G1 X5.58 Y15.02 S300.00 F1000

; Pass 0 Path 151
G0 X5.58 Y15.12
G1 X4.58 Y15.12 S300.00 F1000

; Pass 0 Path 152
G0 X4.58 Y15.22
G1 X5.58 Y15.22 S300.00 F1000

; Pass 0 Path 153
G0 X5.58 Y15.32
G1 X4.58 Y15.32 S300.00 F1000

; Pass 0 Path 154
G0 X4.58 Y15.42
G1 X5.58 Y15.42 S300.00 F1000

; Pass 0 Path 155
G0 X5.58 Y15.52
G1 X4.58 Y15.52 S300.00 F1000

; Pass 0 Path 156
G0 X4.58 Y15.62
G1 X5.58 Y15.62 S300.00 F1000

; Pass 0 Path 157
G0 X5.58 Y15.72
G1 X4.58 Y15.72 S300.00 F1000

; Pass 0 Path 158
G0 X4.58 Y15.82
G1 X5.58 Y15.82 S300.00 F1000

; Pass 0 Path 159
G0 X5.58 Y15.92
G1 X4.58 Y15.92 S300.00 F1000

; Pass 0 Path 160
G0 X4.58 Y16.02
G1 X5.58 Y16.02 S300.00 F1000

; Pass 0 Path 161
G0 X5.58 Y16.12
G1 X4.58 Y16.12 S300.00 F1000

; Pass 0 Path 162
G0 X4.58 Y16.22
G1 X5.58 Y16.22 S300.00 F1000

; Pass 0 Path 163
G0 X5.58 Y16.32
G1 X4.58 Y16.32 S300.00 F1000

; Pass 0 Path 164
G0 X4.58 Y16.42
G1 X5.58 Y16.42 S300.00 F1000

; Pass 0 Path 165
G0 X5.58 Y16.52
G1 X4.58 Y16.52 S300.00 F1000

; Pass 0 Path 166
G0 X4.58 Y16.62
G1 X5.58 Y16.62 S300.00 F1000

; Pass 0 Path 167
G0 X5.58 Y16.72
G1 X4.58 Y16.72 S300.00 F1000

; Pass 0 Path 168
G0 X4.58 Y16.82
G1 X5.58 Y16.82 S300.00 F1000

; Pass 0 Path 169
G0 X5.58 Y16.92
G1 X4.58 Y16.92 S300.00 F1000

; Pass 0 Path 170
G0 X4.58 Y17.02
G1 X5.58 Y17.02 S300.00 F1000

; Pass 0 Path 171
G0 X5.58 Y17.12
G1 X4.58 Y17.12 S300.00 F1000

; Pass 0 Path 172
G0 X4.58 Y17.22
G1 X5.58 Y17.22 S300.00 F1000

; Pass 0 Path 173
G0 X5.58 Y17.32
G1 X4.58 Y17.32 S300.00 F1000

; Pass 0 Path 174
G0 X4.58 Y17.42
G1 X5.58 Y17.42 S300.00 F1000

; Pass 0 Path 175
G0 X5.58 Y17.52
G1 X4.58 Y17.52 S300.00 F1000

; Pass 0 Path 176
G0 X4.58 Y17.62
G1 X5.58 Y17.62 S300.00 F1000

; Pass 0 Path 177
G0 X5.58 Y17.72
G1 X4.58 Y17.72 S300.00 F1000

; Pass 0 Path 178
G0 X4.58 Y17.82
G1 X5.58 Y17.82 S300.00 F1000

; Pass 0 Path 179
G0 X5.58 Y17.92
G1 X4.58 Y17.92 S300.00 F1000

; Pass 0 Path 180
G0 X4.58 Y18.02
G1 X5.58 Y18.02 S300.00 F1000

; Pass 0 Path 181
G0 X5.58 Y18.12
G1 X4.58 Y18.12 S300.00 F1000

; Pass 0 Path 182
G0 X4.58 Y18.22
G1 X5.58 Y18.22 S300.00 F1000

; Pass 0 Path 183
G0 X5.58 Y18.32
G1 X4.58 Y18.32 S300.00 F1000

; Pass 0 Path 184
G0 X4.58 Y18.42
G1 X5.58 Y18.42 S300.00 F1000

; Pass 0 Path 185
G0 X5.58 Y18.52
G1 X4.58 Y18.52 S300.00 F1000

; Pass 0 Path 186
G0 X4.58 Y18.62
G1 X5.58 Y18.62 S300.00 F1000

; Pass 0 Path 187
G0 X5.58 Y18.72
G1 X4.58 Y18.72 S300.00 F1000

; Pass 0 Path 188
G0 X4.58 Y18.82
G1 X5.58 Y18.82 S300.00 F1000

; Pass 0 Path 189
G0 X5.58 Y18.92
G1 X4.58 Y18.92 S300.00 F1000

; Pass 0 Path 190
G0 X4.58 Y19.02
G1 X5.58 Y19.02 S300.00 F1000

; Pass 0 Path 191
G0 X5.58 Y19.12
G1 X4.58 Y19.12 S300.00 F1000

; Pass 0 Path 192
G0 X4.58 Y19.22
G1 X5.58 Y19.22 S300.00 F1000

; Pass 0 Path 193
G0 X5.58 Y19.32
G1 X4.58 Y19.32 S300.00 F1000

; Pass 0 Path 194
G0 X4.58 Y19.42
G1 X5.58 Y19.42 S300.00 F1000

; Pass 0 Path 195
G0 X5.58 Y19.52
G1 X4.58 Y19.52 S300.00 F1000

; Pass 0 Path 196
G0 X4.58 Y19.62
G1 X5.58 Y19.62 S300.00 F1000

; Pass 0 Path 197
G0 X5.58 Y19.72
G1 X4.58 Y19.72 S300.00 F1000

; Pass 0 Path 198
G0 X4.58 Y19.82
G1 X5.58 Y19.82 S300.00 F1000

; Pass 0 Path 199
G0 X5.58 Y19.92
G1 X4.58 Y19.92 S300.00 F1000

; Pass 0 Path 200
G0 X4.58 Y20.02
G1 X5.58 Y20.02 S300.00 F1000

; Pass 0 Path 201
G0 X5.58 Y20.12
G1 X4.58 Y20.12 S300.00 F1000

; Pass 0 Path 202
G0 X4.58 Y20.22
G1 X5.58 Y20.22 S300.00 F1000

; Pass 0 Path 203
G0 X5.58 Y20.32
G1 X4.58 Y20.32 S300.00 F1000

; Pass 0 Path 204
G0 X4.58 Y20.42
G1 X5.58 Y20.42 S300.00 F1000

; Pass 0 Path 205
G0 X5.58 Y20.52
G1 X4.58 Y20.52 S300.00 F1000

; Pass 0 Path 206
G0 X4.58 Y20.62
G1 X5.58 Y20.62 S300.00 F1000

; Pass 0 Path 207
G0 X5.58 Y20.72
G1 X4.58 Y20.72 S300.00 F1000

; Pass 0 Path 208
G0 X4.58 Y20.82
G1 X5.59 Y20.82 S300.00 F1000

; Pass 0 Path 209
G0 X5.59 Y20.92
G1 X4.59 Y20.92 S300.00 F1000

; Pass 0 Path 210
G0 X4.60 Y21.02
G1 X5.61 Y21.02 S300.00 F1000

; Pass 0 Path 211
G0 X5.63 Y21.12
G1 X4.61 Y21.12 S300.00 F1000

; Pass 0 Path 212
G0 X4.63 Y21.22
G1 X5.65 Y21.22 S300.00 F1000

; Pass 0 Path 213
G0 X5.68 Y21.32
G1 X4.65 Y21.32 S300.00 F1000

; Pass 0 Path 214
G0 X4.67 Y21.42
G1 X5.71 Y21.42 S300.00 F1000

; Pass 0 Path 215
G0 X5.75 Y21.52
G1 X4.70 Y21.52 S300.00 F1000

; Pass 0 Path 216
G0 X4.73 Y21.62
G1 X5.79 Y21.62 S300.00 F1000

; Pass 0 Path 217
G0 X5.84 Y21.72
G1 X4.76 Y21.72 S300.00 F1000

; Pass 0 Path 218
G0 X4.80 Y21.82
G1 X5.90 Y21.82 S300.00 F1000

; Pass 0 Path 219
G0 X5.97 Y21.92
G1 X4.84 Y21.92 S300.00 F1000

; Pass 0 Path 220
G0 X4.88 Y22.02
G1 X6.04 Y22.02 S300.00 F1000

; Pass 0 Path 221
G0 X6.12 Y22.12
G1 X4.93 Y22.12 S300.00 F1000

; Pass 0 Path 222
G0 X4.99 Y22.22
G1 X6.22 Y22.22 S300.00 F1000

; Pass 0 Path 223
G0 X6.32 Y22.32
G1 X5.04 Y22.32 S300.00 F1000

; Pass 0 Path 224
G0 X5.11 Y22.42
G1 X6.45 Y22.42 S300.00 F1000

; Pass 0 Path 225
G0 X6.59 Y22.52
G1 X5.18 Y22.52 S300.00 F1000

; Pass 0 Path 226
G0 X5.25 Y22.62
G1 X6.76 Y22.62 S300.00 F1000

; Pass 0 Path 227
G0 X6.99 Y22.72
G1 X5.33 Y22.72 S300.00 F1000

; Pass 0 Path 228
G0 X5.42 Y22.82
G1 X7.34 Y22.82 S300.00 F1000

; Pass 0 Path 229
G0 X7.26 Y23.82
G1 X25.76 Y23.82 S300.00 F1000

; Pass 0 Path 230
G0 X26.19 Y23.72
G1 X6.83 Y23.72 S300.00 F1000

; Pass 0 Path 231
G0 X6.56 Y23.62
G1 X26.46 Y23.62 S300.00 F1000

; Pass 0 Path 232
G0 X26.68 Y23.52
G1 X6.34 Y23.52 S300.00 F1000

; Pass 0 Path 233
G0 X6.16 Y23.42
G1 X26.86 Y23.42 S300.00 F1000

; Pass 0 Path 234
G0 X27.02 Y23.32
G1 X6.00 Y23.32 S300.00 F1000

; Pass 0 Path 235
G0 X5.86 Y23.22
G1 X27.16 Y23.22 S300.00 F1000

; Pass 0 Path 236
G0 X27.29 Y23.12
G1 X5.73 Y23.12 S300.00 F1000

; Pass 0 Path 237
G0 X5.62 Y23.02
G1 X27.40 Y23.02 S300.00 F1000

; Pass 0 Path 238
G0 X27.51 Y22.92
G1 X5.51 Y22.92 S300.00 F1000

; Pass 0 Path 239
G0 X6.96 Y29.32
G1 X26.06 Y29.32 S300.00 F1000

; Pass 0 Path 240
G0 X26.37 Y29.42
G1 X6.65 Y29.42 S300.00 F1000

; Pass 0 Path 241
G0 X6.41 Y29.52
G1 X26.61 Y29.52 S300.00 F1000

; Pass 0 Path 242
G0 X26.80 Y29.62
G1 X6.22 Y29.62 S300.00 F1000

; Pass 0 Path 243
G0 X6.05 Y29.72
G1 X26.97 Y29.72 S300.00 F1000

; Pass 0 Path 244
G0 X27.11 Y29.82
G1 X5.91 Y29.82 S300.00 F1000

; Pass 0 Path 245
G0 X5.78 Y29.92
G1 X27.24 Y29.92 S300.00 F1000

; Pass 0 Path 246
G0 X27.36 Y30.02
G1 X5.66 Y30.02 S300.00 F1000

; Pass 0 Path 247
G0 X5.55 Y30.12
G1 X27.47 Y30.12 S300.00 F1000

; Pass 0 Path 248
G0 X27.57 Y30.22
G1 X25.43 Y30.22 S300.00 F1000

; Pass 0 Path 249
G0 X25.93 Y30.32
G1 X27.66 Y30.32 S300.00 F1000

; Pass 0 Path 250
G0 X27.74 Y30.42
G1 X26.18 Y30.42 S300.00 F1000

; Pass 0 Path 251
G0 X26.37 Y30.52
G1 X27.82 Y30.52 S300.00 F1000

; Pass 0 Path 252
G0 X27.89 Y30.62
G1 X26.53 Y30.62 S300.00 F1000

; Pass 0 Path 253
G0 X26.65 Y30.72
G1 X27.95 Y30.72 S300.00 F1000

; Pass 0 Path 254
G0 X28.01 Y30.82
G1 X26.77 Y30.82 S300.00 F1000

; Pass 0 Path 255
G0 X26.86 Y30.92
G1 X28.07 Y30.92 S300.00 F1000

; Pass 0 Path 256
G0 X28.12 Y31.02
G1 X26.95 Y31.02 S300.00 F1000

; Pass 0 Path 257
G0 X27.03 Y31.12
G1 X28.17 Y31.12 S300.00 F1000

; Pass 0 Path 258
G0 X28.21 Y31.22
G1 X27.09 Y31.22 S300.00 F1000

; Pass 0 Path 259
G0 X27.16 Y31.32
G1 X28.25 Y31.32 S300.00 F1000

; Pass 0 Path 260
G0 X28.28 Y31.42
G1 X27.21 Y31.42 S300.00 F1000

; Pass 0 Path 261
G0 X27.25 Y31.52
G1 X28.31 Y31.52 S300.00 F1000

; Pass 0 Path 262
G0 X28.34 Y31.62
G1 X27.30 Y31.62 S300.00 F1000

; Pass 0 Path 263
G0 X27.33 Y31.72
G1 X28.36 Y31.72 S300.00 F1000

; Pass 0 Path 264
G0 X28.38 Y31.82
G1 X27.36 Y31.82 S300.00 F1000

; Pass 0 Path 265
G0 X27.39 Y31.92
G1 X28.40 Y31.92 S300.00 F1000

; Pass 0 Path 266
G0 X28.42 Y32.02
G1 X27.41 Y32.02 S300.00 F1000

; Pass 0 Path 267
G0 X27.42 Y32.12
G1 X28.43 Y32.12 S300.00 F1000

; Pass 0 Path 268
G0 X28.43 Y32.22
G1 X27.43 Y32.22 S300.00 F1000

; Pass 0 Path 269
G0 X27.44 Y32.32
G1 X28.44 Y32.32 S300.00 F1000

; Pass 0 Path 270
G0 X28.44 Y32.42
G1 X27.44 Y32.42 S300.00 F1000

; Pass 0 Path 271
G0 X27.44 Y32.52
G1 X28.44 Y32.52 S300.00 F1000

; Pass 0 Path 272
G0 X28.44 Y32.62
G1 X27.44 Y32.62 S300.00 F1000

; Pass 0 Path 273
G0 X27.44 Y32.72
G1 X28.44 Y32.72 S300.00 F1000

; Pass 0 Path 274
G0 X28.44 Y32.82
G1 X27.44 Y32.82 S300.00 F1000

; Pass 0 Path 275
G0 X27.44 Y32.92
G1 X28.44 Y32.92 S300.00 F1000

; Pass 0 Path 276
G0 X28.44 Y33.02
G1 X27.44 Y33.02 S300.00 F1000

; Pass 0 Path 277
G0 X27.44 Y33.12
G1 X28.44 Y33.12 S300.00 F1000

; Pass 0 Path 278
G0 X28.44 Y33.22
G1 X27.44 Y33.22 S300.00 F1000

; Pass 0 Path 279
G0 X27.44 Y33.32
G1 X28.44 Y33.32 S300.00 F1000

; Pass 0 Path 280
G0 X28.44 Y33.42
G1 X27.44 Y33.42 S300.00 F1000

; Pass 0 Path 281
G0 X27.44 Y33.52
G1 X28.44 Y33.52 S300.00 F1000

; Pass 0 Path 282
G0 X28.44 Y33.62
G1 X27.44 Y33.62 S300.00 F1000

; Pass 0 Path 283
G0 X27.44 Y33.72
G1 X28.44 Y33.72 S300.00 F1000

; Pass 0 Path 284
G0 X28.44 Y33.82
G1 X27.44 Y33.82 S300.00 F1000

; Pass 0 Path 285
G0 X27.44 Y33.92
G1 X28.44 Y33.92 S300.00 F1000

; Pass 0 Path 286
G0 X28.44 Y34.02
G1 X27.44 Y34.02 S300.00 F1000

; Pass 0 Path 287
G0 X27.44 Y34.12
G1 X28.44 Y34.12 S300.00 F1000

; Pass 0 Path 288
G0 X28.44 Y34.22
G1 X27.44 Y34.22 S300.00 F1000

; Pass 0 Path 289
G0 X27.44 Y34.32
G1 X28.44 Y34.32 S300.00 F1000

; Pass 0 Path 290
G0 X28.44 Y34.42
G1 X27.44 Y34.42 S300.00 F1000

; Pass 0 Path 291
G0 X27.44 Y34.52
G1 X28.44 Y34.52 S300.00 F1000

; Pass 0 Path 292
G0 X28.44 Y34.62
G1 X27.44 Y34.62 S300.00 F1000

; Pass 0 Path 293
G0 X27.44 Y34.72
G1 X28.44 Y34.72 S300.00 F1000

; Pass 0 Path 294
G0 X28.44 Y34.82
G1 X27.44 Y34.82 S300.00 F1000

; Pass 0 Path 295
G0 X27.44 Y34.92
G1 X28.44 Y34.92 S300.00 F1000

; Pass 0 Path 296
G0 X28.44 Y35.02
G1 X27.44 Y35.02 S300.00 F1000

; Pass 0 Path 297
G0 X27.44 Y35.12
G1 X28.44 Y35.12 S300.00 F1000

; Pass 0 Path 298
G0 X28.44 Y35.22
G1 X27.44 Y35.22 S300.00 F1000

; Pass 0 Path 299
G0 X27.44 Y35.32
G1 X28.44 Y35.32 S300.00 F1000

; Pass 0 Path 300
G0 X28.44 Y35.42
G1 X27.44 Y35.42 S300.00 F1000

; Pass 0 Path 301
G0 X27.44 Y35.52
G1 X28.44 Y35.52 S300.00 F1000

; Pass 0 Path 302
G0 X28.44 Y35.62
G1 X27.44 Y35.62 S300.00 F1000

; Pass 0 Path 303
G0 X27.44 Y35.72
G1 X28.44 Y35.72 S300.00 F1000

; Pass 0 Path 304
G0 X28.44 Y35.82
G1 X27.44 Y35.82 S300.00 F1000

; Pass 0 Path 305
G0 X27.44 Y35.92
G1 X28.44 Y35.92 S300.00 F1000

; Pass 0 Path 306
G0 X28.44 Y36.02
G1 X27.44 Y36.02 S300.00 F1000

; Pass 0 Path 307
G0 X27.44 Y36.12
G1 X28.44 Y36.12 S300.00 F1000

; Pass 0 Path 308
G0 X28.44 Y36.22
G1 X27.44 Y36.22 S300.00 F1000

; Pass 0 Path 309
G0 X27.44 Y36.32
G1 X28.44 Y36.32 S300.00 F1000

; Pass 0 Path 310
G0 X28.44 Y36.42
G1 X27.44 Y36.42 S300.00 F1000

; Pass 0 Path 311
G0 X27.44 Y36.52
G1 X28.44 Y36.52 S300.00 F1000

; Pass 0 Path 312
G0 X28.44 Y36.62
G1 X27.44 Y36.62 S300.00 F1000

; Pass 0 Path 313
G0 X27.44 Y36.72
G1 X28.44 Y36.72 S300.00 F1000

; Pass 0 Path 314
G0 X28.44 Y36.82
G1 X27.44 Y36.82 S300.00 F1000

; Pass 0 Path 315
G0 X27.44 Y36.92
G1 X28.44 Y36.92 S300.00 F1000

; Pass 0 Path 316
G0 X28.44 Y37.02
G1 X27.44 Y37.02 S300.00 F1000

; Pass 0 Path 317
G0 X27.44 Y37.12
G1 X28.44 Y37.12 S300.00 F1000

; Pass 0 Path 318
G0 X28.44 Y37.22
G1 X27.44 Y37.22 S300.00 F1000

; Pass 0 Path 319
G0 X27.44 Y37.32
G1 X28.44 Y37.32 S300.00 F1000

; Pass 0 Path 320
G0 X28.44 Y37.42
G1 X27.44 Y37.42 S300.00 F1000

; Pass 0 Path 321
G0 X27.44 Y37.52
G1 X28.44 Y37.52 S300.00 F1000

; Pass 0 Path 322
G0 X28.44 Y37.62
G1 X27.44 Y37.62 S300.00 F1000

; Pass 0 Path 323
G0 X27.44 Y37.72
G1 X28.44 Y37.72 S300.00 F1000

; Pass 0 Path 324
G0 X28.44 Y37.82
G1 X27.44 Y37.82 S300.00 F1000

; Pass 0 Path 325
G0 X27.44 Y37.92
G1 X28.44 Y37.92 S300.00 F1000

; Pass 0 Path 326
G0 X28.44 Y38.02
G1 X27.44 Y38.02 S300.00 F1000

; Pass 0 Path 327
G0 X27.44 Y38.12
G1 X28.44 Y38.12 S300.00 F1000

; Pass 0 Path 328
G0 X28.44 Y38.22
G1 X27.44 Y38.22 S300.00 F1000

; Pass 0 Path 329
G0 X27.44 Y38.32
G1 X28.44 Y38.32 S300.00 F1000

; Pass 0 Path 330
G0 X28.44 Y38.42
G1 X27.44 Y38.42 S300.00 F1000

; Pass 0 Path 331
G0 X27.44 Y38.52
G1 X28.44 Y38.52 S300.00 F1000

; Pass 0 Path 332
G0 X28.44 Y38.62
G1 X27.44 Y38.62 S300.00 F1000

; Pass 0 Path 333
G0 X27.44 Y38.72
G1 X28.44 Y38.72 S300.00 F1000

; Pass 0 Path 334
G0 X28.44 Y38.82
G1 X27.44 Y38.82 S300.00 F1000

; Pass 0 Path 335
G0 X27.44 Y38.92
G1 X28.44 Y38.92 S300.00 F1000

; Pass 0 Path 336
G0 X28.44 Y39.02
G1 X27.44 Y39.02 S300.00 F1000

; Pass 0 Path 337
G0 X27.44 Y39.12
G1 X28.44 Y39.12 S300.00 F1000

; Pass 0 Path 338
G0 X28.44 Y39.22
G1 X27.44 Y39.22 S300.00 F1000

; Pass 0 Path 339
G0 X27.44 Y39.32
G1 X28.44 Y39.32 S300.00 F1000

; Pass 0 Path 340
G0 X28.44 Y39.42
G1 X27.44 Y39.42 S300.00 F1000

; Pass 0 Path 341
G0 X27.44 Y39.52
G1 X28.44 Y39.52 S300.00 F1000

; Pass 0 Path 342
G0 X28.44 Y39.62
G1 X27.44 Y39.62 S300.00 F1000

; Pass 0 Path 343
G0 X27.44 Y39.72
G1 X28.44 Y39.72 S300.00 F1000

; Pass 0 Path 344
G0 X28.44 Y39.82
G1 X27.44 Y39.82 S300.00 F1000

; Pass 0 Path 345
G0 X27.44 Y39.92
G1 X28.44 Y39.92 S300.00 F1000

; Pass 0 Path 346
G0 X28.44 Y40.02
G1 X27.44 Y40.02 S300.00 F1000

; Pass 0 Path 347
G0 X27.44 Y40.12
G1 X28.44 Y40.12 S300.00 F1000

; Pass 0 Path 348
G0 X28.44 Y40.22
G1 X27.44 Y40.22 S300.00 F1000

; Pass 0 Path 349
G0 X27.44 Y40.32
G1 X28.44 Y40.32 S300.00 F1000

; Pass 0 Path 350
G0 X28.44 Y40.42
G1 X27.44 Y40.42 S300.00 F1000

; Pass 0 Path 351
G0 X27.44 Y40.52
G1 X28.44 Y40.52 S300.00 F1000

; Pass 0 Path 352
G0 X28.44 Y40.62
G1 X27.44 Y40.62 S300.00 F1000

; Pass 0 Path 353
G0 X27.44 Y40.72
G1 X28.44 Y40.72 S300.00 F1000

; Pass 0 Path 354
G0 X28.44 Y40.82
G1 X27.44 Y40.82 S300.00 F1000

; Pass 0 Path 355
G0 X27.44 Y40.92
G1 X28.44 Y40.92 S300.00 F1000

; Pass 0 Path 356
G0 X28.44 Y41.02
G1 X27.44 Y41.02 S300.00 F1000

; Pass 0 Path 357
G0 X27.44 Y41.12
G1 X28.44 Y41.12 S300.00 F1000

; Pass 0 Path 358
G0 X28.44 Y41.22
G1 X27.44 Y41.22 S300.00 F1000

; Pass 0 Path 359
G0 X27.44 Y41.32
G1 X28.44 Y41.32 S300.00 F1000

; Pass 0 Path 360
G0 X28.44 Y41.42
G1 X27.44 Y41.42 S300.00 F1000

; Pass 0 Path 361
G0 X27.44 Y41.52
G1 X28.44 Y41.52 S300.00 F1000

; Pass 0 Path 362
G0 X28.44 Y41.62
G1 X27.44 Y41.62 S300.00 F1000

; Pass 0 Path 363
G0 X27.44 Y41.72
G1 X28.44 Y41.72 S300.00 F1000

; Pass 0 Path 364
G0 X28.44 Y41.82
G1 X27.44 Y41.82 S300.00 F1000

; Pass 0 Path 365
G0 X27.44 Y41.92
G1 X28.44 Y41.92 S300.00 F1000

; Pass 0 Path 366
G0 X28.44 Y42.02
G1 X27.44 Y42.02 S300.00 F1000

; Pass 0 Path 367
G0 X27.44 Y42.12
G1 X28.44 Y42.12 S300.00 F1000

; Pass 0 Path 368
G0 X28.44 Y42.22
G1 X27.44 Y42.22 S300.00 F1000

; Pass 0 Path 369
G0 X27.44 Y42.32
G1 X28.44 Y42.32 S300.00 F1000

; Pass 0 Path 370
G0 X28.44 Y42.42
G1 X27.44 Y42.42 S300.00 F1000

; Pass 0 Path 371
G0 X27.44 Y42.52
G1 X28.44 Y42.52 S300.00 F1000

; Pass 0 Path 372
G0 X28.44 Y42.62
G1 X27.44 Y42.62 S300.00 F1000

; Pass 0 Path 373
G0 X27.44 Y42.72
G1 X28.44 Y42.72 S300.00 F1000

; Pass 0 Path 374
G0 X28.44 Y42.82
G1 X27.44 Y42.82 S300.00 F1000

; Pass 0 Path 375
G0 X27.44 Y42.92
G1 X28.44 Y42.92 S300.00 F1000

; Pass 0 Path 376
G0 X28.44 Y43.02
G1 X27.44 Y43.02 S300.00 F1000

; Pass 0 Path 377
G0 X27.44 Y43.12
G1 X28.44 Y43.12 S300.00 F1000

; Pass 0 Path 378
G0 X28.44 Y43.22
G1 X27.44 Y43.22 S300.00 F1000

; Pass 0 Path 379
G0 X27.44 Y43.32
G1 X28.44 Y43.32 S300.00 F1000

; Pass 0 Path 380
G0 X28.44 Y43.42
G1 X27.44 Y43.42 S300.00 F1000

; Pass 0 Path 381
G0 X27.44 Y43.52
G1 X28.44 Y43.52 S300.00 F1000

; Pass 0 Path 382
G0 X28.44 Y43.62
G1 X27.44 Y43.62 S300.00 F1000

; Pass 0 Path 383
G0 X27.44 Y43.72
G1 X28.44 Y43.72 S300.00 F1000

; Pass 0 Path 384
G0 X28.44 Y43.82
G1 X27.44 Y43.82 S300.00 F1000

; Pass 0 Path 385
G0 X27.44 Y43.92
G1 X28.44 Y43.92 S300.00 F1000

; Pass 0 Path 386
G0 X28.44 Y44.02
G1 X27.44 Y44.02 S300.00 F1000

; Pass 0 Path 387
G0 X27.44 Y44.12
G1 X28.44 Y44.12 S300.00 F1000

; Pass 0 Path 388
G0 X28.44 Y44.22
G1 X27.44 Y44.22 S300.00 F1000

; Pass 0 Path 389
G0 X27.44 Y44.32
G1 X28.44 Y44.32 S300.00 F1000

; Pass 0 Path 390
G0 X28.44 Y44.42
G1 X27.44 Y44.42 S300.00 F1000

; Pass 0 Path 391
G0 X27.44 Y44.52
G1 X28.44 Y44.52 S300.00 F1000

; Pass 0 Path 392
G0 X28.44 Y44.62
G1 X27.44 Y44.62 S300.00 F1000

; Pass 0 Path 393
G0 X27.44 Y44.72
G1 X28.44 Y44.72 S300.00 F1000

; Pass 0 Path 394
G0 X28.44 Y44.82
G1 X27.44 Y44.82 S300.00 F1000

; Pass 0 Path 395
G0 X27.44 Y44.92
G1 X28.44 Y44.92 S300.00 F1000

; Pass 0 Path 396
G0 X28.44 Y45.02
G1 X27.44 Y45.02 S300.00 F1000

; Pass 0 Path 397
G0 X27.44 Y45.12
G1 X28.44 Y45.12 S300.00 F1000

; Pass 0 Path 398
G0 X28.44 Y45.22
G1 X27.44 Y45.22 S300.00 F1000

; Pass 0 Path 399
G0 X27.44 Y45.32
G1 X28.44 Y45.32 S300.00 F1000

; Pass 0 Path 400
G0 X28.44 Y45.42
G1 X27.44 Y45.42 S300.00 F1000

; Pass 0 Path 401
G0 X27.44 Y45.52
G1 X28.44 Y45.52 S300.00 F1000

; Pass 0 Path 402
G0 X28.44 Y45.62
G1 X27.44 Y45.62 S300.00 F1000

; Pass 0 Path 403
G0 X27.44 Y45.72
G1 X28.44 Y45.72 S300.00 F1000

; Pass 0 Path 404
G0 X28.44 Y45.82
G1 X27.44 Y45.82 S300.00 F1000

; Pass 0 Path 405
G0 X27.44 Y45.92
G1 X28.44 Y45.92 S300.00 F1000

; Pass 0 Path 406
G0 X28.44 Y46.02
G1 X27.44 Y46.02 S300.00 F1000

; Pass 0 Path 407
G0 X27.44 Y46.12
G1 X28.44 Y46.12 S300.00 F1000

; Pass 0 Path 408
G0 X28.44 Y46.22
G1 X27.44 Y46.22 S300.00 F1000

; Pass 0 Path 409
G0 X27.44 Y46.32
G1 X28.44 Y46.32 S300.00 F1000

; Pass 0 Path 410
G0 X28.44 Y46.42
G1 X27.44 Y46.42 S300.00 F1000

; Pass 0 Path 411
G0 X27.44 Y46.52
G1 X28.44 Y46.52 S300.00 F1000

; Pass 0 Path 412
G0 X28.44 Y46.62
G1 X27.44 Y46.62 S300.00 F1000

; Pass 0 Path 413
G0 X27.44 Y46.72
G1 X28.44 Y46.72 S300.00 F1000

; Pass 0 Path 414
G0 X28.44 Y46.82
G1 X27.44 Y46.82 S300.00 F1000

; Pass 0 Path 415
G0 X27.44 Y46.92
G1 X28.44 Y46.92 S300.00 F1000

; Pass 0 Path 416
G0 X28.44 Y47.02
G1 X27.44 Y47.02 S300.00 F1000

; Pass 0 Path 417
G0 X27.44 Y47.12
G1 X28.44 Y47.12 S300.00 F1000

; Pass 0 Path 418
G0 X28.44 Y47.22
G1 X27.44 Y47.22 S300.00 F1000

; Pass 0 Path 419
G0 X27.44 Y47.32
G1 X28.44 Y47.32 S300.00 F1000

; Pass 0 Path 420
G0 X28.44 Y47.42
G1 X27.44 Y47.42 S300.00 F1000

; Pass 0 Path 421
G0 X27.44 Y47.52
G1 X28.44 Y47.52 S300.00 F1000

; Pass 0 Path 422
G0 X28.44 Y47.62
G1 X27.44 Y47.62 S300.00 F1000

; Pass 0 Path 423
G0 X27.44 Y47.72
G1 X28.44 Y47.72 S300.00 F1000

; Pass 0 Path 424
G0 X28.44 Y47.82
G1 X27.44 Y47.82 S300.00 F1000

; Pass 0 Path 425
G0 X27.44 Y47.92
G1 X28.44 Y47.92 S300.00 F1000

; Pass 0 Path 426
G0 X28.44 Y48.02
G1 X27.44 Y48.02 S300.00 F1000

; Pass 0 Path 427
G0 X27.44 Y48.12
G1 X28.44 Y48.12 S300.00 F1000

; Pass 0 Path 428
G0 X28.44 Y48.22
G1 X27.44 Y48.22 S300.00 F1000

; Pass 0 Path 429
G0 X27.44 Y48.32
G1 X28.44 Y48.32 S300.00 F1000

; Pass 0 Path 430
G0 X28.44 Y48.42
G1 X27.44 Y48.42 S300.00 F1000

; Pass 0 Path 431
G0 X27.44 Y48.52
G1 X28.44 Y48.52 S300.00 F1000

; Pass 0 Path 432
G0 X28.44 Y48.62
G1 X27.44 Y48.62 S300.00 F1000

; Pass 0 Path 433
G0 X27.44 Y48.72
G1 X28.44 Y48.72 S300.00 F1000

; Pass 0 Path 434
G0 X28.44 Y48.82
G1 X27.44 Y48.82 S300.00 F1000

; Pass 0 Path 435
G0 X27.44 Y48.92
G1 X28.44 Y48.92 S300.00 F1000

; Pass 0 Path 436
G0 X28.44 Y49.02
G1 X27.44 Y49.02 S300.00 F1000

; Pass 0 Path 437
G0 X27.44 Y49.12
G1 X28.44 Y49.12 S300.00 F1000

; Pass 0 Path 438
G0 X28.44 Y49.22
G1 X27.44 Y49.22 S300.00 F1000

; Pass 0 Path 439
G0 X27.44 Y49.32
G1 X28.44 Y49.32 S300.00 F1000

; Pass 0 Path 440
G0 X28.44 Y49.42
G1 X27.44 Y49.42 S300.00 F1000

; Pass 0 Path 441
G0 X27.44 Y49.52
G1 X28.44 Y49.52 S300.00 F1000

; Pass 0 Path 442
G0 X28.44 Y49.62
G1 X27.44 Y49.62 S300.00 F1000

; Pass 0 Path 443
G0 X27.44 Y49.72
G1 X28.44 Y49.72 S300.00 F1000

; Pass 0 Path 444
G0 X28.44 Y49.82
G1 X27.44 Y49.82 S300.00 F1000

; Pass 0 Path 445
G0 X27.44 Y49.92
G1 X28.44 Y49.92 S300.00 F1000

; Pass 0 Path 446
G0 X28.44 Y50.02
G1 X27.43 Y50.02 S300.00 F1000

; Pass 0 Path 447
G0 X27.43 Y50.12
G1 X28.43 Y50.12 S300.00 F1000

; Pass 0 Path 448
G0 X28.42 Y50.22
G1 X27.41 Y50.22 S300.00 F1000

; Pass 0 Path 449
G0 X27.40 Y50.32
G1 X28.41 Y50.32 S300.00 F1000

; Pass 0 Path 450
G0 X28.39 Y50.42
G1 X27.37 Y50.42 S300.00 F1000

; Pass 0 Path 451
G0 X27.35 Y50.52
G1 X28.37 Y50.52 S300.00 F1000

; Pass 0 Path 452
G0 X28.35 Y50.62
G1 X27.31 Y50.62 S300.00 F1000

; Pass 0 Path 453
G0 X27.27 Y50.72
G1 X28.33 Y50.72 S300.00 F1000

; Pass 0 Path 454
G0 X28.30 Y50.82
G1 X27.23 Y50.82 S300.00 F1000

; Pass 0 Path 455
G0 X27.18 Y50.92
G1 X28.26 Y50.92 S300.00 F1000

; Pass 0 Path 456
G0 X28.23 Y51.02
G1 X27.12 Y51.02 S300.00 F1000

; Pass 0 Path 457
G0 X27.06 Y51.12
G1 X28.19 Y51.12 S300.00 F1000

; Pass 0 Path 458
G0 X28.14 Y51.22
G1 X26.99 Y51.22 S300.00 F1000

; Pass 0 Path 459
G0 X26.91 Y51.32
G1 X28.09 Y51.32 S300.00 F1000

; Pass 0 Path 460
G0 X28.04 Y51.42
G1 X26.81 Y51.42 S300.00 F1000

; Pass 0 Path 461
G0 X26.71 Y51.52
G1 X27.98 Y51.52 S300.00 F1000

; Pass 0 Path 462
G0 X27.92 Y51.62
G1 X26.59 Y51.62 S300.00 F1000

; Pass 0 Path 463
G0 X26.45 Y51.72
G1 X27.85 Y51.72 S300.00 F1000

; Pass 0 Path 464
G0 X27.78 Y51.82
G1 X26.28 Y51.82 S300.00 F1000

; Pass 0 Path 465
G0 X26.06 Y51.92
G1 X27.70 Y51.92 S300.00 F1000

; Pass 0 Path 466
G0 X27.61 Y52.02
G1 X25.73 Y52.02 S300.00 F1000

; Pass 0 Path 467
G0 X25.83 Y53.02
G1 X7.19 Y53.02 S300.00 F1000

; Pass 0 Path 468
G0 X6.80 Y52.92
G1 X26.22 Y52.92 S300.00 F1000

; Pass 0 Path 469
G0 X26.49 Y52.82
G1 X6.53 Y52.82 S300.00 F1000

; Pass 0 Path 470
G0 X6.32 Y52.72
G1 X26.70 Y52.72 S300.00 F1000

; Pass 0 Path 471
G0 X26.88 Y52.62
G1 X6.14 Y52.62 S300.00 F1000

; Pass 0 Path 472
G0 X5.98 Y52.52
G1 X27.04 Y52.52 S300.00 F1000

; Pass 0 Path 473
G0 X27.18 Y52.42
G1 X5.84 Y52.42 S300.00 F1000

; Pass 0 Path 474
G0 X5.72 Y52.32
G1 X27.30 Y52.32 S300.00 F1000

; Pass 0 Path 475
G0 X27.41 Y52.22
G1 X5.61 Y52.22 S300.00 F1000

; Pass 0 Path 476
G0 X5.50 Y52.12
G1 X27.52 Y52.12 S300.00 F1000

; Pass 0 Path 477
G0 X32.52 Y52.12
G1 X33.52 Y52.12 S300.00 F1000

; Pass 0 Path 478
G0 X33.52 Y52.02
G1 X32.52 Y52.02 S300.00 F1000

; Pass 0 Path 479
G0 X32.52 Y51.92
G1 X33.52 Y51.92 S300.00 F1000

; Pass 0 Path 480
G0 X33.52 Y51.82
G1 X32.52 Y51.82 S300.00 F1000

; Pass 0 Path 481
G0 X32.52 Y51.72
G1 X33.52 Y51.72 S300.00 F1000

; Pass 0 Path 482
G0 X33.52 Y51.62
G1 X32.52 Y51.62 S300.00 F1000

; Pass 0 Path 483
G0 X32.52 Y51.52
G1 X33.52 Y51.52 S300.00 F1000

; Pass 0 Path 484
G0 X33.52 Y51.42
G1 X32.52 Y51.42 S300.00 F1000

; Pass 0 Path 485
G0 X32.52 Y51.32
G1 X33.52 Y51.32 S300.00 F1000

; Pass 0 Path 486
G0 X33.52 Y51.22
G1 X32.52 Y51.22 S300.00 F1000

; Pass 0 Path 487
G0 X32.52 Y51.12
G1 X33.52 Y51.12 S300.00 F1000

; Pass 0 Path 488
G0 X33.52 Y51.02
G1 X32.52 Y51.02 S300.00 F1000

; Pass 0 Path 489
G0 X32.52 Y50.92
G1 X33.52 Y50.92 S300.00 F1000

; Pass 0 Path 490
G0 X33.52 Y50.82
G1 X32.52 Y50.82 S300.00 F1000

; Pass 0 Path 491
G0 X32.52 Y50.72
G1 X33.52 Y50.72 S300.00 F1000

; Pass 0 Path 492
G0 X33.52 Y50.62
G1 X32.52 Y50.62 S300.00 F1000

; Pass 0 Path 493
G0 X32.52 Y50.52
G1 X33.52 Y50.52 S300.00 F1000

; Pass 0 Path 494
G0 X33.52 Y50.42
G1 X32.52 Y50.42 S300.00 F1000

; Pass 0 Path 495
G0 X32.52 Y50.32
G1 X33.52 Y50.32 S300.00 F1000

; Pass 0 Path 496
G0 X33.52 Y50.22
G1 X32.52 Y50.22 S300.00 F1000

; Pass 0 Path 497
G0 X32.52 Y50.12
G1 X33.52 Y50.12 S300.00 F1000

; Pass 0 Path 498
G0 X33.52 Y50.02
G1 X32.52 Y50.02 S300.00 F1000

; Pass 0 Path 499
G0 X32.52 Y49.92
G1 X33.52 Y49.92 S300.00 F1000

; Pass 0 Path 500
G0 X33.52 Y49.82
G1 X32.52 Y49.82 S300.00 F1000

; Pass 0 Path 501
G0 X32.52 Y49.72
G1 X33.52 Y49.72 S300.00 F1000

; Pass 0 Path 502
G0 X33.52 Y49.62
G1 X32.52 Y49.62 S300.00 F1000

; Pass 0 Path 503
G0 X32.52 Y49.52
G1 X33.52 Y49.52 S300.00 F1000

; Pass 0 Path 504
G0 X33.52 Y49.42
G1 X32.52 Y49.42 S300.00 F1000

; Pass 0 Path 505
G0 X32.52 Y49.32
G1 X33.52 Y49.32 S300.00 F1000

; Pass 0 Path 506
G0 X33.52 Y49.22
G1 X32.52 Y49.22 S300.00 F1000

; Pass 0 Path 507
G0 X32.52 Y49.12
G1 X33.52 Y49.12 S300.00 F1000

; Pass 0 Path 508
G0 X33.52 Y49.02
G1 X32.52 Y49.02 S300.00 F1000

; Pass 0 Path 509
G0 X32.52 Y48.92
G1 X33.52 Y48.92 S300.00 F1000

; Pass 0 Path 510
G0 X33.52 Y48.82
G1 X32.52 Y48.82 S300.00 F1000

; Pass 0 Path 511
G0 X32.52 Y48.72
G1 X33.52 Y48.72 S300.00 F1000

; Pass 0 Path 512
G0 X33.52 Y48.62
G1 X32.52 Y48.62 S300.00 F1000

; Pass 0 Path 513
G0 X32.52 Y48.52
G1 X33.52 Y48.52 S300.00 F1000

; Pass 0 Path 514
G0 X33.52 Y48.42
G1 X32.52 Y48.42 S300.00 F1000

; Pass 0 Path 515
G0 X32.52 Y48.32
G1 X33.52 Y48.32 S300.00 F1000

; Pass 0 Path 516
G0 X33.52 Y48.22
G1 X32.52 Y48.22 S300.00 F1000

; Pass 0 Path 517
G0 X32.52 Y48.12
G1 X33.52 Y48.12 S300.00 F1000

; Pass 0 Path 518
G0 X33.52 Y48.02
G1 X32.52 Y48.02 S300.00 F1000

; Pass 0 Path 519
G0 X32.52 Y47.92
G1 X33.52 Y47.92 S300.00 F1000

; Pass 0 Path 520
G0 X33.52 Y47.82
G1 X32.52 Y47.82 S300.00 F1000

; Pass 0 Path 521
G0 X32.52 Y47.72
G1 X33.52 Y47.72 S300.00 F1000

; Pass 0 Path 522
G0 X33.52 Y47.62
G1 X32.52 Y47.62 S300.00 F1000

; Pass 0 Path 523
G0 X32.52 Y47.52
G1 X33.52 Y47.52 S300.00 F1000

; Pass 0 Path 524
G0 X33.52 Y47.42
G1 X32.52 Y47.42 S300.00 F1000

; Pass 0 Path 525
G0 X32.52 Y47.32
G1 X33.52 Y47.32 S300.00 F1000

; Pass 0 Path 526
G0 X33.52 Y47.22
G1 X32.52 Y47.22 S300.00 F1000

; Pass 0 Path 527
G0 X32.52 Y47.12
G1 X33.52 Y47.12 S300.00 F1000

; Pass 0 Path 528
G0 X33.52 Y47.02
G1 X32.52 Y47.02 S300.00 F1000

; Pass 0 Path 529
G0 X32.52 Y46.92
G1 X33.52 Y46.92 S300.00 F1000

; Pass 0 Path 530
G0 X33.52 Y46.82
G1 X32.52 Y46.82 S300.00 F1000

; Pass 0 Path 531
G0 X32.52 Y46.72
G1 X33.52 Y46.72 S300.00 F1000

; Pass 0 Path 532
G0 X33.52 Y46.62
G1 X32.52 Y46.62 S300.00 F1000

; Pass 0 Path 533
G0 X32.52 Y46.52
G1 X33.52 Y46.52 S300.00 F1000

; Pass 0 Path 534
G0 X33.52 Y46.42
G1 X32.52 Y46.42 S300.00 F1000

; Pass 0 Path 535
G0 X32.52 Y46.32
G1 X33.52 Y46.32 S300.00 F1000

; Pass 0 Path 536
G0 X33.52 Y46.22
G1 X32.52 Y46.22 S300.00 F1000

; Pass 0 Path 537
G0 X32.52 Y46.12
G1 X33.52 Y46.12 S300.00 F1000

; Pass 0 Path 538
G0 X33.52 Y46.02
G1 X32.52 Y46.02 S300.00 F1000

; Pass 0 Path 539
G0 X32.52 Y45.92
G1 X33.52 Y45.92 S300.00 F1000

; Pass 0 Path 540
G0 X33.52 Y45.82
G1 X32.52 Y45.82 S300.00 F1000

; Pass 0 Path 541
G0 X32.52 Y45.72
G1 X33.52 Y45.72 S300.00 F1000

; Pass 0 Path 542
G0 X33.52 Y45.62
G1 X32.52 Y45.62 S300.00 F1000

; Pass 0 Path 543
G0 X32.52 Y45.52
G1 X33.52 Y45.52 S300.00 F1000

; Pass 0 Path 544
G0 X33.52 Y45.42
G1 X32.52 Y45.42 S300.00 F1000

; Pass 0 Path 545
G0 X32.52 Y45.32
G1 X33.52 Y45.32 S300.00 F1000

; Pass 0 Path 546
G0 X33.52 Y45.22
G1 X32.52 Y45.22 S300.00 F1000

; Pass 0 Path 547
G0 X32.52 Y45.12
G1 X33.52 Y45.12 S300.00 F1000

; Pass 0 Path 548
G0 X33.52 Y45.02
G1 X32.52 Y45.02 S300.00 F1000

; Pass 0 Path 549
G0 X32.52 Y44.92
G1 X33.52 Y44.92 S300.00 F1000

; Pass 0 Path 550
G0 X33.52 Y44.82
G1 X32.52 Y44.82 S300.00 F1000

; Pass 0 Path 551
G0 X32.52 Y44.72
G1 X33.52 Y44.72 S300.00 F1000

; Pass 0 Path 552
G0 X33.52 Y44.62
G1 X32.52 Y44.62 S300.00 F1000

; Pass 0 Path 553
G0 X32.52 Y44.52
G1 X33.52 Y44.52 S300.00 F1000

; Pass 0 Path 554
G0 X33.52 Y44.42
G1 X32.52 Y44.42 S300.00 F1000

; Pass 0 Path 555
G0 X32.52 Y44.32
G1 X33.52 Y44.32 S300.00 F1000

; Pass 0 Path 556
G0 X33.52 Y44.22
G1 X32.52 Y44.22 S300.00 F1000

; Pass 0 Path 557
G0 X32.52 Y44.12
G1 X33.52 Y44.12 S300.00 F1000

; Pass 0 Path 558
G0 X33.52 Y44.02
G1 X32.52 Y44.02 S300.00 F1000

; Pass 0 Path 559
G0 X32.52 Y43.92
G1 X33.52 Y43.92 S300.00 F1000

; Pass 0 Path 560
G0 X33.52 Y43.82
G1 X32.52 Y43.82 S300.00 F1000

; Pass 0 Path 561
G0 X32.52 Y43.72
G1 X33.52 Y43.72 S300.00 F1000

; Pass 0 Path 562
G0 X33.52 Y43.62
G1 X32.52 Y43.62 S300.00 F1000

; Pass 0 Path 563
G0 X32.52 Y43.52
G1 X33.53 Y43.52 S300.00 F1000

; Pass 0 Path 564
G0 X33.54 Y43.42
G1 X32.53 Y43.42 S300.00 F1000

; Pass 0 Path 565
G0 X32.54 Y43.32
G1 X33.55 Y43.32 S300.00 F1000

; Pass 0 Path 566
G0 X33.57 Y43.22
G1 X32.55 Y43.22 S300.00 F1000

; Pass 0 Path 567
G0 X32.57 Y43.12
G1 X33.60 Y43.12 S300.00 F1000

; Pass 0 Path 568
G0 X33.63 Y43.02
G1 X32.59 Y43.02 S300.00 F1000

; Pass 0 Path 569
G0 X32.62 Y42.92
G1 X33.66 Y42.92 S300.00 F1000

; Pass 0 Path 570
G0 X33.71 Y42.82
G1 X32.64 Y42.82 S300.00 F1000

; Pass 0 Path 571
G0 X32.68 Y42.72
G1 X33.75 Y42.72 S300.00 F1000

; Pass 0 Path 572
G0 X33.81 Y42.62
G1 X32.71 Y42.62 S300.00 F1000

; Pass 0 Path 573
G0 X32.75 Y42.52
G1 X33.88 Y42.52 S300.00 F1000

; Pass 0 Path 574
G0 X33.95 Y42.42
G1 X32.79 Y42.42 S300.00 F1000

; Pass 0 Path 575
G0 X32.84 Y42.32
G1 X34.03 Y42.32 S300.00 F1000

; Pass 0 Path 576
G0 X34.13 Y42.22
G1 X32.90 Y42.22 S300.00 F1000

; Pass 0 Path 577
G0 X32.95 Y42.12
G1 X34.24 Y42.12 S300.00 F1000

; Pass 0 Path 578
G0 X34.37 Y42.02
G1 X33.02 Y42.02 S300.00 F1000

; Pass 0 Path 579
G0 X33.08 Y41.92
G1 X34.52 Y41.92 S300.00 F1000

; Pass 0 Path 580
G0 X34.72 Y41.82
G1 X33.16 Y41.82 S300.00 F1000

; Pass 0 Path 581
G0 X33.24 Y41.72
G1 X34.99 Y41.72 S300.00 F1000

; Pass 0 Path 582
G0 X34.88 Y40.72
G1 X92.12 Y40.72 S300.00 F1000

; Pass 0 Path 583
G0 X92.46 Y40.82
G1 X34.54 Y40.82 S300.00 F1000

; Pass 0 Path 584
G0 X34.29 Y40.92
G1 X92.71 Y40.92 S300.00 F1000

; Pass 0 Path 585
G0 X92.91 Y41.02
G1 X34.09 Y41.02 S300.00 F1000

; Pass 0 Path 586
G0 X33.93 Y41.12
G1 X93.07 Y41.12 S300.00 F1000

; Pass 0 Path 587
G0 X93.22 Y41.22
G1 X33.78 Y41.22 S300.00 F1000

; Pass 0 Path 588
G0 X33.65 Y41.32
G1 X93.35 Y41.32 S300.00 F1000

; Pass 0 Path 589
G0 X93.47 Y41.42
G1 X33.53 Y41.42 S300.00 F1000

; Pass 0 Path 590
G0 X33.43 Y41.52
G1 X93.57 Y41.52 S300.00 F1000

; Pass 0 Path 591
G0 X93.67 Y41.62
G1 X33.33 Y41.62 S300.00 F1000

; Pass 0 Path 592
G0 X34.64 Y36.42
G1 X92.36 Y36.42 S300.00 F1000

; Pass 0 Path 593
G0 X92.63 Y36.32
G1 X34.37 Y36.32 S300.00 F1000

; Pass 0 Path 594
G0 X34.16 Y36.22
G1 X92.84 Y36.22 S300.00 F1000

; Pass 0 Path 595
G0 X93.02 Y36.12
G1 X33.98 Y36.12 S300.00 F1000

; Pass 0 Path 596
G0 X33.83 Y36.02
G1 X93.17 Y36.02 S300.00 F1000

; Pass 0 Path 597
G0 X93.31 Y35.92
G1 X33.69 Y35.92 S300.00 F1000

; Pass 0 Path 598
G0 X33.57 Y35.82
G1 X93.43 Y35.82 S300.00 F1000

; Pass 0 Path 599
G0 X93.54 Y35.72
G1 X33.46 Y35.72 S300.00 F1000

; Pass 0 Path 600
G0 X33.36 Y35.62
G1 X93.64 Y35.62 S300.00 F1000

; Pass 0 Path 601
G0 X93.73 Y35.52
G1 X91.86 Y35.52 S300.00 F1000

; Pass 0 Path 602
G0 X92.20 Y35.42
G1 X93.81 Y35.42 S300.00 F1000

; Pass 0 Path 603
G0 X93.89 Y35.32
G1 X92.41 Y35.32 S300.00 F1000

; Pass 0 Path 604
G0 X92.58 Y35.22
G1 X93.96 Y35.22 S300.00 F1000

; Pass 0 Path 605
G0 X94.02 Y35.12
G1 X92.72 Y35.12 S300.00 F1000

; Pass 0 Path 606
G0 X92.83 Y35.02
G1 X94.08 Y35.02 S300.00 F1000

; Pass 0 Path 607
G0 X94.14 Y34.92
G1 X92.93 Y34.92 S300.00 F1000

; Pass 0 Path 608
G0 X93.02 Y34.82
G1 X94.19 Y34.82 S300.00 F1000

; Pass 0 Path 609
G0 X94.23 Y34.72
G1 X93.10 Y34.72 S300.00 F1000

; Pass 0 Path 610
G0 X93.17 Y34.62
G1 X94.27 Y34.62 S300.00 F1000

; Pass 0 Path 611
G0 X94.31 Y34.52
G1 X93.22 Y34.52 S300.00 F1000

; Pass 0 Path 612
G0 X93.28 Y34.42
G1 X94.34 Y34.42 S300.00 F1000

; Pass 0 Path 613
G0 X94.37 Y34.32
G1 X93.32 Y34.32 S300.00 F1000

; Pass 0 Path 614
G0 X93.36 Y34.22
G1 X94.40 Y34.22 S300.00 F1000

; Pass 0 Path 615
G0 X94.42 Y34.12
G1 X93.39 Y34.12 S300.00 F1000

; Pass 0 Path 616
G0 X93.42 Y34.02
G1 X94.44 Y34.02 S300.00 F1000

; Pass 0 Path 617
G0 X94.45 Y33.92
G1 X93.44 Y33.92 S300.00 F1000

; Pass 0 Path 618
G0 X93.46 Y33.82
G1 X94.47 Y33.82 S300.00 F1000

; Pass 0 Path 619
G0 X94.47 Y33.72
G1 X93.47 Y33.72 S300.00 F1000

; Pass 0 Path 620
G0 X93.48 Y33.62
G1 X94.48 Y33.62 S300.00 F1000

; Pass 0 Path 621
G0 X94.48 Y33.52
G1 X93.48 Y33.52 S300.00 F1000

; Pass 0 Path 622
G0 X93.48 Y33.42
G1 X94.48 Y33.42 S300.00 F1000

; Pass 0 Path 623
G0 X94.48 Y33.32
G1 X93.48 Y33.32 S300.00 F1000

; Pass 0 Path 624
G0 X93.48 Y33.22
G1 X94.48 Y33.22 S300.00 F1000

; Pass 0 Path 625
G0 X94.48 Y33.12
G1 X93.48 Y33.12 S300.00 F1000

; Pass 0 Path 626
G0 X93.48 Y33.02
G1 X94.48 Y33.02 S300.00 F1000

; Pass 0 Path 627
G0 X94.48 Y32.92
G1 X93.48 Y32.92 S300.00 F1000

; Pass 0 Path 628
G0 X93.48 Y32.82
G1 X94.48 Y32.82 S300.00 F1000

; Pass 0 Path 629
G0 X94.48 Y32.72
G1 X93.48 Y32.72 S300.00 F1000

; Pass 0 Path 630
G0 X93.48 Y32.62
G1 X94.48 Y32.62 S300.00 F1000

; Pass 0 Path 631
G0 X94.48 Y32.52
G1 X93.48 Y32.52 S300.00 F1000

; Pass 0 Path 632
G0 X93.48 Y32.42
G1 X94.48 Y32.42 S300.00 F1000

; Pass 0 Path 633
G0 X94.48 Y32.32
G1 X93.48 Y32.32 S300.00 F1000

; Pass 0 Path 634
G0 X93.48 Y32.22
G1 X94.48 Y32.22 S300.00 F1000

; Pass 0 Path 635
G0 X94.48 Y32.12
G1 X93.48 Y32.12 S300.00 F1000

; Pass 0 Path 636
G0 X93.48 Y32.02
G1 X94.48 Y32.02 S300.00 F1000

; Pass 0 Path 637
G0 X94.48 Y31.92
G1 X93.48 Y31.92 S300.00 F1000

; Pass 0 Path 638
G0 X93.48 Y31.82
G1 X94.48 Y31.82 S300.00 F1000

; Pass 0 Path 639
G0 X94.48 Y31.72
G1 X93.48 Y31.72 S300.00 F1000

; Pass 0 Path 640
G0 X93.48 Y31.62
G1 X94.48 Y31.62 S300.00 F1000

; Pass 0 Path 641
G0 X94.48 Y31.52
G1 X93.48 Y31.52 S300.00 F1000

; Pass 0 Path 642
G0 X94.48 Y31.42
G1 X85.75 Y31.42 S300.00 F1000

; Pass 0 Path 643
G0 X85.38 Y31.32
G1 X94.48 Y31.32 S300.00 F1000

; Pass 0 Path 644
G0 X94.48 Y31.22
G1 X85.13 Y31.22 S300.00 F1000

; Pass 0 Path 645
G0 X84.92 Y31.12
G1 X94.48 Y31.12 S300.00 F1000

; Pass 0 Path 646
G0 X94.48 Y31.02
G1 X84.75 Y31.02 S300.00 F1000

; Pass 0 Path 647
G0 X84.60 Y30.92
G1 X94.48 Y30.92 S300.00 F1000

; Pass 0 Path 648
G0 X94.45 Y30.82
G1 X84.47 Y30.82 S300.00 F1000

; Pass 0 Path 649
G0 X84.35 Y30.72
G1 X94.41 Y30.72 S300.00 F1000

; Pass 0 Path 650
G0 X94.32 Y30.62
G1 X84.24 Y30.62 S300.00 F1000

; Pass 0 Path 651
G0 X84.14 Y30.52
G1 X94.17 Y30.52 S300.00 F1000

; Pass 0 Path 652
G0 X91.94 Y36.52
G1 X35.06 Y36.52 S300.00 F1000

; Pass 0 Path 653
G0 X35.14 Y35.52
G1 X33.27 Y35.52 S300.00 F1000

; Pass 0 Path 654
G0 X33.19 Y35.42
G1 X34.80 Y35.42 S300.00 F1000

; Pass 0 Path 655
G0 X34.59 Y35.32
G1 X33.11 Y35.32 S300.00 F1000

; Pass 0 Path 656
G0 X33.04 Y35.22
G1 X34.42 Y35.22 S300.00 F1000

; Pass 0 Path 657
G0 X34.28 Y35.12
G1 X32.98 Y35.12 S300.00 F1000

; Pass 0 Path 658
G0 X32.92 Y35.02
G1 X34.17 Y35.02 S300.00 F1000

; Pass 0 Path 659
G0 X34.07 Y34.92
G1 X32.86 Y34.92 S300.00 F1000

; Pass 0 Path 660
G0 X32.81 Y34.82
G1 X33.98 Y34.82 S300.00 F1000

; Pass 0 Path 661
G0 X33.90 Y34.72
G1 X32.77 Y34.72 S300.00 F1000

; Pass 0 Path 662
G0 X32.73 Y34.62
G1 X33.83 Y34.62 S300.00 F1000

; Pass 0 Path 663
G0 X33.78 Y34.52
G1 X32.69 Y34.52 S300.00 F1000

; Pass 0 Path 664
G0 X32.66 Y34.42
G1 X33.72 Y34.42 S300.00 F1000

; Pass 0 Path 665
G0 X33.68 Y34.32
G1 X32.63 Y34.32 S300.00 F1000

; Pass 0 Path 666
G0 X32.60 Y34.22
G1 X33.64 Y34.22 S300.00 F1000

; Pass 0 Path 667
G0 X33.61 Y34.12
G1 X32.58 Y34.12 S300.00 F1000

; Pass 0 Path 668
G0 X32.56 Y34.02
G1 X33.58 Y34.02 S300.00 F1000

; Pass 0 Path 669
G0 X33.56 Y33.92
G1 X32.55 Y33.92 S300.00 F1000

; Pass 0 Path 670
G0 X32.53 Y33.82
G1 X33.54 Y33.82 S300.00 F1000

; Pass 0 Path 671
G0 X33.53 Y33.72
G1 X32.53 Y33.72 S300.00 F1000

; Pass 0 Path 672
G0 X32.52 Y33.62
G1 X33.52 Y33.62 S300.00 F1000

; Pass 0 Path 673
G0 X33.52 Y33.52
G1 X32.52 Y33.52 S300.00 F1000

; Pass 0 Path 674
G0 X32.52 Y33.42
G1 X33.52 Y33.42 S300.00 F1000

; Pass 0 Path 675
G0 X33.52 Y33.32
G1 X32.52 Y33.32 S300.00 F1000

; Pass 0 Path 676
G0 X32.52 Y33.22
G1 X33.52 Y33.22 S300.00 F1000

; Pass 0 Path 677
G0 X33.52 Y33.12
G1 X32.52 Y33.12 S300.00 F1000

; Pass 0 Path 678
G0 X32.52 Y33.02
G1 X33.52 Y33.02 S300.00 F1000

; Pass 0 Path 679
G0 X33.52 Y32.92
G1 X32.52 Y32.92 S300.00 F1000

; Pass 0 Path 680
G0 X32.52 Y32.82
G1 X33.52 Y32.82 S300.00 F1000

; Pass 0 Path 681
G0 X33.52 Y32.72
G1 X32.52 Y32.72 S300.00 F1000

; Pass 0 Path 682
G0 X32.52 Y32.62
G1 X33.52 Y32.62 S300.00 F1000

; Pass 0 Path 683
G0 X33.52 Y32.52
G1 X32.52 Y32.52 S300.00 F1000

; Pass 0 Path 684
G0 X32.52 Y32.42
G1 X33.52 Y32.42 S300.00 F1000

; Pass 0 Path 685
G0 X33.52 Y32.32
G1 X32.52 Y32.32 S300.00 F1000

; Pass 0 Path 686
G0 X32.52 Y32.22
G1 X33.52 Y32.22 S300.00 F1000

; Pass 0 Path 687
G0 X33.52 Y32.12
G1 X32.52 Y32.12 S300.00 F1000

; Pass 0 Path 688
G0 X32.52 Y32.02
G1 X33.52 Y32.02 S300.00 F1000

; Pass 0 Path 689
G0 X33.52 Y31.92
G1 X32.52 Y31.92 S300.00 F1000

; Pass 0 Path 690
G0 X32.52 Y31.82
G1 X33.52 Y31.82 S300.00 F1000

; Pass 0 Path 691
G0 X33.52 Y31.72
G1 X32.52 Y31.72 S300.00 F1000

; Pass 0 Path 692
G0 X32.52 Y31.62
G1 X33.52 Y31.62 S300.00 F1000

; Pass 0 Path 693
G0 X33.52 Y31.52
G1 X32.52 Y31.52 S300.00 F1000

; Pass 0 Path 694
G0 X32.52 Y31.42
G1 X33.52 Y31.42 S300.00 F1000

; Pass 0 Path 695
G0 X33.52 Y31.32
G1 X32.52 Y31.32 S300.00 F1000

; Pass 0 Path 696
G0 X32.52 Y31.22
G1 X33.52 Y31.22 S300.00 F1000

; Pass 0 Path 697
G0 X33.52 Y31.12
G1 X32.52 Y31.12 S300.00 F1000

; Pass 0 Path 698
G0 X32.52 Y31.02
G1 X33.52 Y31.02 S300.00 F1000

; Pass 0 Path 699
G0 X33.52 Y30.92
G1 X32.52 Y30.92 S300.00 F1000

; Pass 0 Path 700
G0 X32.52 Y30.82
G1 X33.52 Y30.82 S300.00 F1000

; Pass 0 Path 701
G0 X33.52 Y30.72
G1 X32.52 Y30.72 S300.00 F1000

; Pass 0 Path 702
G0 X32.52 Y30.62
G1 X33.52 Y30.62 S300.00 F1000

; Pass 0 Path 703
G0 X33.52 Y30.52
G1 X32.52 Y30.52 S300.00 F1000

; Pass 0 Path 704
G0 X32.52 Y30.42
G1 X33.52 Y30.42 S300.00 F1000

; Pass 0 Path 705
G0 X33.52 Y30.32
G1 X32.52 Y30.32 S300.00 F1000

; Pass 0 Path 706
G0 X32.52 Y30.22
G1 X33.52 Y30.22 S300.00 F1000

; Pass 0 Path 707
G0 X33.52 Y30.12
G1 X32.52 Y30.12 S300.00 F1000

; Pass 0 Path 708
G0 X32.52 Y30.02
G1 X33.52 Y30.02 S300.00 F1000

; Pass 0 Path 709
G0 X33.52 Y29.92
G1 X32.52 Y29.92 S300.00 F1000

; Pass 0 Path 710
G0 X32.52 Y29.82
G1 X33.52 Y29.82 S300.00 F1000

; Pass 0 Path 711
G0 X33.52 Y29.72
G1 X32.52 Y29.72 S300.00 F1000

; Pass 0 Path 712
G0 X32.52 Y29.62
G1 X33.52 Y29.62 S300.00 F1000

; Pass 0 Path 713
G0 X33.52 Y29.52
G1 X32.52 Y29.52 S300.00 F1000

; Pass 0 Path 714
G0 X32.52 Y29.42
G1 X33.52 Y29.42 S300.00 F1000

; Pass 0 Path 715
G0 X33.52 Y29.32
G1 X32.52 Y29.32 S300.00 F1000

; Pass 0 Path 716
G0 X32.52 Y29.22
G1 X33.52 Y29.22 S300.00 F1000

; Pass 0 Path 717
G0 X33.52 Y29.12
G1 X32.52 Y29.12 S300.00 F1000

; Pass 0 Path 718
G0 X32.52 Y29.02
G1 X33.52 Y29.02 S300.00 F1000

; Pass 0 Path 719
G0 X33.52 Y28.92
G1 X32.52 Y28.92 S300.00 F1000

; Pass 0 Path 720
G0 X32.52 Y28.82
G1 X33.52 Y28.82 S300.00 F1000

; Pass 0 Path 721
G0 X33.52 Y28.72
G1 X32.52 Y28.72 S300.00 F1000

; Pass 0 Path 722
G0 X32.52 Y28.62
G1 X33.52 Y28.62 S300.00 F1000

; Pass 0 Path 723
G0 X33.52 Y28.52
G1 X32.52 Y28.52 S300.00 F1000

; Pass 0 Path 724
G0 X32.52 Y28.42
G1 X33.52 Y28.42 S300.00 F1000

; Pass 0 Path 725
G0 X33.52 Y28.32
G1 X32.52 Y28.32 S300.00 F1000

; Pass 0 Path 726
G0 X32.52 Y28.22
G1 X33.52 Y28.22 S300.00 F1000

; Pass 0 Path 727
G0 X33.52 Y28.12
G1 X32.52 Y28.12 S300.00 F1000

; Pass 0 Path 728
G0 X32.52 Y28.02
G1 X33.52 Y28.02 S300.00 F1000

; Pass 0 Path 729
G0 X33.52 Y27.92
G1 X32.52 Y27.92 S300.00 F1000

; Pass 0 Path 730
G0 X32.52 Y27.82
G1 X33.52 Y27.82 S300.00 F1000

; Pass 0 Path 731
G0 X33.52 Y27.72
G1 X32.52 Y27.72 S300.00 F1000

; Pass 0 Path 732
G0 X32.52 Y27.62
G1 X33.52 Y27.62 S300.00 F1000

; Pass 0 Path 733
G0 X33.52 Y27.52
G1 X32.52 Y27.52 S300.00 F1000

; Pass 0 Path 734
G0 X32.52 Y27.42
G1 X33.52 Y27.42 S300.00 F1000

; Pass 0 Path 735
G0 X33.52 Y27.32
G1 X32.52 Y27.32 S300.00 F1000

; Pass 0 Path 736
G0 X32.52 Y27.22
G1 X33.52 Y27.22 S300.00 F1000

; Pass 0 Path 737
G0 X33.52 Y27.12
G1 X32.52 Y27.12 S300.00 F1000

; Pass 0 Path 738
G0 X32.52 Y27.02
G1 X33.52 Y27.02 S300.00 F1000

; Pass 0 Path 739
G0 X33.52 Y26.92
G1 X32.52 Y26.92 S300.00 F1000

; Pass 0 Path 740
G0 X32.52 Y26.82
G1 X33.52 Y26.82 S300.00 F1000

; Pass 0 Path 741
G0 X33.52 Y26.72
G1 X32.52 Y26.72 S300.00 F1000

; Pass 0 Path 742
G0 X32.52 Y26.62
G1 X33.52 Y26.62 S300.00 F1000

; Pass 0 Path 743
G0 X33.52 Y26.52
G1 X32.52 Y26.52 S300.00 F1000

; Pass 0 Path 744
G0 X32.52 Y26.42
G1 X33.52 Y26.42 S300.00 F1000

; Pass 0 Path 745
G0 X33.52 Y26.32
G1 X32.52 Y26.32 S300.00 F1000

; Pass 0 Path 746
G0 X32.52 Y26.22
G1 X33.52 Y26.22 S300.00 F1000

; Pass 0 Path 747
G0 X33.52 Y26.12
G1 X32.52 Y26.12 S300.00 F1000

; Pass 0 Path 748
G0 X32.52 Y26.02
G1 X33.52 Y26.02 S300.00 F1000

; Pass 0 Path 749
G0 X33.52 Y25.92
G1 X32.52 Y25.92 S300.00 F1000

; Pass 0 Path 750
G0 X32.52 Y25.82
G1 X33.52 Y25.82 S300.00 F1000

; Pass 0 Path 751
G0 X33.52 Y25.72
G1 X32.52 Y25.72 S300.00 F1000

; Pass 0 Path 752
G0 X32.52 Y25.62
G1 X33.52 Y25.62 S300.00 F1000

; Pass 0 Path 753
G0 X33.52 Y25.52
G1 X32.52 Y25.52 S300.00 F1000

; Pass 0 Path 754
G0 X32.52 Y25.42
G1 X33.52 Y25.42 S300.00 F1000

; Pass 0 Path 755
G0 X33.52 Y25.32
G1 X32.52 Y25.32 S300.00 F1000

; Pass 0 Path 756
G0 X32.52 Y25.22
G1 X33.52 Y25.22 S300.00 F1000

; Pass 0 Path 757
G0 X33.52 Y25.12
G1 X32.52 Y25.12 S300.00 F1000

; Pass 0 Path 758
G0 X32.52 Y25.02
G1 X33.52 Y25.02 S300.00 F1000

; Pass 0 Path 759
G0 X33.52 Y24.92
G1 X32.52 Y24.92 S300.00 F1000

; Pass 0 Path 760
G0 X32.52 Y24.82
G1 X33.52 Y24.82 S300.00 F1000

; Pass 0 Path 761
G0 X33.52 Y24.72
G1 X32.52 Y24.72 S300.00 F1000

; Pass 0 Path 762
G0 X32.52 Y24.62
G1 X33.52 Y24.62 S300.00 F1000

; Pass 0 Path 763
G0 X33.52 Y24.52
G1 X32.52 Y24.52 S300.00 F1000

; Pass 0 Path 764
G0 X32.52 Y24.42
G1 X33.52 Y24.42 S300.00 F1000

; Pass 0 Path 765
G0 X33.52 Y24.32
G1 X32.52 Y24.32 S300.00 F1000

; Pass 0 Path 766
G0 X32.52 Y24.22
G1 X33.52 Y24.22 S300.00 F1000

; Pass 0 Path 767
G0 X33.52 Y24.12
G1 X32.52 Y24.12 S300.00 F1000

; Pass 0 Path 768
G0 X32.52 Y24.02
G1 X33.52 Y24.02 S300.00 F1000

; Pass 0 Path 769
G0 X33.52 Y23.92
G1 X32.52 Y23.92 S300.00 F1000

; Pass 0 Path 770
G0 X32.52 Y23.82
G1 X33.52 Y23.82 S300.00 F1000

; Pass 0 Path 771
G0 X33.52 Y23.72
G1 X32.52 Y23.72 S300.00 F1000

; Pass 0 Path 772
G0 X32.52 Y23.62
G1 X33.52 Y23.62 S300.00 F1000

; Pass 0 Path 773
G0 X33.52 Y23.52
G1 X32.52 Y23.52 S300.00 F1000

; Pass 0 Path 774
G0 X32.52 Y23.42
G1 X33.52 Y23.42 S300.00 F1000

; Pass 0 Path 775
G0 X33.52 Y23.32
G1 X32.52 Y23.32 S300.00 F1000

; Pass 0 Path 776
G0 X32.52 Y23.22
G1 X33.52 Y23.22 S300.00 F1000

; Pass 0 Path 777
G0 X33.52 Y23.12
G1 X32.52 Y23.12 S300.00 F1000

; Pass 0 Path 778
G0 X32.52 Y23.02
G1 X33.52 Y23.02 S300.00 F1000

; Pass 0 Path 779
G0 X33.52 Y22.92
G1 X32.52 Y22.92 S300.00 F1000

; Pass 0 Path 780
G0 X32.52 Y22.82
G1 X33.52 Y22.82 S300.00 F1000

; Pass 0 Path 781
G0 X33.52 Y22.72
G1 X32.52 Y22.72 S300.00 F1000

; Pass 0 Path 782
G0 X32.52 Y22.62
G1 X33.52 Y22.62 S300.00 F1000

; Pass 0 Path 783
G0 X33.52 Y22.52
G1 X32.52 Y22.52 S300.00 F1000

; Pass 0 Path 784
G0 X32.52 Y22.42
G1 X33.52 Y22.42 S300.00 F1000

; Pass 0 Path 785
G0 X33.52 Y22.32
G1 X32.52 Y22.32 S300.00 F1000

; Pass 0 Path 786
G0 X32.52 Y22.22
G1 X33.52 Y22.22 S300.00 F1000

; Pass 0 Path 787
G0 X33.52 Y22.12
G1 X32.52 Y22.12 S300.00 F1000

; Pass 0 Path 788
G0 X32.52 Y22.02
G1 X33.52 Y22.02 S300.00 F1000

; Pass 0 Path 789
G0 X33.52 Y21.92
G1 X32.52 Y21.92 S300.00 F1000

; Pass 0 Path 790
G0 X32.52 Y21.82
G1 X33.52 Y21.82 S300.00 F1000

; Pass 0 Path 791
G0 X33.52 Y21.72
G1 X32.52 Y21.72 S300.00 F1000

; Pass 0 Path 792
G0 X32.52 Y21.62
G1 X33.52 Y21.62 S300.00 F1000

; Pass 0 Path 793
G0 X33.52 Y21.52
G1 X32.52 Y21.52 S300.00 F1000

; Pass 0 Path 794
G0 X32.52 Y21.42
G1 X33.52 Y21.42 S300.00 F1000

; Pass 0 Path 795
G0 X33.52 Y21.32
G1 X32.52 Y21.32 S300.00 F1000

; Pass 0 Path 796
G0 X32.52 Y21.22
G1 X33.52 Y21.22 S300.00 F1000

; Pass 0 Path 797
G0 X33.52 Y21.12
G1 X32.52 Y21.12 S300.00 F1000

; Pass 0 Path 798
G0 X32.52 Y21.02
G1 X33.52 Y21.02 S300.00 F1000

; Pass 0 Path 799
G0 X33.52 Y20.92
G1 X32.52 Y20.92 S300.00 F1000

; Pass 0 Path 800
G0 X32.52 Y20.82
G1 X33.52 Y20.82 S300.00 F1000

; Pass 0 Path 801
G0 X33.52 Y20.72
G1 X32.52 Y20.72 S300.00 F1000

; Pass 0 Path 802
G0 X32.52 Y20.62
G1 X33.52 Y20.62 S300.00 F1000

; Pass 0 Path 803
G0 X33.52 Y20.52
G1 X32.52 Y20.52 S300.00 F1000

; Pass 0 Path 804
G0 X32.52 Y20.42
G1 X33.52 Y20.42 S300.00 F1000

; Pass 0 Path 805
G0 X33.52 Y20.32
G1 X32.52 Y20.32 S300.00 F1000

; Pass 0 Path 806
G0 X32.52 Y20.22
G1 X33.52 Y20.22 S300.00 F1000

; Pass 0 Path 807
G0 X33.52 Y20.12
G1 X32.52 Y20.12 S300.00 F1000

; Pass 0 Path 808
G0 X32.52 Y20.02
G1 X33.52 Y20.02 S300.00 F1000

; Pass 0 Path 809
G0 X33.52 Y19.92
G1 X32.52 Y19.92 S300.00 F1000

; Pass 0 Path 810
G0 X32.52 Y19.82
G1 X33.52 Y19.82 S300.00 F1000

; Pass 0 Path 811
G0 X33.52 Y19.72
G1 X32.52 Y19.72 S300.00 F1000

; Pass 0 Path 812
G0 X32.52 Y19.62
G1 X33.52 Y19.62 S300.00 F1000

; Pass 0 Path 813
G0 X33.52 Y19.52
G1 X32.52 Y19.52 S300.00 F1000

; Pass 0 Path 814
G0 X32.52 Y19.42
G1 X33.52 Y19.42 S300.00 F1000

; Pass 0 Path 815
G0 X33.52 Y19.32
G1 X32.52 Y19.32 S300.00 F1000

; Pass 0 Path 816
G0 X32.52 Y19.22
G1 X33.52 Y19.22 S300.00 F1000

; Pass 0 Path 817
G0 X33.52 Y19.12
G1 X32.52 Y19.12 S300.00 F1000

; Pass 0 Path 818
G0 X32.52 Y19.02
G1 X33.52 Y19.02 S300.00 F1000

; Pass 0 Path 819
G0 X33.52 Y18.92
G1 X32.52 Y18.92 S300.00 F1000

; Pass 0 Path 820
G0 X32.52 Y18.82
G1 X33.52 Y18.82 S300.00 F1000

; Pass 0 Path 821
G0 X33.52 Y18.72
G1 X32.52 Y18.72 S300.00 F1000

; Pass 0 Path 822
G0 X32.52 Y18.62
G1 X33.52 Y18.62 S300.00 F1000

; Pass 0 Path 823
G0 X33.52 Y18.52
G1 X32.52 Y18.52 S300.00 F1000

; Pass 0 Path 824
G0 X32.52 Y18.42
G1 X33.52 Y18.42 S300.00 F1000

; Pass 0 Path 825
G0 X33.52 Y18.32
G1 X32.52 Y18.32 S300.00 F1000

; Pass 0 Path 826
G0 X32.52 Y18.22
G1 X33.52 Y18.22 S300.00 F1000

; Pass 0 Path 827
G0 X33.52 Y18.12
G1 X32.52 Y18.12 S300.00 F1000

; Pass 0 Path 828
G0 X32.52 Y18.02
G1 X33.52 Y18.02 S300.00 F1000

; Pass 0 Path 829
G0 X33.52 Y17.92
G1 X32.52 Y17.92 S300.00 F1000

; Pass 0 Path 830
G0 X32.52 Y17.82
G1 X33.52 Y17.82 S300.00 F1000

; Pass 0 Path 831
G0 X33.52 Y17.72
G1 X32.52 Y17.72 S300.00 F1000

; Pass 0 Path 832
G0 X32.52 Y17.62
G1 X33.52 Y17.62 S300.00 F1000

; Pass 0 Path 833
G0 X33.52 Y17.52
G1 X32.52 Y17.52 S300.00 F1000

; Pass 0 Path 834
G0 X32.52 Y17.42
G1 X33.52 Y17.42 S300.00 F1000

; Pass 0 Path 835
G0 X33.52 Y17.32
G1 X32.52 Y17.32 S300.00 F1000

; Pass 0 Path 836
G0 X32.52 Y17.22
G1 X33.52 Y17.22 S300.00 F1000

; Pass 0 Path 837
G0 X33.52 Y17.12
G1 X32.52 Y17.12 S300.00 F1000

; Pass 0 Path 838
G0 X32.52 Y17.02
G1 X33.52 Y17.02 S300.00 F1000

; Pass 0 Path 839
G0 X33.52 Y16.92
G1 X32.52 Y16.92 S300.00 F1000

; Pass 0 Path 840
G0 X32.52 Y16.82
G1 X33.52 Y16.82 S300.00 F1000

; Pass 0 Path 841
G0 X33.52 Y16.72
G1 X32.52 Y16.72 S300.00 F1000

; Pass 0 Path 842
G0 X32.52 Y16.62
G1 X33.52 Y16.62 S300.00 F1000

; Pass 0 Path 843
G0 X33.52 Y16.52
G1 X32.52 Y16.52 S300.00 F1000

; Pass 0 Path 844
G0 X32.52 Y16.42
G1 X33.52 Y16.42 S300.00 F1000

; Pass 0 Path 845
G0 X33.52 Y16.32
G1 X32.52 Y16.32 S300.00 F1000

; Pass 0 Path 846
G0 X32.52 Y16.22
G1 X33.52 Y16.22 S300.00 F1000

; Pass 0 Path 847
G0 X33.52 Y16.12
G1 X32.52 Y16.12 S300.00 F1000

; Pass 0 Path 848
G0 X32.52 Y16.02
G1 X33.52 Y16.02 S300.00 F1000

; Pass 0 Path 849
G0 X33.52 Y15.92
G1 X32.52 Y15.92 S300.00 F1000

; Pass 0 Path 850
G0 X32.52 Y15.82
G1 X33.52 Y15.82 S300.00 F1000

; Pass 0 Path 851
G0 X33.52 Y15.72
G1 X32.52 Y15.72 S300.00 F1000

; Pass 0 Path 852
G0 X32.52 Y15.62
G1 X33.52 Y15.62 S300.00 F1000

; Pass 0 Path 853
G0 X33.52 Y15.52
G1 X32.52 Y15.52 S300.00 F1000

; Pass 0 Path 854
G0 X32.52 Y15.42
G1 X33.52 Y15.42 S300.00 F1000

; Pass 0 Path 855
G0 X33.52 Y15.32
G1 X32.52 Y15.32 S300.00 F1000

; Pass 0 Path 856
G0 X32.52 Y15.22
G1 X33.52 Y15.22 S300.00 F1000

; Pass 0 Path 857
G0 X33.52 Y15.12
G1 X32.52 Y15.12 S300.00 F1000

; Pass 0 Path 858
G0 X32.52 Y15.02
G1 X33.52 Y15.02 S300.00 F1000

; Pass 0 Path 859
G0 X33.52 Y14.92
G1 X32.52 Y14.92 S300.00 F1000

; Pass 0 Path 860
G0 X32.52 Y14.82
G1 X33.52 Y14.82 S300.00 F1000

; Pass 0 Path 861
G0 X33.52 Y14.72
G1 X32.52 Y14.72 S300.00 F1000

; Pass 0 Path 862
G0 X32.52 Y14.62
G1 X33.52 Y14.62 S300.00 F1000

; Pass 0 Path 863
G0 X33.52 Y14.52
G1 X32.52 Y14.52 S300.00 F1000

; Pass 0 Path 864
G0 X32.52 Y14.42
G1 X33.52 Y14.42 S300.00 F1000

; Pass 0 Path 865
G0 X33.52 Y14.32
G1 X32.52 Y14.32 S300.00 F1000

; Pass 0 Path 866
G0 X32.52 Y14.22
G1 X33.52 Y14.22 S300.00 F1000

; Pass 0 Path 867
G0 X33.52 Y14.12
G1 X32.52 Y14.12 S300.00 F1000

; Pass 0 Path 868
G0 X32.52 Y14.02
G1 X33.52 Y14.02 S300.00 F1000

; Pass 0 Path 869
G0 X33.52 Y13.92
G1 X32.52 Y13.92 S300.00 F1000

; Pass 0 Path 870
G0 X32.52 Y13.82
G1 X33.52 Y13.82 S300.00 F1000

; Pass 0 Path 871
G0 X33.52 Y13.72
G1 X32.52 Y13.72 S300.00 F1000

; Pass 0 Path 872
G0 X32.52 Y13.62
G1 X33.52 Y13.62 S300.00 F1000

; Pass 0 Path 873
G0 X33.52 Y13.52
G1 X32.52 Y13.52 S300.00 F1000

; Pass 0 Path 874
G0 X32.52 Y13.42
G1 X33.52 Y13.42 S300.00 F1000

; Pass 0 Path 875
G0 X33.52 Y13.32
G1 X32.52 Y13.32 S300.00 F1000

; Pass 0 Path 876
G0 X32.52 Y13.22
G1 X33.52 Y13.22 S300.00 F1000

; Pass 0 Path 877
G0 X33.52 Y13.12
G1 X32.52 Y13.12 S300.00 F1000

; Pass 0 Path 878
G0 X32.52 Y13.02
G1 X33.52 Y13.02 S300.00 F1000

; Pass 0 Path 879
G0 X33.52 Y12.92
G1 X32.52 Y12.92 S300.00 F1000

; Pass 0 Path 880
G0 X32.52 Y12.82
G1 X33.52 Y12.82 S300.00 F1000

; Pass 0 Path 881
G0 X33.52 Y12.72
G1 X32.52 Y12.72 S300.00 F1000

; Pass 0 Path 882
G0 X32.52 Y12.62
G1 X33.52 Y12.62 S300.00 F1000

; Pass 0 Path 883
G0 X33.52 Y12.52
G1 X32.52 Y12.52 S300.00 F1000

; Pass 0 Path 884
G0 X32.52 Y12.42
G1 X33.52 Y12.42 S300.00 F1000

; Pass 0 Path 885
G0 X33.52 Y12.32
G1 X32.52 Y12.32 S300.00 F1000

; Pass 0 Path 886
G0 X32.52 Y12.22
G1 X33.52 Y12.22 S300.00 F1000

; Pass 0 Path 887
G0 X33.52 Y12.12
G1 X32.52 Y12.12 S300.00 F1000

; Pass 0 Path 888
G0 X32.52 Y12.02
G1 X33.52 Y12.02 S300.00 F1000

; Pass 0 Path 889
G0 X33.52 Y11.92
G1 X32.52 Y11.92 S300.00 F1000

; Pass 0 Path 890
G0 X32.52 Y11.82
G1 X33.52 Y11.82 S300.00 F1000

; Pass 0 Path 891
G0 X33.52 Y11.72
G1 X32.52 Y11.72 S300.00 F1000

; Pass 0 Path 892
G0 X32.52 Y11.62
G1 X33.52 Y11.62 S300.00 F1000

; Pass 0 Path 893
G0 X33.52 Y11.52
G1 X32.52 Y11.52 S300.00 F1000

; Pass 0 Path 894
G0 X32.52 Y11.42
G1 X33.52 Y11.42 S300.00 F1000

; Pass 0 Path 895
G0 X33.52 Y11.32
G1 X32.52 Y11.32 S300.00 F1000

; Pass 0 Path 896
G0 X32.52 Y11.22
G1 X33.52 Y11.22 S300.00 F1000

; Pass 0 Path 897
G0 X33.52 Y11.12
G1 X32.52 Y11.12 S300.00 F1000

; Pass 0 Path 898
G0 X32.52 Y11.02
G1 X33.52 Y11.02 S300.00 F1000

; Pass 0 Path 899
G0 X33.52 Y10.92
G1 X32.52 Y10.92 S300.00 F1000

; Pass 0 Path 900
G0 X32.52 Y10.82
G1 X33.52 Y10.82 S300.00 F1000

; Pass 0 Path 901
G0 X33.52 Y10.72
G1 X32.52 Y10.72 S300.00 F1000

; Pass 0 Path 902
G0 X32.52 Y10.62
G1 X33.52 Y10.62 S300.00 F1000

; Pass 0 Path 903
G0 X33.52 Y10.52
G1 X32.52 Y10.52 S300.00 F1000

; Pass 0 Path 904
G0 X32.52 Y10.42
G1 X33.52 Y10.42 S300.00 F1000

; Pass 0 Path 905
G0 X33.52 Y10.32
G1 X32.52 Y10.32 S300.00 F1000

; Pass 0 Path 906
G0 X32.52 Y10.22
G1 X33.52 Y10.22 S300.00 F1000

; Pass 0 Path 907
G0 X33.52 Y10.12
G1 X32.52 Y10.12 S300.00 F1000

; Pass 0 Path 908
G0 X32.52 Y10.02
G1 X33.52 Y10.02 S300.00 F1000

; Pass 0 Path 909
G0 X33.52 Y9.92
G1 X32.52 Y9.92 S300.00 F1000

; Pass 0 Path 910
G0 X32.52 Y9.82
G1 X33.52 Y9.82 S300.00 F1000

; Pass 0 Path 911
G0 X33.52 Y9.72
G1 X32.52 Y9.72 S300.00 F1000

; Pass 0 Path 912
G0 X32.52 Y9.62
G1 X33.52 Y9.62 S300.00 F1000

; Pass 0 Path 913
G0 X33.52 Y9.52
G1 X32.52 Y9.52 S300.00 F1000

; Pass 0 Path 914
G0 X32.52 Y9.42
G1 X33.52 Y9.42 S300.00 F1000

; Pass 0 Path 915
G0 X33.52 Y9.32
G1 X32.52 Y9.32 S300.00 F1000

; Pass 0 Path 916
G0 X32.52 Y9.22
G1 X33.52 Y9.22 S300.00 F1000

; Pass 0 Path 917
G0 X33.52 Y9.12
G1 X32.52 Y9.12 S300.00 F1000

; Pass 0 Path 918
G0 X32.52 Y9.02
G1 X33.52 Y9.02 S300.00 F1000

; Pass 0 Path 919
G0 X33.52 Y8.92
G1 X32.52 Y8.92 S300.00 F1000

; Pass 0 Path 920
G0 X32.52 Y8.82
G1 X33.52 Y8.82 S300.00 F1000

; Pass 0 Path 921
G0 X33.52 Y8.72
G1 X32.52 Y8.72 S300.00 F1000

; Pass 0 Path 922
G0 X32.52 Y8.62
G1 X33.52 Y8.62 S300.00 F1000

; Pass 0 Path 923
G0 X33.52 Y8.52
G1 X32.52 Y8.52 S300.00 F1000

; Pass 0 Path 924
G0 X32.52 Y8.42
G1 X33.52 Y8.42 S300.00 F1000

; Pass 0 Path 925
G0 X33.52 Y8.32
G1 X32.52 Y8.32 S300.00 F1000

; Pass 0 Path 926
G0 X32.52 Y8.22
G1 X33.52 Y8.22 S300.00 F1000

; Pass 0 Path 927
G0 X33.52 Y8.12
G1 X32.52 Y8.12 S300.00 F1000

; Pass 0 Path 928
G0 X32.52 Y8.02
G1 X33.52 Y8.02 S300.00 F1000

; Pass 0 Path 929
G0 X33.53 Y7.92
G1 X32.53 Y7.92 S300.00 F1000

; Pass 0 Path 930
G0 X32.53 Y7.82
G1 X33.54 Y7.82 S300.00 F1000

; Pass 0 Path 931
G0 X33.56 Y7.72
G1 X32.55 Y7.72 S300.00 F1000

; Pass 0 Path 932
G0 X32.56 Y7.62
G1 X33.58 Y7.62 S300.00 F1000

; Pass 0 Path 933
G0 X33.61 Y7.52
G1 X32.58 Y7.52 S300.00 F1000

; Pass 0 Path 934
G0 X32.60 Y7.42
G1 X33.64 Y7.42 S300.00 F1000

; Pass 0 Path 935
G0 X33.68 Y7.32
G1 X32.63 Y7.32 S300.00 F1000

; Pass 0 Path 936
G0 X32.66 Y7.22
G1 X33.72 Y7.22 S300.00 F1000

; Pass 0 Path 937
G0 X33.78 Y7.12
G1 X32.69 Y7.12 S300.00 F1000

; Pass 0 Path 938
G0 X32.73 Y7.02
G1 X33.84 Y7.02 S300.00 F1000

; Pass 0 Path 939
G0 X33.90 Y6.92
G1 X32.77 Y6.92 S300.00 F1000

; Pass 0 Path 940
G0 X32.81 Y6.82
G1 X33.98 Y6.82 S300.00 F1000

; Pass 0 Path 941
G0 X34.07 Y6.72
G1 X32.86 Y6.72 S300.00 F1000

; Pass 0 Path 942
G0 X32.92 Y6.62
G1 X34.17 Y6.62 S300.00 F1000

; Pass 0 Path 943
G0 X34.29 Y6.52
G1 X32.98 Y6.52 S300.00 F1000

; Pass 0 Path 944
G0 X33.04 Y6.42
G1 X34.42 Y6.42 S300.00 F1000

; Pass 0 Path 945
G0 X34.59 Y6.32
G1 X33.11 Y6.32 S300.00 F1000

; Pass 0 Path 946
G0 X33.19 Y6.22
G1 X34.81 Y6.22 S300.00 F1000

; Pass 0 Path 947
G0 X35.16 Y6.12
G1 X33.27 Y6.12 S300.00 F1000

; Pass 0 Path 948
G0 X33.37 Y6.02
G1 X93.63 Y6.02 S300.00 F1000

; Pass 0 Path 949
G0 X93.73 Y6.12
G1 X91.84 Y6.12 S300.00 F1000

; Pass 0 Path 950
G0 X92.19 Y6.22
G1 X93.81 Y6.22 S300.00 F1000

; Pass 0 Path 951
G0 X93.89 Y6.32
G1 X92.41 Y6.32 S300.00 F1000

; Pass 0 Path 952
G0 X92.58 Y6.42
G1 X93.96 Y6.42 S300.00 F1000

; Pass 0 Path 953
G0 X94.02 Y6.52
G1 X92.71 Y6.52 S300.00 F1000

; Pass 0 Path 954
G0 X92.83 Y6.62
G1 X94.08 Y6.62 S300.00 F1000

; Pass 0 Path 955
G0 X94.14 Y6.72
G1 X92.93 Y6.72 S300.00 F1000

; Pass 0 Path 956
G0 X93.02 Y6.82
G1 X94.19 Y6.82 S300.00 F1000

; Pass 0 Path 957
G0 X94.23 Y6.92
G1 X93.10 Y6.92 S300.00 F1000

; Pass 0 Path 958
G0 X93.16 Y7.02
G1 X94.27 Y7.02 S300.00 F1000

; Pass 0 Path 959
G0 X94.31 Y7.12
G1 X93.22 Y7.12 S300.00 F1000

; Pass 0 Path 960
G0 X93.28 Y7.22
G1 X94.34 Y7.22 S300.00 F1000

; Pass 0 Path 961
G0 X94.37 Y7.32
G1 X93.32 Y7.32 S300.00 F1000

; Pass 0 Path 962
G0 X93.36 Y7.42
G1 X94.40 Y7.42 S300.00 F1000

; Pass 0 Path 963
G0 X94.42 Y7.52
G1 X93.39 Y7.52 S300.00 F1000

; Pass 0 Path 964
G0 X93.42 Y7.62
G1 X94.44 Y7.62 S300.00 F1000

; Pass 0 Path 965
G0 X94.45 Y7.72
G1 X93.44 Y7.72 S300.00 F1000

; Pass 0 Path 966
G0 X93.46 Y7.82
G1 X94.47 Y7.82 S300.00 F1000

; Pass 0 Path 967
G0 X94.47 Y7.92
G1 X93.47 Y7.92 S300.00 F1000

; Pass 0 Path 968
G0 X93.48 Y8.02
G1 X94.48 Y8.02 S300.00 F1000

; Pass 0 Path 969
G0 X94.48 Y8.12
G1 X93.48 Y8.12 S300.00 F1000

; Pass 0 Path 970
G0 X93.48 Y8.22
G1 X94.48 Y8.22 S300.00 F1000

; Pass 0 Path 971
G0 X94.48 Y8.32
G1 X93.48 Y8.32 S300.00 F1000

; Pass 0 Path 972
G0 X93.48 Y8.42
G1 X94.48 Y8.42 S300.00 F1000

; Pass 0 Path 973
G0 X94.48 Y8.52
G1 X93.48 Y8.52 S300.00 F1000

; Pass 0 Path 974
G0 X93.48 Y8.62
G1 X94.48 Y8.62 S300.00 F1000

; Pass 0 Path 975
G0 X94.48 Y8.72
G1 X93.48 Y8.72 S300.00 F1000

; Pass 0 Path 976
G0 X93.48 Y8.82
G1 X94.48 Y8.82 S300.00 F1000

; Pass 0 Path 977
G0 X94.48 Y8.92
G1 X93.48 Y8.92 S300.00 F1000

; Pass 0 Path 978
G0 X93.48 Y9.02
G1 X94.48 Y9.02 S300.00 F1000

; Pass 0 Path 979
G0 X94.48 Y9.12
G1 X93.48 Y9.12 S300.00 F1000

; Pass 0 Path 980
G0 X93.48 Y9.22
G1 X94.48 Y9.22 S300.00 F1000

; Pass 0 Path 981
G0 X94.48 Y9.32
G1 X93.48 Y9.32 S300.00 F1000

; Pass 0 Path 982
G0 X93.48 Y9.42
G1 X94.48 Y9.42 S300.00 F1000

; Pass 0 Path 983
G0 X94.48 Y9.52
G1 X93.48 Y9.52 S300.00 F1000

; Pass 0 Path 984
G0 X93.48 Y9.62
G1 X94.48 Y9.62 S300.00 F1000

; Pass 0 Path 985
G0 X94.48 Y9.72
G1 X93.48 Y9.72 S300.00 F1000

; Pass 0 Path 986
G0 X93.48 Y9.82
G1 X94.48 Y9.82 S300.00 F1000

; Pass 0 Path 987
G0 X94.48 Y9.92
G1 X93.48 Y9.92 S300.00 F1000

; Pass 0 Path 988
G0 X93.48 Y10.02
G1 X94.48 Y10.02 S300.00 F1000

; Pass 0 Path 989
G0 X94.48 Y10.12
G1 X93.48 Y10.12 S300.00 F1000

; Pass 0 Path 990
G0 X94.48 Y10.22
G1 X85.77 Y10.22 S300.00 F1000

; Pass 0 Path 991
G0 X85.39 Y10.32
G1 X94.48 Y10.32 S300.00 F1000

; Pass 0 Path 992
G0 X94.48 Y10.42
G1 X85.14 Y10.42 S300.00 F1000

; Pass 0 Path 993
G0 X84.93 Y10.52
G1 X94.48 Y10.52 S300.00 F1000

; Pass 0 Path 994
G0 X94.48 Y10.62
G1 X84.76 Y10.62 S300.00 F1000

; Pass 0 Path 995
G0 X84.61 Y10.72
G1 X94.48 Y10.72 S300.00 F1000

; Pass 0 Path 996
G0 X94.45 Y10.82
G1 X84.47 Y10.82 S300.00 F1000

; Pass 0 Path 997
G0 X84.35 Y10.92
G1 X94.41 Y10.92 S300.00 F1000

; Pass 0 Path 998
G0 X94.33 Y11.02
G1 X84.25 Y11.02 S300.00 F1000

; Pass 0 Path 999
G0 X84.15 Y11.12
G1 X94.18 Y11.12 S300.00 F1000

; Pass 0 Path 1000
G0 X93.53 Y5.92
G1 X33.47 Y5.92 S300.00 F1000

; Pass 0 Path 1001
G0 X33.58 Y5.82
G1 X93.42 Y5.82 S300.00 F1000

; Pass 0 Path 1002
G0 X93.30 Y5.72
G1 X33.70 Y5.72 S300.00 F1000

; Pass 0 Path 1003
G0 X33.84 Y5.62
G1 X93.16 Y5.62 S300.00 F1000

; Pass 0 Path 1004
G0 X93.01 Y5.52
G1 X33.99 Y5.52 S300.00 F1000

; Pass 0 Path 1005
G0 X34.17 Y5.42
G1 X92.83 Y5.42 S300.00 F1000

; Pass 0 Path 1006
G0 X92.62 Y5.32
G1 X34.38 Y5.32 S300.00 F1000

; Pass 0 Path 1007
G0 X34.65 Y5.22
G1 X92.35 Y5.22 S300.00 F1000

; Pass 0 Path 1008
G0 X91.92 Y5.12
G1 X35.08 Y5.12 S300.00 F1000

; Pass 0 Path 1009
G0 X28.44 Y5.12
G1 X27.44 Y5.12 S300.00 F1000

; Pass 0 Path 1010
G0 X27.44 Y5.02
G1 X28.44 Y5.02 S300.00 F1000

; Pass 0 Path 1011
G0 X28.44 Y4.92
G1 X27.44 Y4.92 S300.00 F1000

; Pass 0 Path 1012
G0 X27.44 Y4.82
G1 X28.44 Y4.82 S300.00 F1000

; Pass 0 Path 1013
G0 X28.44 Y4.72
G1 X27.44 Y4.72 S300.00 F1000

; Pass 0 Path 1014
G0 X27.44 Y4.62
G1 X28.44 Y4.62 S300.00 F1000

; Pass 0 Path 1015
G0 X28.44 Y4.52
G1 X27.44 Y4.52 S300.00 F1000

; Pass 0 Path 1016
G0 X27.44 Y4.42
G1 X28.44 Y4.42 S300.00 F1000

; Pass 0 Path 1017
G0 X28.44 Y4.32
G1 X27.44 Y4.32 S300.00 F1000

; Pass 0 Path 1018
G0 X27.44 Y4.22
G1 X28.44 Y4.22 S300.00 F1000

; Pass 0 Path 1019
G0 X28.44 Y4.12
G1 X27.44 Y4.12 S300.00 F1000

; Pass 0 Path 1020
G0 X27.44 Y4.02
G1 X28.44 Y4.02 S300.00 F1000

; Pass 0 Path 1021
G0 X28.44 Y3.92
G1 X27.44 Y3.92 S300.00 F1000

; Pass 0 Path 1022
G0 X27.44 Y3.82
G1 X28.44 Y3.82 S300.00 F1000

; Pass 0 Path 1023
G0 X28.44 Y3.72
G1 X27.44 Y3.72 S300.00 F1000

; Pass 0 Path 1024
G0 X27.44 Y3.62
G1 X28.44 Y3.62 S300.00 F1000

; Pass 0 Path 1025
G0 X28.44 Y3.52
G1 X27.44 Y3.52 S300.00 F1000

; Pass 0 Path 1026
G0 X27.44 Y3.42
G1 X28.44 Y3.42 S300.00 F1000

; Pass 0 Path 1027
G0 X28.44 Y3.32
G1 X27.44 Y3.32 S300.00 F1000

; Pass 0 Path 1028
G0 X27.44 Y3.22
G1 X28.44 Y3.22 S300.00 F1000

; Pass 0 Path 1029
G0 X28.44 Y3.12
G1 X27.44 Y3.12 S300.00 F1000

; Pass 0 Path 1030
G0 X27.43 Y3.02
G1 X28.43 Y3.02 S300.00 F1000

; Pass 0 Path 1031
G0 X28.43 Y2.92
G1 X27.42 Y2.92 S300.00 F1000

; Pass 0 Path 1032
G0 X27.41 Y2.82
G1 X28.42 Y2.82 S300.00 F1000

; Pass 0 Path 1033
G0 X28.40 Y2.72
G1 X27.39 Y2.72 S300.00 F1000

; Pass 0 Path 1034
G0 X27.36 Y2.62
G1 X28.39 Y2.62 S300.00 F1000

; Pass 0 Path 1035
G0 X28.37 Y2.52
G1 X27.33 Y2.52 S300.00 F1000

; Pass 0 Path 1036
G0 X27.30 Y2.42
G1 X28.34 Y2.42 S300.00 F1000

; Pass 0 Path 1037
G0 X28.32 Y2.32
G1 X27.26 Y2.32 S300.00 F1000

; Pass 0 Path 1038
G0 X27.21 Y2.22
G1 X28.29 Y2.22 S300.00 F1000

; Pass 0 Path 1039
G0 X28.25 Y2.12
G1 X27.16 Y2.12 S300.00 F1000

; Pass 0 Path 1040
G0 X27.10 Y2.02
G1 X28.21 Y2.02 S300.00 F1000

; Pass 0 Path 1041
G0 X28.17 Y1.92
G1 X27.03 Y1.92 S300.00 F1000

; Pass 0 Path 1042
G0 X26.96 Y1.82
G1 X28.13 Y1.82 S300.00 F1000

; Pass 0 Path 1043
G0 X28.07 Y1.72
G1 X26.87 Y1.72 S300.00 F1000

; Pass 0 Path 1044
G0 X26.78 Y1.62
G1 X28.02 Y1.62 S300.00 F1000

; Pass 0 Path 1045
G0 X27.96 Y1.52
G1 X26.67 Y1.52 S300.00 F1000

; Pass 0 Path 1046
G0 X26.54 Y1.42
G1 X27.90 Y1.42 S300.00 F1000

; Pass 0 Path 1047
G0 X27.83 Y1.32
G1 X26.39 Y1.32 S300.00 F1000

; Pass 0 Path 1048
G0 X26.20 Y1.22
G1 X27.75 Y1.22 S300.00 F1000

; Pass 0 Path 1049
G0 X27.67 Y1.12
G1 X25.96 Y1.12 S300.00 F1000

; Pass 0 Path 1050
G0 X25.52 Y1.02
G1 X27.58 Y1.02 S300.00 F1000

; Pass 0 Path 1051
G0 X27.44 Y5.22
G1 X28.44 Y5.22 S300.00 F1000

; Pass 0 Path 1052
G0 X28.44 Y5.32
G1 X27.44 Y5.32 S300.00 F1000

; Pass 0 Path 1053
G0 X27.44 Y5.42
G1 X28.44 Y5.42 S300.00 F1000

; Pass 0 Path 1054
G0 X28.44 Y5.52
G1 X27.44 Y5.52 S300.00 F1000

; Pass 0 Path 1055
G0 X27.44 Y5.62
G1 X28.44 Y5.62 S300.00 F1000

; Pass 0 Path 1056
G0 X28.44 Y5.72
G1 X27.44 Y5.72 S300.00 F1000

; Pass 0 Path 1057
G0 X27.44 Y5.82
G1 X28.44 Y5.82 S300.00 F1000

; Pass 0 Path 1058
G0 X28.44 Y5.92
G1 X27.44 Y5.92 S300.00 F1000

; Pass 0 Path 1059
G0 X27.44 Y6.02
G1 X28.44 Y6.02 S300.00 F1000

; Pass 0 Path 1060
G0 X28.44 Y6.12
G1 X27.44 Y6.12 S300.00 F1000

; Pass 0 Path 1061
G0 X27.44 Y6.22
G1 X28.44 Y6.22 S300.00 F1000

; Pass 0 Path 1062
G0 X28.44 Y6.32
G1 X27.44 Y6.32 S300.00 F1000

; Pass 0 Path 1063
G0 X27.44 Y6.42
G1 X28.44 Y6.42 S300.00 F1000

; Pass 0 Path 1064
G0 X28.44 Y6.52
G1 X27.44 Y6.52 S300.00 F1000

; Pass 0 Path 1065
G0 X27.44 Y6.62
G1 X28.44 Y6.62 S300.00 F1000

; Pass 0 Path 1066
G0 X28.44 Y6.72
G1 X27.44 Y6.72 S300.00 F1000

; Pass 0 Path 1067
G0 X27.44 Y6.82
G1 X28.44 Y6.82 S300.00 F1000

; Pass 0 Path 1068
G0 X28.44 Y6.92
G1 X27.44 Y6.92 S300.00 F1000

; Pass 0 Path 1069
G0 X27.44 Y7.02
G1 X28.44 Y7.02 S300.00 F1000

; Pass 0 Path 1070
G0 X28.44 Y7.12
G1 X27.44 Y7.12 S300.00 F1000

; Pass 0 Path 1071
G0 X27.44 Y7.22
G1 X28.44 Y7.22 S300.00 F1000

; Pass 0 Path 1072
G0 X28.44 Y7.32
G1 X27.44 Y7.32 S300.00 F1000

; Pass 0 Path 1073
G0 X27.44 Y7.42
G1 X28.44 Y7.42 S300.00 F1000

; Pass 0 Path 1074
G0 X28.44 Y7.52
G1 X27.44 Y7.52 S300.00 F1000

; Pass 0 Path 1075
G0 X27.44 Y7.62
G1 X28.44 Y7.62 S300.00 F1000

; Pass 0 Path 1076
G0 X28.44 Y7.72
G1 X27.44 Y7.72 S300.00 F1000

; Pass 0 Path 1077
G0 X27.44 Y7.82
G1 X28.44 Y7.82 S300.00 F1000

; Pass 0 Path 1078
G0 X28.44 Y7.92
G1 X27.44 Y7.92 S300.00 F1000

; Pass 0 Path 1079
G0 X27.44 Y8.02
G1 X28.44 Y8.02 S300.00 F1000

; Pass 0 Path 1080
G0 X28.44 Y8.12
G1 X27.44 Y8.12 S300.00 F1000

; Pass 0 Path 1081
G0 X27.44 Y8.22
G1 X28.44 Y8.22 S300.00 F1000

; Pass 0 Path 1082
G0 X28.44 Y8.32
G1 X27.44 Y8.32 S300.00 F1000

; Pass 0 Path 1083
G0 X27.44 Y8.42
G1 X28.44 Y8.42 S300.00 F1000

; Pass 0 Path 1084
G0 X28.44 Y8.52
G1 X27.44 Y8.52 S300.00 F1000

; Pass 0 Path 1085
G0 X27.44 Y8.62
G1 X28.44 Y8.62 S300.00 F1000

; Pass 0 Path 1086
G0 X28.44 Y8.72
G1 X27.44 Y8.72 S300.00 F1000

; Pass 0 Path 1087
G0 X27.44 Y8.82
G1 X28.44 Y8.82 S300.00 F1000

; Pass 0 Path 1088
G0 X28.44 Y8.92
G1 X27.44 Y8.92 S300.00 F1000

; Pass 0 Path 1089
G0 X27.44 Y9.02
G1 X28.44 Y9.02 S300.00 F1000

; Pass 0 Path 1090
G0 X28.44 Y9.12
G1 X27.44 Y9.12 S300.00 F1000

; Pass 0 Path 1091
G0 X27.44 Y9.22
G1 X28.44 Y9.22 S300.00 F1000

; Pass 0 Path 1092
G0 X28.44 Y9.32
G1 X27.44 Y9.32 S300.00 F1000

; Pass 0 Path 1093
G0 X27.44 Y9.42
G1 X28.44 Y9.42 S300.00 F1000

; Pass 0 Path 1094
G0 X28.44 Y9.52
G1 X27.44 Y9.52 S300.00 F1000

; Pass 0 Path 1095
G0 X27.44 Y9.62
G1 X28.44 Y9.62 S300.00 F1000

; Pass 0 Path 1096
G0 X28.44 Y9.72
G1 X27.44 Y9.72 S300.00 F1000

; Pass 0 Path 1097
G0 X27.44 Y9.82
G1 X28.44 Y9.82 S300.00 F1000

; Pass 0 Path 1098
G0 X28.44 Y9.92
G1 X27.44 Y9.92 S300.00 F1000

; Pass 0 Path 1099
G0 X27.44 Y10.02
G1 X28.44 Y10.02 S300.00 F1000

; Pass 0 Path 1100
G0 X28.44 Y10.12
G1 X27.44 Y10.12 S300.00 F1000

; Pass 0 Path 1101
G0 X27.44 Y10.22
G1 X28.44 Y10.22 S300.00 F1000

; Pass 0 Path 1102
G0 X28.44 Y10.32
G1 X27.44 Y10.32 S300.00 F1000

; Pass 0 Path 1103
G0 X27.44 Y10.42
G1 X28.44 Y10.42 S300.00 F1000

; Pass 0 Path 1104
G0 X28.44 Y10.52
G1 X27.44 Y10.52 S300.00 F1000

; Pass 0 Path 1105
G0 X27.44 Y10.62
G1 X28.44 Y10.62 S300.00 F1000

; Pass 0 Path 1106
G0 X28.44 Y10.72
G1 X27.44 Y10.72 S300.00 F1000

; Pass 0 Path 1107
G0 X27.44 Y10.82
G1 X28.44 Y10.82 S300.00 F1000

; Pass 0 Path 1108
G0 X28.44 Y10.92
G1 X27.44 Y10.92 S300.00 F1000

; Pass 0 Path 1109
G0 X27.44 Y11.02
G1 X28.44 Y11.02 S300.00 F1000

; Pass 0 Path 1110
G0 X28.44 Y11.12
G1 X27.44 Y11.12 S300.00 F1000

; Pass 0 Path 1111
G0 X27.44 Y11.22
G1 X28.44 Y11.22 S300.00 F1000

; Pass 0 Path 1112
G0 X28.44 Y11.32
G1 X27.44 Y11.32 S300.00 F1000

; Pass 0 Path 1113
G0 X27.44 Y11.42
G1 X28.44 Y11.42 S300.00 F1000

; Pass 0 Path 1114
G0 X28.44 Y11.52
G1 X27.44 Y11.52 S300.00 F1000

; Pass 0 Path 1115
G0 X27.44 Y11.62
G1 X28.44 Y11.62 S300.00 F1000

; Pass 0 Path 1116
G0 X28.44 Y11.72
G1 X27.44 Y11.72 S300.00 F1000

; Pass 0 Path 1117
G0 X27.44 Y11.82
G1 X28.44 Y11.82 S300.00 F1000

; Pass 0 Path 1118
G0 X28.44 Y11.92
G1 X27.44 Y11.92 S300.00 F1000

; Pass 0 Path 1119
G0 X27.44 Y12.02
G1 X28.44 Y12.02 S300.00 F1000

; Pass 0 Path 1120
G0 X28.44 Y12.12
G1 X27.44 Y12.12 S300.00 F1000

; Pass 0 Path 1121
G0 X27.44 Y12.22
G1 X28.44 Y12.22 S300.00 F1000

; Pass 0 Path 1122
G0 X28.44 Y12.32
G1 X27.44 Y12.32 S300.00 F1000

; Pass 0 Path 1123
G0 X27.44 Y12.42
G1 X28.44 Y12.42 S300.00 F1000

; Pass 0 Path 1124
G0 X28.44 Y12.52
G1 X27.44 Y12.52 S300.00 F1000

; Pass 0 Path 1125
G0 X27.44 Y12.62
G1 X28.44 Y12.62 S300.00 F1000

; Pass 0 Path 1126
G0 X28.44 Y12.72
G1 X27.44 Y12.72 S300.00 F1000

; Pass 0 Path 1127
G0 X27.44 Y12.82
G1 X28.44 Y12.82 S300.00 F1000

; Pass 0 Path 1128
G0 X28.44 Y12.92
G1 X27.44 Y12.92 S300.00 F1000

; Pass 0 Path 1129
G0 X27.44 Y13.02
G1 X28.44 Y13.02 S300.00 F1000

; Pass 0 Path 1130
G0 X28.44 Y13.12
G1 X27.44 Y13.12 S300.00 F1000

; Pass 0 Path 1131
G0 X27.44 Y13.22
G1 X28.44 Y13.22 S300.00 F1000

; Pass 0 Path 1132
G0 X28.44 Y13.32
G1 X27.44 Y13.32 S300.00 F1000

; Pass 0 Path 1133
G0 X27.44 Y13.42
G1 X28.44 Y13.42 S300.00 F1000

; Pass 0 Path 1134
G0 X28.44 Y13.52
G1 X27.44 Y13.52 S300.00 F1000

; Pass 0 Path 1135
G0 X27.44 Y13.62
G1 X28.44 Y13.62 S300.00 F1000

; Pass 0 Path 1136
G0 X28.44 Y13.72
G1 X27.44 Y13.72 S300.00 F1000

; Pass 0 Path 1137
G0 X27.44 Y13.82
G1 X28.44 Y13.82 S300.00 F1000

; Pass 0 Path 1138
G0 X28.44 Y13.92
G1 X27.44 Y13.92 S300.00 F1000

; Pass 0 Path 1139
G0 X27.44 Y14.02
G1 X28.44 Y14.02 S300.00 F1000

; Pass 0 Path 1140
G0 X28.44 Y14.12
G1 X27.44 Y14.12 S300.00 F1000

; Pass 0 Path 1141
G0 X27.44 Y14.22
G1 X28.44 Y14.22 S300.00 F1000

; Pass 0 Path 1142
G0 X28.44 Y14.32
G1 X27.44 Y14.32 S300.00 F1000

; Pass 0 Path 1143
G0 X27.44 Y14.42
G1 X28.44 Y14.42 S300.00 F1000

; Pass 0 Path 1144
G0 X28.44 Y14.52
G1 X27.44 Y14.52 S300.00 F1000

; Pass 0 Path 1145
G0 X27.44 Y14.62
G1 X28.44 Y14.62 S300.00 F1000

; Pass 0 Path 1146
G0 X28.44 Y14.72
G1 X27.44 Y14.72 S300.00 F1000

; Pass 0 Path 1147
G0 X27.44 Y14.82
G1 X28.44 Y14.82 S300.00 F1000

; Pass 0 Path 1148
G0 X28.44 Y14.92
G1 X27.44 Y14.92 S300.00 F1000

; Pass 0 Path 1149
G0 X27.44 Y15.02
G1 X28.44 Y15.02 S300.00 F1000

; Pass 0 Path 1150
G0 X28.44 Y15.12
G1 X27.44 Y15.12 S300.00 F1000

; Pass 0 Path 1151
G0 X27.44 Y15.22
G1 X28.44 Y15.22 S300.00 F1000

; Pass 0 Path 1152
G0 X28.44 Y15.32
G1 X27.44 Y15.32 S300.00 F1000

; Pass 0 Path 1153
G0 X27.44 Y15.42
G1 X28.44 Y15.42 S300.00 F1000

; Pass 0 Path 1154
G0 X28.44 Y15.52
G1 X27.44 Y15.52 S300.00 F1000

; Pass 0 Path 1155
G0 X27.44 Y15.62
G1 X28.44 Y15.62 S300.00 F1000

; Pass 0 Path 1156
G0 X28.44 Y15.72
G1 X27.44 Y15.72 S300.00 F1000

; Pass 0 Path 1157
G0 X27.44 Y15.82
G1 X28.44 Y15.82 S300.00 F1000

; Pass 0 Path 1158
G0 X28.44 Y15.92
G1 X27.44 Y15.92 S300.00 F1000

; Pass 0 Path 1159
G0 X27.44 Y16.02
G1 X28.44 Y16.02 S300.00 F1000

; Pass 0 Path 1160
G0 X28.44 Y16.12
G1 X27.44 Y16.12 S300.00 F1000

; Pass 0 Path 1161
G0 X27.44 Y16.22
G1 X28.44 Y16.22 S300.00 F1000

; Pass 0 Path 1162
G0 X28.44 Y16.32
G1 X27.44 Y16.32 S300.00 F1000

; Pass 0 Path 1163
G0 X27.44 Y16.42
G1 X28.44 Y16.42 S300.00 F1000

; Pass 0 Path 1164
G0 X28.44 Y16.52
G1 X27.44 Y16.52 S300.00 F1000

; Pass 0 Path 1165
G0 X27.44 Y16.62
G1 X28.44 Y16.62 S300.00 F1000

; Pass 0 Path 1166
G0 X28.44 Y16.72
G1 X27.44 Y16.72 S300.00 F1000

; Pass 0 Path 1167
G0 X27.44 Y16.82
G1 X28.44 Y16.82 S300.00 F1000

; Pass 0 Path 1168
G0 X28.44 Y16.92
G1 X27.44 Y16.92 S300.00 F1000

; Pass 0 Path 1169
G0 X27.44 Y17.02
G1 X28.44 Y17.02 S300.00 F1000

; Pass 0 Path 1170
G0 X28.44 Y17.12
G1 X27.44 Y17.12 S300.00 F1000

; Pass 0 Path 1171
G0 X27.44 Y17.22
G1 X28.44 Y17.22 S300.00 F1000

; Pass 0 Path 1172
G0 X28.44 Y17.32
G1 X27.44 Y17.32 S300.00 F1000

; Pass 0 Path 1173
G0 X27.44 Y17.42
G1 X28.44 Y17.42 S300.00 F1000

; Pass 0 Path 1174
G0 X28.44 Y17.52
G1 X27.44 Y17.52 S300.00 F1000

; Pass 0 Path 1175
G0 X27.44 Y17.62
G1 X28.44 Y17.62 S300.00 F1000

; Pass 0 Path 1176
G0 X28.44 Y17.72
G1 X27.44 Y17.72 S300.00 F1000

; Pass 0 Path 1177
G0 X27.44 Y17.82
G1 X28.44 Y17.82 S300.00 F1000

; Pass 0 Path 1178
G0 X28.44 Y17.92
G1 X27.44 Y17.92 S300.00 F1000

; Pass 0 Path 1179
G0 X27.44 Y18.02
G1 X28.44 Y18.02 S300.00 F1000

; Pass 0 Path 1180
G0 X28.44 Y18.12
G1 X27.44 Y18.12 S300.00 F1000

; Pass 0 Path 1181
G0 X27.44 Y18.22
G1 X28.44 Y18.22 S300.00 F1000

; Pass 0 Path 1182
G0 X28.44 Y18.32
G1 X27.44 Y18.32 S300.00 F1000

; Pass 0 Path 1183
G0 X27.44 Y18.42
G1 X28.44 Y18.42 S300.00 F1000

; Pass 0 Path 1184
G0 X28.44 Y18.52
G1 X27.44 Y18.52 S300.00 F1000

; Pass 0 Path 1185
G0 X27.44 Y18.62
G1 X28.44 Y18.62 S300.00 F1000

; Pass 0 Path 1186
G0 X28.44 Y18.72
G1 X27.44 Y18.72 S300.00 F1000

; Pass 0 Path 1187
G0 X27.44 Y18.82
G1 X28.44 Y18.82 S300.00 F1000

; Pass 0 Path 1188
G0 X28.44 Y18.92
G1 X27.44 Y18.92 S300.00 F1000

; Pass 0 Path 1189
G0 X27.44 Y19.02
G1 X28.44 Y19.02 S300.00 F1000

; Pass 0 Path 1190
G0 X28.44 Y19.12
G1 X27.44 Y19.12 S300.00 F1000

; Pass 0 Path 1191
G0 X27.44 Y19.22
G1 X28.44 Y19.22 S300.00 F1000

; Pass 0 Path 1192
G0 X28.44 Y19.32
G1 X27.44 Y19.32 S300.00 F1000

; Pass 0 Path 1193
G0 X27.44 Y19.42
G1 X28.44 Y19.42 S300.00 F1000

; Pass 0 Path 1194
G0 X28.44 Y19.52
G1 X27.44 Y19.52 S300.00 F1000

; Pass 0 Path 1195
G0 X27.44 Y19.62
G1 X28.44 Y19.62 S300.00 F1000

; Pass 0 Path 1196
G0 X28.44 Y19.72
G1 X27.44 Y19.72 S300.00 F1000

; Pass 0 Path 1197
G0 X27.44 Y19.82
G1 X28.44 Y19.82 S300.00 F1000

; Pass 0 Path 1198
G0 X28.44 Y19.92
G1 X27.44 Y19.92 S300.00 F1000

; Pass 0 Path 1199
G0 X27.44 Y20.02
G1 X28.44 Y20.02 S300.00 F1000

; Pass 0 Path 1200
G0 X28.44 Y20.12
G1 X27.44 Y20.12 S300.00 F1000

; Pass 0 Path 1201
G0 X27.44 Y20.22
G1 X28.44 Y20.22 S300.00 F1000

; Pass 0 Path 1202
G0 X28.44 Y20.32
G1 X27.44 Y20.32 S300.00 F1000

; Pass 0 Path 1203
G0 X27.44 Y20.42
G1 X28.44 Y20.42 S300.00 F1000

; Pass 0 Path 1204
G0 X28.44 Y20.52
G1 X27.44 Y20.52 S300.00 F1000

; Pass 0 Path 1205
G0 X27.44 Y20.62
G1 X28.44 Y20.62 S300.00 F1000

; Pass 0 Path 1206
G0 X28.44 Y20.72
G1 X27.44 Y20.72 S300.00 F1000

; Pass 0 Path 1207
G0 X27.43 Y20.82
G1 X28.44 Y20.82 S300.00 F1000

; Pass 0 Path 1208
G0 X28.43 Y20.92
G1 X27.43 Y20.92 S300.00 F1000

; Pass 0 Path 1209
G0 X27.41 Y21.02
G1 X28.42 Y21.02 S300.00 F1000

; Pass 0 Path 1210
G0 X28.41 Y21.12
G1 X27.39 Y21.12 S300.00 F1000

; Pass 0 Path 1211
G0 X27.37 Y21.22
G1 X28.39 Y21.22 S300.00 F1000

; Pass 0 Path 1212
G0 X28.37 Y21.32
G1 X27.34 Y21.32 S300.00 F1000

; Pass 0 Path 1213
G0 X27.31 Y21.42
G1 X28.35 Y21.42 S300.00 F1000

; Pass 0 Path 1214
G0 X28.32 Y21.52
G1 X27.27 Y21.52 S300.00 F1000

; Pass 0 Path 1215
G0 X27.23 Y21.62
G1 X28.29 Y21.62 S300.00 F1000

; Pass 0 Path 1216
G0 X28.26 Y21.72
G1 X27.18 Y21.72 S300.00 F1000

; Pass 0 Path 1217
G0 X27.12 Y21.82
G1 X28.22 Y21.82 S300.00 F1000

; Pass 0 Path 1218
G0 X28.18 Y21.92
G1 X27.05 Y21.92 S300.00 F1000

; Pass 0 Path 1219
G0 X26.98 Y22.02
G1 X28.14 Y22.02 S300.00 F1000

; Pass 0 Path 1220
G0 X28.09 Y22.12
G1 X26.90 Y22.12 S300.00 F1000

; Pass 0 Path 1221
G0 X26.80 Y22.22
G1 X28.03 Y22.22 S300.00 F1000

; Pass 0 Path 1222
G0 X27.98 Y22.32
G1 X26.70 Y22.32 S300.00 F1000

; Pass 0 Path 1223
G0 X26.57 Y22.42
G1 X27.91 Y22.42 S300.00 F1000

; Pass 0 Path 1224
G0 X27.84 Y22.52
G1 X26.43 Y22.52 S300.00 F1000

; Pass 0 Path 1225
G0 X26.26 Y22.62
G1 X27.77 Y22.62 S300.00 F1000

; Pass 0 Path 1226
G0 X27.69 Y22.72
G1 X26.03 Y22.72 S300.00 F1000

; Pass 0 Path 1227
G0 X25.68 Y22.82
G1 X27.60 Y22.82 S300.00 F1000

; Pass 0 Path 1228
G0 X25.46 Y29.22
G1 X7.56 Y29.22 S300.00 F1000

; Pass 0 Path 1229
G0 X7.59 Y30.22
G1 X5.45 Y30.22 S300.00 F1000

; Pass 0 Path 1230
G0 X5.36 Y30.32
G1 X7.09 Y30.32 S300.00 F1000

; Pass 0 Path 1231
G0 X6.84 Y30.42
G1 X5.28 Y30.42 S300.00 F1000

; Pass 0 Path 1232
G0 X5.20 Y30.52
G1 X6.65 Y30.52 S300.00 F1000

; Pass 0 Path 1233
G0 X6.49 Y30.62
G1 X5.13 Y30.62 S300.00 F1000

; Pass 0 Path 1234
G0 X5.07 Y30.72
G1 X6.36 Y30.72 S300.00 F1000

; Pass 0 Path 1235
G0 X6.25 Y30.82
G1 X5.01 Y30.82 S300.00 F1000

; Pass 0 Path 1236
G0 X4.95 Y30.92
G1 X6.16 Y30.92 S300.00 F1000

; Pass 0 Path 1237
G0 X6.07 Y31.02
G1 X4.90 Y31.02 S300.00 F1000

; Pass 0 Path 1238
G0 X4.85 Y31.12
G1 X5.99 Y31.12 S300.00 F1000

; Pass 0 Path 1239
G0 X5.92 Y31.22
G1 X4.81 Y31.22 S300.00 F1000

; Pass 0 Path 1240
G0 X4.77 Y31.32
G1 X5.86 Y31.32 S300.00 F1000

; Pass 0 Path 1241
G0 X5.81 Y31.42
G1 X4.74 Y31.42 S300.00 F1000

; Pass 0 Path 1242
G0 X4.71 Y31.52
G1 X5.76 Y31.52 S300.00 F1000

; Pass 0 Path 1243
G0 X5.72 Y31.62
G1 X4.68 Y31.62 S300.00 F1000

; Pass 0 Path 1244
G0 X4.66 Y31.72
G1 X5.69 Y31.72 S300.00 F1000

; Pass 0 Path 1245
G0 X5.66 Y31.82
G1 X4.64 Y31.82 S300.00 F1000

; Pass 0 Path 1246
G0 X4.62 Y31.92
G1 X5.63 Y31.92 S300.00 F1000

; Pass 0 Path 1247
G0 X5.61 Y32.02
G1 X4.60 Y32.02 S300.00 F1000

; Pass 0 Path 1248
G0 X4.59 Y32.12
G1 X5.60 Y32.12 S300.00 F1000

; Pass 0 Path 1249
G0 X5.59 Y32.22
G1 X4.59 Y32.22 S300.00 F1000

; Pass 0 Path 1250
G0 X4.58 Y32.32
G1 X5.58 Y32.32 S300.00 F1000

; Pass 0 Path 1251
G0 X5.58 Y32.42
G1 X4.58 Y32.42 S300.00 F1000

; Pass 0 Path 1252
G0 X4.58 Y32.52
G1 X5.58 Y32.52 S300.00 F1000

; Pass 0 Path 1253
G0 X5.58 Y32.62
G1 X4.58 Y32.62 S300.00 F1000

; Pass 0 Path 1254
G0 X4.58 Y32.72
G1 X5.58 Y32.72 S300.00 F1000

; Pass 0 Path 1255
G0 X5.58 Y32.82
G1 X4.58 Y32.82 S300.00 F1000

; Pass 0 Path 1256
G0 X4.58 Y32.92
G1 X5.58 Y32.92 S300.00 F1000

; Pass 0 Path 1257
G0 X5.58 Y33.02
G1 X4.58 Y33.02 S300.00 F1000

; Pass 0 Path 1258
G0 X4.58 Y33.12
G1 X5.58 Y33.12 S300.00 F1000

; Pass 0 Path 1259
G0 X5.58 Y33.22
G1 X4.58 Y33.22 S300.00 F1000

; Pass 0 Path 1260
G0 X4.58 Y33.32
G1 X5.58 Y33.32 S300.00 F1000

; Pass 0 Path 1261
G0 X5.58 Y33.42
G1 X4.58 Y33.42 S300.00 F1000

; Pass 0 Path 1262
G0 X4.58 Y33.52
G1 X5.58 Y33.52 S300.00 F1000

; Pass 0 Path 1263
G0 X5.58 Y33.62
G1 X4.58 Y33.62 S300.00 F1000

; Pass 0 Path 1264
G0 X4.58 Y33.72
G1 X5.58 Y33.72 S300.00 F1000

; Pass 0 Path 1265
G0 X5.58 Y33.82
G1 X4.58 Y33.82 S300.00 F1000

; Pass 0 Path 1266
G0 X4.58 Y33.92
G1 X5.58 Y33.92 S300.00 F1000

; Pass 0 Path 1267
G0 X5.58 Y34.02
G1 X4.58 Y34.02 S300.00 F1000

; Pass 0 Path 1268
G0 X4.58 Y34.12
G1 X5.58 Y34.12 S300.00 F1000

; Pass 0 Path 1269
G0 X5.58 Y34.22
G1 X4.58 Y34.22 S300.00 F1000

; Pass 0 Path 1270
G0 X4.58 Y34.32
G1 X5.58 Y34.32 S300.00 F1000

; Pass 0 Path 1271
G0 X5.58 Y34.42
G1 X4.58 Y34.42 S300.00 F1000

; Pass 0 Path 1272
G0 X4.58 Y34.52
G1 X5.58 Y34.52 S300.00 F1000

; Pass 0 Path 1273
G0 X5.58 Y34.62
G1 X4.58 Y34.62 S300.00 F1000

; Pass 0 Path 1274
G0 X4.58 Y34.72
G1 X5.58 Y34.72 S300.00 F1000

; Pass 0 Path 1275
G0 X5.58 Y34.82
G1 X4.58 Y34.82 S300.00 F1000

; Pass 0 Path 1276
G0 X4.58 Y34.92
G1 X5.58 Y34.92 S300.00 F1000

; Pass 0 Path 1277
G0 X5.58 Y35.02
G1 X4.58 Y35.02 S300.00 F1000

; Pass 0 Path 1278
G0 X4.58 Y35.12
G1 X5.58 Y35.12 S300.00 F1000

; Pass 0 Path 1279
G0 X5.58 Y35.22
G1 X4.58 Y35.22 S300.00 F1000

; Pass 0 Path 1280
G0 X4.58 Y35.32
G1 X5.58 Y35.32 S300.00 F1000

; Pass 0 Path 1281
G0 X5.58 Y35.42
G1 X4.58 Y35.42 S300.00 F1000

; Pass 0 Path 1282
G0 X4.58 Y35.52
G1 X5.58 Y35.52 S300.00 F1000

; Pass 0 Path 1283
G0 X5.58 Y35.62
G1 X4.58 Y35.62 S300.00 F1000

; Pass 0 Path 1284
G0 X4.58 Y35.72
G1 X5.58 Y35.72 S300.00 F1000

; Pass 0 Path 1285
G0 X5.58 Y35.82
G1 X4.58 Y35.82 S300.00 F1000

; Pass 0 Path 1286
G0 X4.58 Y35.92
G1 X5.58 Y35.92 S300.00 F1000

; Pass 0 Path 1287
G0 X5.58 Y36.02
G1 X4.58 Y36.02 S300.00 F1000

; Pass 0 Path 1288
G0 X4.58 Y36.12
G1 X5.58 Y36.12 S300.00 F1000

; Pass 0 Path 1289
G0 X5.58 Y36.22
G1 X4.58 Y36.22 S300.00 F1000

; Pass 0 Path 1290
G0 X4.58 Y36.32
G1 X5.58 Y36.32 S300.00 F1000

; Pass 0 Path 1291
G0 X5.58 Y36.42
G1 X4.58 Y36.42 S300.00 F1000

; Pass 0 Path 1292
G0 X4.58 Y36.52
G1 X5.58 Y36.52 S300.00 F1000

; Pass 0 Path 1293
G0 X5.58 Y36.62
G1 X4.58 Y36.62 S300.00 F1000

; Pass 0 Path 1294
G0 X4.58 Y36.72
G1 X5.58 Y36.72 S300.00 F1000

; Pass 0 Path 1295
G0 X5.58 Y36.82
G1 X4.58 Y36.82 S300.00 F1000

; Pass 0 Path 1296
G0 X4.58 Y36.92
G1 X5.58 Y36.92 S300.00 F1000

; Pass 0 Path 1297
G0 X5.58 Y37.02
G1 X4.58 Y37.02 S300.00 F1000

; Pass 0 Path 1298
G0 X4.58 Y37.12
G1 X5.58 Y37.12 S300.00 F1000

; Pass 0 Path 1299
G0 X5.58 Y37.22
G1 X4.58 Y37.22 S300.00 F1000

; Pass 0 Path 1300
G0 X4.58 Y37.32
G1 X5.58 Y37.32 S300.00 F1000

; Pass 0 Path 1301
G0 X5.58 Y37.42
G1 X4.58 Y37.42 S300.00 F1000

; Pass 0 Path 1302
G0 X4.58 Y37.52
G1 X5.58 Y37.52 S300.00 F1000

; Pass 0 Path 1303
G0 X5.58 Y37.62
G1 X4.58 Y37.62 S300.00 F1000

; Pass 0 Path 1304
G0 X4.58 Y37.72
G1 X5.58 Y37.72 S300.00 F1000

; Pass 0 Path 1305
G0 X5.58 Y37.82
G1 X4.58 Y37.82 S300.00 F1000

; Pass 0 Path 1306
G0 X4.58 Y37.92
G1 X5.58 Y37.92 S300.00 F1000

; Pass 0 Path 1307
G0 X5.58 Y38.02
G1 X4.58 Y38.02 S300.00 F1000

; Pass 0 Path 1308
G0 X4.58 Y38.12
G1 X5.58 Y38.12 S300.00 F1000

; Pass 0 Path 1309
G0 X5.58 Y38.22
G1 X4.58 Y38.22 S300.00 F1000

; Pass 0 Path 1310
G0 X4.58 Y38.32
G1 X5.58 Y38.32 S300.00 F1000

; Pass 0 Path 1311
G0 X5.58 Y38.42
G1 X4.58 Y38.42 S300.00 F1000

; Pass 0 Path 1312
G0 X4.58 Y38.52
G1 X5.58 Y38.52 S300.00 F1000

; Pass 0 Path 1313
G0 X5.58 Y38.62
G1 X4.58 Y38.62 S300.00 F1000

; Pass 0 Path 1314
G0 X4.58 Y38.72
G1 X5.58 Y38.72 S300.00 F1000

; Pass 0 Path 1315
G0 X5.58 Y38.82
G1 X4.58 Y38.82 S300.00 F1000

; Pass 0 Path 1316
G0 X4.58 Y38.92
G1 X5.58 Y38.92 S300.00 F1000

; Pass 0 Path 1317
G0 X5.58 Y39.02
G1 X4.58 Y39.02 S300.00 F1000

; Pass 0 Path 1318
G0 X4.58 Y39.12
G1 X5.58 Y39.12 S300.00 F1000

; Pass 0 Path 1319
G0 X5.58 Y39.22
G1 X4.58 Y39.22 S300.00 F1000

; Pass 0 Path 1320
G0 X4.58 Y39.32
G1 X5.58 Y39.32 S300.00 F1000

; Pass 0 Path 1321
G0 X5.58 Y39.42
G1 X4.58 Y39.42 S300.00 F1000

; Pass 0 Path 1322
G0 X4.58 Y39.52
G1 X5.58 Y39.52 S300.00 F1000

; Pass 0 Path 1323
G0 X5.58 Y39.62
G1 X4.58 Y39.62 S300.00 F1000

; Pass 0 Path 1324
G0 X4.58 Y39.72
G1 X5.58 Y39.72 S300.00 F1000

; Pass 0 Path 1325
G0 X5.58 Y39.82
G1 X4.58 Y39.82 S300.00 F1000

; Pass 0 Path 1326
G0 X4.58 Y39.92
G1 X5.58 Y39.92 S300.00 F1000

; Pass 0 Path 1327
G0 X5.58 Y40.02
G1 X4.58 Y40.02 S300.00 F1000

; Pass 0 Path 1328
G0 X4.58 Y40.12
G1 X5.58 Y40.12 S300.00 F1000

; Pass 0 Path 1329
G0 X5.58 Y40.22
G1 X4.58 Y40.22 S300.00 F1000

; Pass 0 Path 1330
G0 X4.58 Y40.32
G1 X5.58 Y40.32 S300.00 F1000

; Pass 0 Path 1331
G0 X5.58 Y40.42
G1 X4.58 Y40.42 S300.00 F1000

; Pass 0 Path 1332
G0 X4.58 Y40.52
G1 X5.58 Y40.52 S300.00 F1000

; Pass 0 Path 1333
G0 X5.58 Y40.62
G1 X4.58 Y40.62 S300.00 F1000

; Pass 0 Path 1334
G0 X4.58 Y40.72
G1 X5.58 Y40.72 S300.00 F1000

; Pass 0 Path 1335
G0 X5.58 Y40.82
G1 X4.58 Y40.82 S300.00 F1000

; Pass 0 Path 1336
G0 X4.58 Y40.92
G1 X5.58 Y40.92 S300.00 F1000

; Pass 0 Path 1337
G0 X5.58 Y41.02
G1 X4.58 Y41.02 S300.00 F1000

; Pass 0 Path 1338
G0 X4.58 Y41.12
G1 X5.58 Y41.12 S300.00 F1000

; Pass 0 Path 1339
G0 X5.58 Y41.22
G1 X4.58 Y41.22 S300.00 F1000

; Pass 0 Path 1340
G0 X4.58 Y41.32
G1 X5.58 Y41.32 S300.00 F1000

; Pass 0 Path 1341
G0 X5.58 Y41.42
G1 X4.58 Y41.42 S300.00 F1000

; Pass 0 Path 1342
G0 X4.58 Y41.52
G1 X5.58 Y41.52 S300.00 F1000

; Pass 0 Path 1343
G0 X5.58 Y41.62
G1 X4.58 Y41.62 S300.00 F1000

; Pass 0 Path 1344
G0 X4.58 Y41.72
G1 X5.58 Y41.72 S300.00 F1000

; Pass 0 Path 1345
G0 X5.58 Y41.82
G1 X4.58 Y41.82 S300.00 F1000

; Pass 0 Path 1346
G0 X4.58 Y41.92
G1 X5.58 Y41.92 S300.00 F1000

; Pass 0 Path 1347
G0 X5.58 Y42.02
G1 X4.58 Y42.02 S300.00 F1000

; Pass 0 Path 1348
G0 X4.58 Y42.12
G1 X5.58 Y42.12 S300.00 F1000

; Pass 0 Path 1349
G0 X5.58 Y42.22
G1 X4.58 Y42.22 S300.00 F1000

; Pass 0 Path 1350
G0 X4.58 Y42.32
G1 X5.58 Y42.32 S300.00 F1000

; Pass 0 Path 1351
G0 X5.58 Y42.42
G1 X4.58 Y42.42 S300.00 F1000

; Pass 0 Path 1352
G0 X4.58 Y42.52
G1 X5.58 Y42.52 S300.00 F1000

; Pass 0 Path 1353
G0 X5.58 Y42.62
G1 X4.58 Y42.62 S300.00 F1000

; Pass 0 Path 1354
G0 X4.58 Y42.72
G1 X5.58 Y42.72 S300.00 F1000

; Pass 0 Path 1355
G0 X5.58 Y42.82
G1 X4.58 Y42.82 S300.00 F1000

; Pass 0 Path 1356
G0 X4.58 Y42.92
G1 X5.58 Y42.92 S300.00 F1000

; Pass 0 Path 1357
G0 X5.58 Y43.02
G1 X4.58 Y43.02 S300.00 F1000

; Pass 0 Path 1358
G0 X4.58 Y43.12
G1 X5.58 Y43.12 S300.00 F1000

; Pass 0 Path 1359
G0 X5.58 Y43.22
G1 X4.58 Y43.22 S300.00 F1000

; Pass 0 Path 1360
G0 X4.58 Y43.32
G1 X5.58 Y43.32 S300.00 F1000

; Pass 0 Path 1361
G0 X5.58 Y43.42
G1 X4.58 Y43.42 S300.00 F1000

; Pass 0 Path 1362
G0 X4.58 Y43.52
G1 X5.58 Y43.52 S300.00 F1000

; Pass 0 Path 1363
G0 X5.58 Y43.62
G1 X4.58 Y43.62 S300.00 F1000

; Pass 0 Path 1364
G0 X4.58 Y43.72
G1 X5.58 Y43.72 S300.00 F1000

; Pass 0 Path 1365
G0 X5.58 Y43.82
G1 X4.58 Y43.82 S300.00 F1000

; Pass 0 Path 1366
G0 X4.58 Y43.92
G1 X5.58 Y43.92 S300.00 F1000

; Pass 0 Path 1367
G0 X5.58 Y44.02
G1 X4.58 Y44.02 S300.00 F1000

; Pass 0 Path 1368
G0 X4.58 Y44.12
G1 X5.58 Y44.12 S300.00 F1000

; Pass 0 Path 1369
G0 X5.58 Y44.22
G1 X4.58 Y44.22 S300.00 F1000

; Pass 0 Path 1370
G0 X4.58 Y44.32
G1 X5.58 Y44.32 S300.00 F1000

; Pass 0 Path 1371
G0 X5.58 Y44.42
G1 X4.58 Y44.42 S300.00 F1000

; Pass 0 Path 1372
G0 X4.58 Y44.52
G1 X5.58 Y44.52 S300.00 F1000

; Pass 0 Path 1373
G0 X5.58 Y44.62
G1 X4.58 Y44.62 S300.00 F1000

; Pass 0 Path 1374
G0 X4.58 Y44.72
G1 X5.58 Y44.72 S300.00 F1000

; Pass 0 Path 1375
G0 X5.58 Y44.82
G1 X4.58 Y44.82 S300.00 F1000

; Pass 0 Path 1376
G0 X4.58 Y44.92
G1 X5.58 Y44.92 S300.00 F1000

; Pass 0 Path 1377
G0 X5.58 Y45.02
G1 X4.58 Y45.02 S300.00 F1000

; Pass 0 Path 1378
G0 X4.58 Y45.12
G1 X5.58 Y45.12 S300.00 F1000

; Pass 0 Path 1379
G0 X5.58 Y45.22
G1 X4.58 Y45.22 S300.00 F1000

; Pass 0 Path 1380
G0 X4.58 Y45.32
G1 X5.58 Y45.32 S300.00 F1000

; Pass 0 Path 1381
G0 X5.58 Y45.42
G1 X4.58 Y45.42 S300.00 F1000

; Pass 0 Path 1382
G0 X4.58 Y45.52
G1 X5.58 Y45.52 S300.00 F1000

; Pass 0 Path 1383
G0 X5.58 Y45.62
G1 X4.58 Y45.62 S300.00 F1000

; Pass 0 Path 1384
G0 X4.58 Y45.72
G1 X5.58 Y45.72 S300.00 F1000

; Pass 0 Path 1385
G0 X5.58 Y45.82
G1 X4.58 Y45.82 S300.00 F1000

; Pass 0 Path 1386
G0 X4.58 Y45.92
G1 X5.58 Y45.92 S300.00 F1000

; Pass 0 Path 1387
G0 X5.58 Y46.02
G1 X4.58 Y46.02 S300.00 F1000

; Pass 0 Path 1388
G0 X4.58 Y46.12
G1 X5.58 Y46.12 S300.00 F1000

; Pass 0 Path 1389
G0 X5.58 Y46.22
G1 X4.58 Y46.22 S300.00 F1000

; Pass 0 Path 1390
G0 X4.58 Y46.32
G1 X5.58 Y46.32 S300.00 F1000

; Pass 0 Path 1391
G0 X5.58 Y46.42
G1 X4.58 Y46.42 S300.00 F1000

; Pass 0 Path 1392
G0 X4.58 Y46.52
G1 X5.58 Y46.52 S300.00 F1000

; Pass 0 Path 1393
G0 X5.58 Y46.62
G1 X4.58 Y46.62 S300.00 F1000

; Pass 0 Path 1394
G0 X4.58 Y46.72
G1 X5.58 Y46.72 S300.00 F1000

; Pass 0 Path 1395
G0 X5.58 Y46.82
G1 X4.58 Y46.82 S300.00 F1000

; Pass 0 Path 1396
G0 X4.58 Y46.92
G1 X5.58 Y46.92 S300.00 F1000

; Pass 0 Path 1397
G0 X5.58 Y47.02
G1 X4.58 Y47.02 S300.00 F1000

; Pass 0 Path 1398
G0 X4.58 Y47.12
G1 X5.58 Y47.12 S300.00 F1000

; Pass 0 Path 1399
G0 X5.58 Y47.22
G1 X4.58 Y47.22 S300.00 F1000

; Pass 0 Path 1400
G0 X4.58 Y47.32
G1 X5.58 Y47.32 S300.00 F1000

; Pass 0 Path 1401
G0 X5.58 Y47.42
G1 X4.58 Y47.42 S300.00 F1000

; Pass 0 Path 1402
G0 X4.58 Y47.52
G1 X5.58 Y47.52 S300.00 F1000

; Pass 0 Path 1403
G0 X5.58 Y47.62
G1 X4.58 Y47.62 S300.00 F1000

; Pass 0 Path 1404
G0 X4.58 Y47.72
G1 X5.58 Y47.72 S300.00 F1000

; Pass 0 Path 1405
G0 X5.58 Y47.82
G1 X4.58 Y47.82 S300.00 F1000

; Pass 0 Path 1406
G0 X4.58 Y47.92
G1 X5.58 Y47.92 S300.00 F1000

; Pass 0 Path 1407
G0 X5.58 Y48.02
G1 X4.58 Y48.02 S300.00 F1000

; Pass 0 Path 1408
G0 X4.58 Y48.12
G1 X5.58 Y48.12 S300.00 F1000

; Pass 0 Path 1409
G0 X5.58 Y48.22
G1 X4.58 Y48.22 S300.00 F1000

; Pass 0 Path 1410
G0 X4.58 Y48.32
G1 X5.58 Y48.32 S300.00 F1000

; Pass 0 Path 1411
G0 X5.58 Y48.42
G1 X4.58 Y48.42 S300.00 F1000

; Pass 0 Path 1412
G0 X4.58 Y48.52
G1 X5.58 Y48.52 S300.00 F1000

; Pass 0 Path 1413
G0 X5.58 Y48.62
G1 X4.58 Y48.62 S300.00 F1000

; Pass 0 Path 1414
G0 X4.58 Y48.72
G1 X5.58 Y48.72 S300.00 F1000

; Pass 0 Path 1415
G0 X5.58 Y48.82
G1 X4.58 Y48.82 S300.00 F1000

; Pass 0 Path 1416
G0 X4.58 Y48.92
G1 X5.58 Y48.92 S300.00 F1000

; Pass 0 Path 1417
G0 X5.58 Y49.02
G1 X4.58 Y49.02 S300.00 F1000

; Pass 0 Path 1418
G0 X4.58 Y49.12
G1 X5.58 Y49.12 S300.00 F1000

; Pass 0 Path 1419
G0 X5.58 Y49.22
G1 X4.58 Y49.22 S300.00 F1000

; Pass 0 Path 1420
G0 X4.58 Y49.32
G1 X5.58 Y49.32 S300.00 F1000

; Pass 0 Path 1421
G0 X5.58 Y49.42
G1 X4.58 Y49.42 S300.00 F1000

; Pass 0 Path 1422
G0 X4.58 Y49.52
G1 X5.58 Y49.52 S300.00 F1000

; Pass 0 Path 1423
G0 X5.58 Y49.62
G1 X4.58 Y49.62 S300.00 F1000

; Pass 0 Path 1424
G0 X4.58 Y49.72
G1 X5.58 Y49.72 S300.00 F1000

; Pass 0 Path 1425
G0 X5.58 Y49.82
G1 X4.58 Y49.82 S300.00 F1000

; Pass 0 Path 1426
G0 X4.58 Y49.92
G1 X5.58 Y49.92 S300.00 F1000

; Pass 0 Path 1427
G0 X5.58 Y50.02
G1 X4.58 Y50.02 S300.00 F1000

; Pass 0 Path 1428
G0 X4.59 Y50.12
G1 X5.59 Y50.12 S300.00 F1000

; Pass 0 Path 1429
G0 X5.61 Y50.22
G1 X4.60 Y50.22 S300.00 F1000

; Pass 0 Path 1430
G0 X4.61 Y50.32
G1 X5.62 Y50.32 S300.00 F1000

; Pass 0 Path 1431
G0 X5.65 Y50.42
G1 X4.63 Y50.42 S300.00 F1000

; Pass 0 Path 1432
G0 X4.65 Y50.52
G1 X5.67 Y50.52 S300.00 F1000

; Pass 0 Path 1433
G0 X5.71 Y50.62
G1 X4.67 Y50.62 S300.00 F1000

; Pass 0 Path 1434
G0 X4.69 Y50.72
G1 X5.75 Y50.72 S300.00 F1000

; Pass 0 Path 1435
G0 X5.79 Y50.82
G1 X4.72 Y50.82 S300.00 F1000

; Pass 0 Path 1436
G0 X4.76 Y50.92
G1 X5.84 Y50.92 S300.00 F1000

; Pass 0 Path 1437
G0 X5.90 Y51.02
G1 X4.79 Y51.02 S300.00 F1000

; Pass 0 Path 1438
G0 X4.83 Y51.12
G1 X5.96 Y51.12 S300.00 F1000

; Pass 0 Path 1439
G0 X6.03 Y51.22
G1 X4.88 Y51.22 S300.00 F1000

; Pass 0 Path 1440
G0 X4.93 Y51.32
G1 X6.11 Y51.32 S300.00 F1000

; Pass 0 Path 1441
G0 X6.21 Y51.42
G1 X4.98 Y51.42 S300.00 F1000

; Pass 0 Path 1442
G0 X5.04 Y51.52
G1 X6.31 Y51.52 S300.00 F1000

; Pass 0 Path 1443
G0 X6.43 Y51.62
G1 X5.10 Y51.62 S300.00 F1000

; Pass 0 Path 1444
G0 X5.17 Y51.72
G1 X6.57 Y51.72 S300.00 F1000

; Pass 0 Path 1445
G0 X6.74 Y51.82
G1 X5.24 Y51.82 S300.00 F1000

; Pass 0 Path 1446
G0 X5.32 Y51.92
G1 X6.96 Y51.92 S300.00 F1000

; Pass 0 Path 1447
G0 X7.29 Y52.02
G1 X5.41 Y52.02 S300.00 F1000

; Pass 0 Path 1448
G0 X7.00 Y58.52
G1 X26.02 Y58.52 S300.00 F1000

; Pass 0 Path 1449
G0 X26.34 Y58.62
G1 X6.68 Y58.62 S300.00 F1000

; Pass 0 Path 1450
G0 X6.44 Y58.72
G1 X26.58 Y58.72 S300.00 F1000

; Pass 0 Path 1451
G0 X26.78 Y58.82
G1 X6.24 Y58.82 S300.00 F1000

; Pass 0 Path 1452
G0 X6.07 Y58.92
G1 X26.95 Y58.92 S300.00 F1000

; Pass 0 Path 1453
G0 X27.10 Y59.02
G1 X5.92 Y59.02 S300.00 F1000

; Pass 0 Path 1454
G0 X5.79 Y59.12
G1 X27.23 Y59.12 S300.00 F1000

; Pass 0 Path 1455
G0 X27.35 Y59.22
G1 X5.67 Y59.22 S300.00 F1000

; Pass 0 Path 1456
G0 X5.56 Y59.32
G1 X27.46 Y59.32 S300.00 F1000

; Pass 0 Path 1457
G0 X27.56 Y59.42
G1 X5.46 Y59.42 S300.00 F1000

; Pass 0 Path 1458
G0 X5.37 Y59.52
G1 X7.13 Y59.52 S300.00 F1000

; Pass 0 Path 1459
G0 X6.86 Y59.62
G1 X5.29 Y59.62 S300.00 F1000

; Pass 0 Path 1460
G0 X5.21 Y59.72
G1 X6.67 Y59.72 S300.00 F1000

; Pass 0 Path 1461
G0 X6.51 Y59.82
G1 X5.14 Y59.82 S300.00 F1000

; Pass 0 Path 1462
G0 X5.07 Y59.92
G1 X6.38 Y59.92 S300.00 F1000

; Pass 0 Path 1463
G0 X6.26 Y60.02
G1 X5.01 Y60.02 S300.00 F1000

; Pass 0 Path 1464
G0 X4.96 Y60.12
G1 X6.16 Y60.12 S300.00 F1000

; Pass 0 Path 1465
G0 X6.08 Y60.22
G1 X4.90 Y60.22 S300.00 F1000

; Pass 0 Path 1466
G0 X4.86 Y60.32
G1 X6.00 Y60.32 S300.00 F1000

; Pass 0 Path 1467
G0 X5.93 Y60.42
G1 X4.82 Y60.42 S300.00 F1000

; Pass 0 Path 1468
G0 X4.78 Y60.52
G1 X5.87 Y60.52 S300.00 F1000

; Pass 0 Path 1469
G0 X5.82 Y60.62
G1 X4.74 Y60.62 S300.00 F1000

; Pass 0 Path 1470
G0 X4.71 Y60.72
G1 X5.77 Y60.72 S300.00 F1000

; Pass 0 Path 1471
G0 X5.73 Y60.82
G1 X4.68 Y60.82 S300.00 F1000

; Pass 0 Path 1472
G0 X4.66 Y60.92
G1 X5.69 Y60.92 S300.00 F1000

; Pass 0 Path 1473
G0 X5.66 Y61.02
G1 X4.64 Y61.02 S300.00 F1000

; Pass 0 Path 1474
G0 X4.62 Y61.12
G1 X5.64 Y61.12 S300.00 F1000

; Pass 0 Path 1475
G0 X5.62 Y61.22
G1 X4.61 Y61.22 S300.00 F1000

; Pass 0 Path 1476
G0 X4.59 Y61.32
G1 X5.60 Y61.32 S300.00 F1000

; Pass 0 Path 1477
G0 X5.59 Y61.42
G1 X4.59 Y61.42 S300.00 F1000

; Pass 0 Path 1478
G0 X4.58 Y61.52
G1 X5.58 Y61.52 S300.00 F1000

; Pass 0 Path 1479
G0 X5.58 Y61.62
G1 X4.58 Y61.62 S300.00 F1000

; Pass 0 Path 1480
G0 X4.58 Y61.72
G1 X5.58 Y61.72 S300.00 F1000

; Pass 0 Path 1481
G0 X5.58 Y61.82
G1 X4.58 Y61.82 S300.00 F1000

; Pass 0 Path 1482
G0 X4.58 Y61.92
G1 X5.58 Y61.92 S300.00 F1000

; Pass 0 Path 1483
G0 X5.58 Y62.02
G1 X4.58 Y62.02 S300.00 F1000

; Pass 0 Path 1484
G0 X4.58 Y62.12
G1 X5.58 Y62.12 S300.00 F1000

; Pass 0 Path 1485
G0 X5.58 Y62.22
G1 X4.58 Y62.22 S300.00 F1000

; Pass 0 Path 1486
G0 X4.58 Y62.32
G1 X5.58 Y62.32 S300.00 F1000

; Pass 0 Path 1487
G0 X5.58 Y62.42
G1 X4.58 Y62.42 S300.00 F1000

; Pass 0 Path 1488
G0 X4.58 Y62.52
G1 X5.58 Y62.52 S300.00 F1000

; Pass 0 Path 1489
G0 X5.58 Y62.62
G1 X4.58 Y62.62 S300.00 F1000

; Pass 0 Path 1490
G0 X4.58 Y62.72
G1 X5.58 Y62.72 S300.00 F1000

; Pass 0 Path 1491
G0 X5.58 Y62.82
G1 X4.58 Y62.82 S300.00 F1000

; Pass 0 Path 1492
G0 X4.58 Y62.92
G1 X5.58 Y62.92 S300.00 F1000

; Pass 0 Path 1493
G0 X5.58 Y63.02
G1 X4.58 Y63.02 S300.00 F1000

; Pass 0 Path 1494
G0 X4.58 Y63.12
G1 X5.58 Y63.12 S300.00 F1000

; Pass 0 Path 1495
G0 X5.58 Y63.22
G1 X4.58 Y63.22 S300.00 F1000

; Pass 0 Path 1496
G0 X4.58 Y63.32
G1 X5.58 Y63.32 S300.00 F1000

; Pass 0 Path 1497
G0 X5.58 Y63.42
G1 X4.58 Y63.42 S300.00 F1000

; Pass 0 Path 1498
G0 X4.58 Y63.52
G1 X5.58 Y63.52 S300.00 F1000

; Pass 0 Path 1499
G0 X5.58 Y63.62
G1 X4.58 Y63.62 S300.00 F1000

; Pass 0 Path 1500
G0 X4.58 Y63.72
G1 X5.58 Y63.72 S300.00 F1000

; Pass 0 Path 1501
G0 X5.58 Y63.82
G1 X4.58 Y63.82 S300.00 F1000

; Pass 0 Path 1502
G0 X4.58 Y63.92
G1 X5.58 Y63.92 S300.00 F1000

; Pass 0 Path 1503
G0 X5.58 Y64.02
G1 X4.58 Y64.02 S300.00 F1000

; Pass 0 Path 1504
G0 X4.58 Y64.12
G1 X5.58 Y64.12 S300.00 F1000

; Pass 0 Path 1505
G0 X5.58 Y64.22
G1 X4.58 Y64.22 S300.00 F1000

; Pass 0 Path 1506
G0 X4.58 Y64.32
G1 X5.58 Y64.32 S300.00 F1000

; Pass 0 Path 1507
G0 X5.58 Y64.42
G1 X4.58 Y64.42 S300.00 F1000

; Pass 0 Path 1508
G0 X4.58 Y64.52
G1 X5.58 Y64.52 S300.00 F1000

; Pass 0 Path 1509
G0 X5.58 Y64.62
G1 X4.58 Y64.62 S300.00 F1000

; Pass 0 Path 1510
G0 X4.58 Y64.72
G1 X5.58 Y64.72 S300.00 F1000

; Pass 0 Path 1511
G0 X5.58 Y64.82
G1 X4.58 Y64.82 S300.00 F1000

; Pass 0 Path 1512
G0 X4.58 Y64.92
G1 X5.58 Y64.92 S300.00 F1000

; Pass 0 Path 1513
G0 X5.58 Y65.02
G1 X4.58 Y65.02 S300.00 F1000

; Pass 0 Path 1514
G0 X4.58 Y65.12
G1 X5.58 Y65.12 S300.00 F1000

; Pass 0 Path 1515
G0 X5.58 Y65.22
G1 X4.58 Y65.22 S300.00 F1000

; Pass 0 Path 1516
G0 X4.58 Y65.32
G1 X5.58 Y65.32 S300.00 F1000

; Pass 0 Path 1517
G0 X5.58 Y65.42
G1 X4.58 Y65.42 S300.00 F1000

; Pass 0 Path 1518
G0 X4.58 Y65.52
G1 X5.58 Y65.52 S300.00 F1000

; Pass 0 Path 1519
G0 X5.58 Y65.62
G1 X4.58 Y65.62 S300.00 F1000

; Pass 0 Path 1520
G0 X4.58 Y65.72
G1 X5.58 Y65.72 S300.00 F1000

; Pass 0 Path 1521
G0 X5.58 Y65.82
G1 X4.58 Y65.82 S300.00 F1000

; Pass 0 Path 1522
G0 X4.58 Y65.92
G1 X5.58 Y65.92 S300.00 F1000

; Pass 0 Path 1523
G0 X5.58 Y66.02
G1 X4.58 Y66.02 S300.00 F1000

; Pass 0 Path 1524
G0 X4.58 Y66.12
G1 X5.58 Y66.12 S300.00 F1000

; Pass 0 Path 1525
G0 X5.58 Y66.22
G1 X4.58 Y66.22 S300.00 F1000

; Pass 0 Path 1526
G0 X4.58 Y66.32
G1 X5.58 Y66.32 S300.00 F1000

; Pass 0 Path 1527
G0 X5.58 Y66.42
G1 X4.58 Y66.42 S300.00 F1000

; Pass 0 Path 1528
G0 X4.58 Y66.52
G1 X5.58 Y66.52 S300.00 F1000

; Pass 0 Path 1529
G0 X5.58 Y66.62
G1 X4.58 Y66.62 S300.00 F1000

; Pass 0 Path 1530
G0 X4.58 Y66.72
G1 X5.58 Y66.72 S300.00 F1000

; Pass 0 Path 1531
G0 X5.58 Y66.82
G1 X4.58 Y66.82 S300.00 F1000

; Pass 0 Path 1532
G0 X4.58 Y66.92
G1 X5.58 Y66.92 S300.00 F1000

; Pass 0 Path 1533
G0 X5.58 Y67.02
G1 X4.58 Y67.02 S300.00 F1000

; Pass 0 Path 1534
G0 X4.58 Y67.12
G1 X5.58 Y67.12 S300.00 F1000

; Pass 0 Path 1535
G0 X5.58 Y67.22
G1 X4.58 Y67.22 S300.00 F1000

; Pass 0 Path 1536
G0 X4.58 Y67.32
G1 X5.58 Y67.32 S300.00 F1000

; Pass 0 Path 1537
G0 X5.58 Y67.42
G1 X4.58 Y67.42 S300.00 F1000

; Pass 0 Path 1538
G0 X4.58 Y67.52
G1 X5.58 Y67.52 S300.00 F1000

; Pass 0 Path 1539
G0 X5.58 Y67.62
G1 X4.58 Y67.62 S300.00 F1000

; Pass 0 Path 1540
G0 X4.58 Y67.72
G1 X5.58 Y67.72 S300.00 F1000

; Pass 0 Path 1541
G0 X5.58 Y67.82
G1 X4.58 Y67.82 S300.00 F1000

; Pass 0 Path 1542
G0 X4.58 Y67.92
G1 X5.58 Y67.92 S300.00 F1000

; Pass 0 Path 1543
G0 X5.58 Y68.02
G1 X4.58 Y68.02 S300.00 F1000

; Pass 0 Path 1544
G0 X4.58 Y68.12
G1 X5.58 Y68.12 S300.00 F1000

; Pass 0 Path 1545
G0 X5.58 Y68.22
G1 X4.58 Y68.22 S300.00 F1000

; Pass 0 Path 1546
G0 X4.58 Y68.32
G1 X5.58 Y68.32 S300.00 F1000

; Pass 0 Path 1547
G0 X5.58 Y68.42
G1 X4.58 Y68.42 S300.00 F1000

; Pass 0 Path 1548
G0 X4.58 Y68.52
G1 X5.58 Y68.52 S300.00 F1000

; Pass 0 Path 1549
G0 X5.58 Y68.62
G1 X4.58 Y68.62 S300.00 F1000

; Pass 0 Path 1550
G0 X4.58 Y68.72
G1 X5.58 Y68.72 S300.00 F1000

; Pass 0 Path 1551
G0 X5.58 Y68.82
G1 X4.58 Y68.82 S300.00 F1000

; Pass 0 Path 1552
G0 X4.58 Y68.92
G1 X5.58 Y68.92 S300.00 F1000

; Pass 0 Path 1553
G0 X5.58 Y69.02
G1 X4.58 Y69.02 S300.00 F1000

; Pass 0 Path 1554
G0 X4.58 Y69.12
G1 X5.58 Y69.12 S300.00 F1000

; Pass 0 Path 1555
G0 X5.58 Y69.22
G1 X4.58 Y69.22 S300.00 F1000

; Pass 0 Path 1556
G0 X4.58 Y69.32
G1 X5.58 Y69.32 S300.00 F1000

; Pass 0 Path 1557
G0 X5.58 Y69.42
G1 X4.58 Y69.42 S300.00 F1000

; Pass 0 Path 1558
G0 X4.58 Y69.52
G1 X5.58 Y69.52 S300.00 F1000

; Pass 0 Path 1559
G0 X5.58 Y69.62
G1 X4.58 Y69.62 S300.00 F1000

; Pass 0 Path 1560
G0 X4.58 Y69.72
G1 X5.58 Y69.72 S300.00 F1000

; Pass 0 Path 1561
G0 X5.58 Y69.82
G1 X4.58 Y69.82 S300.00 F1000

; Pass 0 Path 1562
G0 X4.58 Y69.92
G1 X5.58 Y69.92 S300.00 F1000

; Pass 0 Path 1563
G0 X5.58 Y70.02
G1 X4.58 Y70.02 S300.00 F1000

; Pass 0 Path 1564
G0 X4.58 Y70.12
G1 X5.58 Y70.12 S300.00 F1000

; Pass 0 Path 1565
G0 X5.58 Y70.22
G1 X4.58 Y70.22 S300.00 F1000

; Pass 0 Path 1566
G0 X4.58 Y70.32
G1 X5.58 Y70.32 S300.00 F1000

; Pass 0 Path 1567
G0 X5.58 Y70.42
G1 X4.58 Y70.42 S300.00 F1000

; Pass 0 Path 1568
G0 X4.58 Y70.52
G1 X5.58 Y70.52 S300.00 F1000

; Pass 0 Path 1569
G0 X5.58 Y70.62
G1 X4.58 Y70.62 S300.00 F1000

; Pass 0 Path 1570
G0 X4.58 Y70.72
G1 X5.58 Y70.72 S300.00 F1000

; Pass 0 Path 1571
G0 X5.58 Y70.82
G1 X4.58 Y70.82 S300.00 F1000

; Pass 0 Path 1572
G0 X4.58 Y70.92
G1 X5.58 Y70.92 S300.00 F1000

; Pass 0 Path 1573
G0 X5.58 Y71.02
G1 X4.58 Y71.02 S300.00 F1000

; Pass 0 Path 1574
G0 X4.58 Y71.12
G1 X5.58 Y71.12 S300.00 F1000

; Pass 0 Path 1575
G0 X5.58 Y71.22
G1 X4.58 Y71.22 S300.00 F1000

; Pass 0 Path 1576
G0 X4.58 Y71.32
G1 X5.58 Y71.32 S300.00 F1000

; Pass 0 Path 1577
G0 X5.58 Y71.42
G1 X4.58 Y71.42 S300.00 F1000

; Pass 0 Path 1578
G0 X4.58 Y71.52
G1 X5.58 Y71.52 S300.00 F1000

; Pass 0 Path 1579
G0 X5.58 Y71.62
G1 X4.58 Y71.62 S300.00 F1000

; Pass 0 Path 1580
G0 X4.58 Y71.72
G1 X5.58 Y71.72 S300.00 F1000

; Pass 0 Path 1581
G0 X5.58 Y71.82
G1 X4.58 Y71.82 S300.00 F1000

; Pass 0 Path 1582
G0 X4.58 Y71.92
G1 X5.58 Y71.92 S300.00 F1000

; Pass 0 Path 1583
G0 X5.58 Y72.02
G1 X4.58 Y72.02 S300.00 F1000

; Pass 0 Path 1584
G0 X4.58 Y72.12
G1 X5.58 Y72.12 S300.00 F1000

; Pass 0 Path 1585
G0 X5.58 Y72.22
G1 X4.58 Y72.22 S300.00 F1000

; Pass 0 Path 1586
G0 X4.58 Y72.32
G1 X5.58 Y72.32 S300.00 F1000

; Pass 0 Path 1587
G0 X5.58 Y72.42
G1 X4.58 Y72.42 S300.00 F1000

; Pass 0 Path 1588
G0 X4.58 Y72.52
G1 X5.58 Y72.52 S300.00 F1000

; Pass 0 Path 1589
G0 X5.58 Y72.62
G1 X4.58 Y72.62 S300.00 F1000

; Pass 0 Path 1590
G0 X4.58 Y72.72
G1 X5.58 Y72.72 S300.00 F1000

; Pass 0 Path 1591
G0 X5.58 Y72.82
G1 X4.58 Y72.82 S300.00 F1000

; Pass 0 Path 1592
G0 X4.58 Y72.92
G1 X5.58 Y72.92 S300.00 F1000

; Pass 0 Path 1593
G0 X5.58 Y73.02
G1 X4.58 Y73.02 S300.00 F1000

; Pass 0 Path 1594
G0 X4.58 Y73.12
G1 X5.58 Y73.12 S300.00 F1000

; Pass 0 Path 1595
G0 X5.58 Y73.22
G1 X4.58 Y73.22 S300.00 F1000

; Pass 0 Path 1596
G0 X4.58 Y73.32
G1 X5.58 Y73.32 S300.00 F1000

; Pass 0 Path 1597
G0 X5.58 Y73.42
G1 X4.58 Y73.42 S300.00 F1000

; Pass 0 Path 1598
G0 X4.58 Y73.52
G1 X5.58 Y73.52 S300.00 F1000

; Pass 0 Path 1599
G0 X5.58 Y73.62
G1 X4.58 Y73.62 S300.00 F1000

; Pass 0 Path 1600
G0 X4.58 Y73.72
G1 X5.58 Y73.72 S300.00 F1000

; Pass 0 Path 1601
G0 X5.58 Y73.82
G1 X4.58 Y73.82 S300.00 F1000

; Pass 0 Path 1602
G0 X4.58 Y73.92
G1 X5.58 Y73.92 S300.00 F1000

; Pass 0 Path 1603
G0 X5.58 Y74.02
G1 X4.58 Y74.02 S300.00 F1000

; Pass 0 Path 1604
G0 X4.58 Y74.12
G1 X5.58 Y74.12 S300.00 F1000

; Pass 0 Path 1605
G0 X5.58 Y74.22
G1 X4.58 Y74.22 S300.00 F1000

; Pass 0 Path 1606
G0 X4.58 Y74.32
G1 X5.58 Y74.32 S300.00 F1000

; Pass 0 Path 1607
G0 X5.58 Y74.42
G1 X4.58 Y74.42 S300.00 F1000

; Pass 0 Path 1608
G0 X4.58 Y74.52
G1 X5.58 Y74.52 S300.00 F1000

; Pass 0 Path 1609
G0 X5.58 Y74.62
G1 X4.58 Y74.62 S300.00 F1000

; Pass 0 Path 1610
G0 X4.58 Y74.72
G1 X5.58 Y74.72 S300.00 F1000

; Pass 0 Path 1611
G0 X5.58 Y74.82
G1 X4.58 Y74.82 S300.00 F1000

; Pass 0 Path 1612
G0 X4.58 Y74.92
G1 X5.58 Y74.92 S300.00 F1000

; Pass 0 Path 1613
G0 X5.58 Y75.02
G1 X4.58 Y75.02 S300.00 F1000

; Pass 0 Path 1614
G0 X4.58 Y75.12
G1 X5.58 Y75.12 S300.00 F1000

; Pass 0 Path 1615
G0 X5.58 Y75.22
G1 X4.58 Y75.22 S300.00 F1000

; Pass 0 Path 1616
G0 X4.58 Y75.32
G1 X5.58 Y75.32 S300.00 F1000

; Pass 0 Path 1617
G0 X5.58 Y75.42
G1 X4.58 Y75.42 S300.00 F1000

; Pass 0 Path 1618
G0 X4.58 Y75.52
G1 X5.58 Y75.52 S300.00 F1000

; Pass 0 Path 1619
G0 X5.58 Y75.62
G1 X4.58 Y75.62 S300.00 F1000

; Pass 0 Path 1620
G0 X4.58 Y75.72
G1 X5.58 Y75.72 S300.00 F1000

; Pass 0 Path 1621
G0 X5.58 Y75.82
G1 X4.58 Y75.82 S300.00 F1000

; Pass 0 Path 1622
G0 X4.58 Y75.92
G1 X5.58 Y75.92 S300.00 F1000

; Pass 0 Path 1623
G0 X5.58 Y76.02
G1 X4.58 Y76.02 S300.00 F1000

; Pass 0 Path 1624
G0 X4.58 Y76.12
G1 X5.58 Y76.12 S300.00 F1000

; Pass 0 Path 1625
G0 X5.58 Y76.22
G1 X4.58 Y76.22 S300.00 F1000

; Pass 0 Path 1626
G0 X4.58 Y76.32
G1 X5.58 Y76.32 S300.00 F1000

; Pass 0 Path 1627
G0 X5.58 Y76.42
G1 X4.58 Y76.42 S300.00 F1000

; Pass 0 Path 1628
G0 X4.58 Y76.52
G1 X5.58 Y76.52 S300.00 F1000

; Pass 0 Path 1629
G0 X5.58 Y76.62
G1 X4.58 Y76.62 S300.00 F1000

; Pass 0 Path 1630
G0 X4.58 Y76.72
G1 X5.58 Y76.72 S300.00 F1000

; Pass 0 Path 1631
G0 X5.58 Y76.82
G1 X4.58 Y76.82 S300.00 F1000

; Pass 0 Path 1632
G0 X4.58 Y76.92
G1 X5.58 Y76.92 S300.00 F1000

; Pass 0 Path 1633
G0 X5.58 Y77.02
G1 X4.58 Y77.02 S300.00 F1000

; Pass 0 Path 1634
G0 X4.58 Y77.12
G1 X5.58 Y77.12 S300.00 F1000

; Pass 0 Path 1635
G0 X5.58 Y77.22
G1 X4.58 Y77.22 S300.00 F1000

; Pass 0 Path 1636
G0 X4.58 Y77.32
G1 X5.58 Y77.32 S300.00 F1000

; Pass 0 Path 1637
G0 X5.58 Y77.42
G1 X4.58 Y77.42 S300.00 F1000

; Pass 0 Path 1638
G0 X4.58 Y77.52
G1 X5.58 Y77.52 S300.00 F1000

; Pass 0 Path 1639
G0 X5.58 Y77.62
G1 X4.58 Y77.62 S300.00 F1000

; Pass 0 Path 1640
G0 X4.58 Y77.72
G1 X5.58 Y77.72 S300.00 F1000

; Pass 0 Path 1641
G0 X5.58 Y77.82
G1 X4.58 Y77.82 S300.00 F1000

; Pass 0 Path 1642
G0 X4.58 Y77.92
G1 X5.58 Y77.92 S300.00 F1000

; Pass 0 Path 1643
G0 X5.58 Y78.02
G1 X4.58 Y78.02 S300.00 F1000

; Pass 0 Path 1644
G0 X4.58 Y78.12
G1 X5.58 Y78.12 S300.00 F1000

; Pass 0 Path 1645
G0 X5.58 Y78.22
G1 X4.58 Y78.22 S300.00 F1000

; Pass 0 Path 1646
G0 X4.58 Y78.32
G1 X5.58 Y78.32 S300.00 F1000

; Pass 0 Path 1647
G0 X5.58 Y78.42
G1 X4.58 Y78.42 S300.00 F1000

; Pass 0 Path 1648
G0 X4.58 Y78.52
G1 X5.58 Y78.52 S300.00 F1000

; Pass 0 Path 1649
G0 X5.58 Y78.62
G1 X4.58 Y78.62 S300.00 F1000

; Pass 0 Path 1650
G0 X4.58 Y78.72
G1 X5.58 Y78.72 S300.00 F1000

; Pass 0 Path 1651
G0 X5.58 Y78.82
G1 X4.58 Y78.82 S300.00 F1000

; Pass 0 Path 1652
G0 X4.58 Y78.92
G1 X5.58 Y78.92 S300.00 F1000

; Pass 0 Path 1653
G0 X5.58 Y79.02
G1 X4.58 Y79.02 S300.00 F1000

; Pass 0 Path 1654
G0 X4.58 Y79.12
G1 X5.58 Y79.12 S300.00 F1000

; Pass 0 Path 1655
G0 X5.58 Y79.22
G1 X4.58 Y79.22 S300.00 F1000

; Pass 0 Path 1656
G0 X4.59 Y79.32
G1 X5.59 Y79.32 S300.00 F1000

; Pass 0 Path 1657
G0 X5.60 Y79.42
G1 X4.60 Y79.42 S300.00 F1000

; Pass 0 Path 1658
G0 X4.61 Y79.52
G1 X5.62 Y79.52 S300.00 F1000

; Pass 0 Path 1659
G0 X5.64 Y79.62
G1 X4.63 Y79.62 S300.00 F1000

; Pass 0 Path 1660
G0 X4.64 Y79.72
G1 X5.67 Y79.72 S300.00 F1000

; Pass 0 Path 1661
G0 X5.70 Y79.82
G1 X4.67 Y79.82 S300.00 F1000

; Pass 0 Path 1662
G0 X4.69 Y79.92
G1 X5.74 Y79.92 S300.00 F1000

; Pass 0 Path 1663
G0 X5.78 Y80.02
G1 X4.72 Y80.02 S300.00 F1000

; Pass 0 Path 1664
G0 X4.75 Y80.12
G1 X5.83 Y80.12 S300.00 F1000

; Pass 0 Path 1665
G0 X5.89 Y80.22
G1 X4.79 Y80.22 S300.00 F1000

; Pass 0 Path 1666
G0 X4.83 Y80.32
G1 X5.95 Y80.32 S300.00 F1000

; Pass 0 Path 1667
G0 X6.02 Y80.42
G1 X4.87 Y80.42 S300.00 F1000

; Pass 0 Path 1668
G0 X4.92 Y80.52
G1 X6.11 Y80.52 S300.00 F1000

; Pass 0 Path 1669
G0 X6.20 Y80.62
G1 X4.97 Y80.62 S300.00 F1000

; Pass 0 Path 1670
G0 X5.03 Y80.72
G1 X6.30 Y80.72 S300.00 F1000

; Pass 0 Path 1671
G0 X6.42 Y80.82
G1 X5.09 Y80.82 S300.00 F1000

; Pass 0 Path 1672
G0 X5.16 Y80.92
G1 X6.56 Y80.92 S300.00 F1000

; Pass 0 Path 1673
G0 X6.73 Y81.02
G1 X5.23 Y81.02 S300.00 F1000

; Pass 0 Path 1674
G0 X5.31 Y81.12
G1 X6.94 Y81.12 S300.00 F1000

; Pass 0 Path 1675
G0 X7.25 Y81.22
G1 X5.40 Y81.22 S300.00 F1000

; Pass 0 Path 1676
G0 X5.49 Y81.32
G1 X27.53 Y81.32 S300.00 F1000

; Pass 0 Path 1677
G0 X27.62 Y81.22
G1 X25.77 Y81.22 S300.00 F1000

; Pass 0 Path 1678
G0 X26.08 Y81.12
G1 X27.71 Y81.12 S300.00 F1000

; Pass 0 Path 1679
G0 X27.79 Y81.02
G1 X26.29 Y81.02 S300.00 F1000

; Pass 0 Path 1680
G0 X26.46 Y80.92
G1 X27.86 Y80.92 S300.00 F1000

; Pass 0 Path 1681
G0 X27.93 Y80.82
G1 X26.60 Y80.82 S300.00 F1000

; Pass 0 Path 1682
G0 X26.72 Y80.72
G1 X27.99 Y80.72 S300.00 F1000

; Pass 0 Path 1683
G0 X28.05 Y80.62
G1 X26.82 Y80.62 S300.00 F1000

; Pass 0 Path 1684
G0 X26.91 Y80.52
G1 X28.10 Y80.52 S300.00 F1000

; Pass 0 Path 1685
G0 X28.15 Y80.42
G1 X26.99 Y80.42 S300.00 F1000

; Pass 0 Path 1686
G0 X27.07 Y80.32
G1 X28.19 Y80.32 S300.00 F1000

; Pass 0 Path 1687
G0 X28.23 Y80.22
G1 X27.13 Y80.22 S300.00 F1000

; Pass 0 Path 1688
G0 X27.19 Y80.12
G1 X28.27 Y80.12 S300.00 F1000

; Pass 0 Path 1689
G0 X28.30 Y80.02
G1 X27.24 Y80.02 S300.00 F1000

; Pass 0 Path 1690
G0 X27.28 Y79.92
G1 X28.33 Y79.92 S300.00 F1000

; Pass 0 Path 1691
G0 X28.35 Y79.82
G1 X27.32 Y79.82 S300.00 F1000

; Pass 0 Path 1692
G0 X27.35 Y79.72
G1 X28.38 Y79.72 S300.00 F1000

; Pass 0 Path 1693
G0 X28.39 Y79.62
G1 X27.38 Y79.62 S300.00 F1000

; Pass 0 Path 1694
G0 X27.40 Y79.52
G1 X28.41 Y79.52 S300.00 F1000

; Pass 0 Path 1695
G0 X28.42 Y79.42
G1 X27.41 Y79.42 S300.00 F1000

; Pass 0 Path 1696
G0 X27.43 Y79.32
G1 X28.43 Y79.32 S300.00 F1000

; Pass 0 Path 1697
G0 X28.44 Y79.22
G1 X27.44 Y79.22 S300.00 F1000

; Pass 0 Path 1698
G0 X27.44 Y79.12
G1 X28.44 Y79.12 S300.00 F1000

; Pass 0 Path 1699
G0 X28.44 Y79.02
G1 X27.44 Y79.02 S300.00 F1000

; Pass 0 Path 1700
G0 X27.44 Y78.92
G1 X28.44 Y78.92 S300.00 F1000

; Pass 0 Path 1701
G0 X28.44 Y78.82
G1 X27.44 Y78.82 S300.00 F1000

; Pass 0 Path 1702
G0 X27.44 Y78.72
G1 X28.44 Y78.72 S300.00 F1000

; Pass 0 Path 1703
G0 X28.44 Y78.62
G1 X27.44 Y78.62 S300.00 F1000

; Pass 0 Path 1704
G0 X27.44 Y78.52
G1 X28.44 Y78.52 S300.00 F1000

; Pass 0 Path 1705
G0 X28.44 Y78.42
G1 X27.44 Y78.42 S300.00 F1000

; Pass 0 Path 1706
G0 X27.44 Y78.32
G1 X28.44 Y78.32 S300.00 F1000

; Pass 0 Path 1707
G0 X28.44 Y78.22
G1 X27.44 Y78.22 S300.00 F1000

; Pass 0 Path 1708
G0 X27.44 Y78.12
G1 X28.44 Y78.12 S300.00 F1000

; Pass 0 Path 1709
G0 X28.44 Y78.02
G1 X27.44 Y78.02 S300.00 F1000

; Pass 0 Path 1710
G0 X27.44 Y77.92
G1 X28.44 Y77.92 S300.00 F1000

; Pass 0 Path 1711
G0 X28.44 Y77.82
G1 X27.44 Y77.82 S300.00 F1000

; Pass 0 Path 1712
G0 X27.44 Y77.72
G1 X28.44 Y77.72 S300.00 F1000

; Pass 0 Path 1713
G0 X28.44 Y77.62
G1 X27.44 Y77.62 S300.00 F1000

; Pass 0 Path 1714
G0 X27.44 Y77.52
G1 X28.44 Y77.52 S300.00 F1000

; Pass 0 Path 1715
G0 X28.44 Y77.42
G1 X27.44 Y77.42 S300.00 F1000

; Pass 0 Path 1716
G0 X27.44 Y77.32
G1 X28.44 Y77.32 S300.00 F1000

; Pass 0 Path 1717
G0 X28.44 Y77.22
G1 X27.44 Y77.22 S300.00 F1000

; Pass 0 Path 1718
G0 X27.44 Y77.12
G1 X28.44 Y77.12 S300.00 F1000

; Pass 0 Path 1719
G0 X28.44 Y77.02
G1 X27.44 Y77.02 S300.00 F1000

; Pass 0 Path 1720
G0 X27.44 Y76.92
G1 X28.44 Y76.92 S300.00 F1000

; Pass 0 Path 1721
G0 X28.44 Y76.82
G1 X27.44 Y76.82 S300.00 F1000

; Pass 0 Path 1722
G0 X27.44 Y76.72
G1 X28.44 Y76.72 S300.00 F1000

; Pass 0 Path 1723
G0 X28.44 Y76.62
G1 X27.44 Y76.62 S300.00 F1000

; Pass 0 Path 1724
G0 X27.44 Y76.52
G1 X28.44 Y76.52 S300.00 F1000

; Pass 0 Path 1725
G0 X28.44 Y76.42
G1 X27.44 Y76.42 S300.00 F1000

; Pass 0 Path 1726
G0 X27.44 Y76.32
G1 X28.44 Y76.32 S300.00 F1000

; Pass 0 Path 1727
G0 X28.44 Y76.22
G1 X27.44 Y76.22 S300.00 F1000

; Pass 0 Path 1728
G0 X27.44 Y76.12
G1 X28.44 Y76.12 S300.00 F1000

; Pass 0 Path 1729
G0 X28.44 Y76.02
G1 X27.44 Y76.02 S300.00 F1000

; Pass 0 Path 1730
G0 X27.44 Y75.92
G1 X28.44 Y75.92 S300.00 F1000

; Pass 0 Path 1731
G0 X28.44 Y75.82
G1 X27.44 Y75.82 S300.00 F1000

; Pass 0 Path 1732
G0 X27.44 Y75.72
G1 X28.44 Y75.72 S300.00 F1000

; Pass 0 Path 1733
G0 X28.44 Y75.62
G1 X27.44 Y75.62 S300.00 F1000

; Pass 0 Path 1734
G0 X27.44 Y75.52
G1 X28.44 Y75.52 S300.00 F1000

; Pass 0 Path 1735
G0 X28.44 Y75.42
G1 X27.44 Y75.42 S300.00 F1000

; Pass 0 Path 1736
G0 X27.44 Y75.32
G1 X28.44 Y75.32 S300.00 F1000

; Pass 0 Path 1737
G0 X28.44 Y75.22
G1 X27.44 Y75.22 S300.00 F1000

; Pass 0 Path 1738
G0 X27.44 Y75.12
G1 X28.44 Y75.12 S300.00 F1000

; Pass 0 Path 1739
G0 X28.44 Y75.02
G1 X27.44 Y75.02 S300.00 F1000

; Pass 0 Path 1740
G0 X27.44 Y74.92
G1 X28.44 Y74.92 S300.00 F1000

; Pass 0 Path 1741
G0 X28.44 Y74.82
G1 X27.44 Y74.82 S300.00 F1000

; Pass 0 Path 1742
G0 X27.44 Y74.72
G1 X28.44 Y74.72 S300.00 F1000

; Pass 0 Path 1743
G0 X28.44 Y74.62
G1 X27.44 Y74.62 S300.00 F1000

; Pass 0 Path 1744
G0 X27.44 Y74.52
G1 X28.44 Y74.52 S300.00 F1000

; Pass 0 Path 1745
G0 X28.44 Y74.42
G1 X27.44 Y74.42 S300.00 F1000

; Pass 0 Path 1746
G0 X27.44 Y74.32
G1 X28.44 Y74.32 S300.00 F1000

; Pass 0 Path 1747
G0 X28.44 Y74.22
G1 X27.44 Y74.22 S300.00 F1000

; Pass 0 Path 1748
G0 X27.44 Y74.12
G1 X28.44 Y74.12 S300.00 F1000

; Pass 0 Path 1749
G0 X28.44 Y74.02
G1 X27.44 Y74.02 S300.00 F1000

; Pass 0 Path 1750
G0 X27.44 Y73.92
G1 X28.44 Y73.92 S300.00 F1000

; Pass 0 Path 1751
G0 X28.44 Y73.82
G1 X27.44 Y73.82 S300.00 F1000

; Pass 0 Path 1752
G0 X27.44 Y73.72
G1 X28.44 Y73.72 S300.00 F1000

; Pass 0 Path 1753
G0 X28.44 Y73.62
G1 X27.44 Y73.62 S300.00 F1000

; Pass 0 Path 1754
G0 X27.44 Y73.52
G1 X28.44 Y73.52 S300.00 F1000

; Pass 0 Path 1755
G0 X28.44 Y73.42
G1 X27.44 Y73.42 S300.00 F1000

; Pass 0 Path 1756
G0 X27.44 Y73.32
G1 X28.44 Y73.32 S300.00 F1000

; Pass 0 Path 1757
G0 X28.44 Y73.22
G1 X27.44 Y73.22 S300.00 F1000

; Pass 0 Path 1758
G0 X27.44 Y73.12
G1 X28.44 Y73.12 S300.00 F1000

; Pass 0 Path 1759
G0 X28.44 Y73.02
G1 X27.44 Y73.02 S300.00 F1000

; Pass 0 Path 1760
G0 X27.44 Y72.92
G1 X28.44 Y72.92 S300.00 F1000

; Pass 0 Path 1761
G0 X28.44 Y72.82
G1 X27.44 Y72.82 S300.00 F1000

; Pass 0 Path 1762
G0 X27.44 Y72.72
G1 X28.44 Y72.72 S300.00 F1000

; Pass 0 Path 1763
G0 X28.44 Y72.62
G1 X27.44 Y72.62 S300.00 F1000

; Pass 0 Path 1764
G0 X27.44 Y72.52
G1 X28.44 Y72.52 S300.00 F1000

; Pass 0 Path 1765
G0 X28.44 Y72.42
G1 X27.44 Y72.42 S300.00 F1000

; Pass 0 Path 1766
G0 X27.44 Y72.32
G1 X28.44 Y72.32 S300.00 F1000

; Pass 0 Path 1767
G0 X28.44 Y72.22
G1 X27.44 Y72.22 S300.00 F1000

; Pass 0 Path 1768
G0 X27.44 Y72.12
G1 X28.44 Y72.12 S300.00 F1000

; Pass 0 Path 1769
G0 X28.44 Y72.02
G1 X27.44 Y72.02 S300.00 F1000

; Pass 0 Path 1770
G0 X27.44 Y71.92
G1 X28.44 Y71.92 S300.00 F1000

; Pass 0 Path 1771
G0 X28.44 Y71.82
G1 X27.44 Y71.82 S300.00 F1000

; Pass 0 Path 1772
G0 X27.44 Y71.72
G1 X28.44 Y71.72 S300.00 F1000

; Pass 0 Path 1773
G0 X28.44 Y71.62
G1 X27.44 Y71.62 S300.00 F1000

; Pass 0 Path 1774
G0 X27.44 Y71.52
G1 X28.44 Y71.52 S300.00 F1000

; Pass 0 Path 1775
G0 X28.44 Y71.42
G1 X27.44 Y71.42 S300.00 F1000

; Pass 0 Path 1776
G0 X27.44 Y71.32
G1 X28.44 Y71.32 S300.00 F1000

; Pass 0 Path 1777
G0 X28.44 Y71.22
G1 X27.44 Y71.22 S300.00 F1000

; Pass 0 Path 1778
G0 X27.44 Y71.12
G1 X28.44 Y71.12 S300.00 F1000

; Pass 0 Path 1779
G0 X28.44 Y71.02
G1 X27.44 Y71.02 S300.00 F1000

; Pass 0 Path 1780
G0 X27.44 Y70.92
G1 X28.44 Y70.92 S300.00 F1000

; Pass 0 Path 1781
G0 X28.44 Y70.82
G1 X27.44 Y70.82 S300.00 F1000

; Pass 0 Path 1782
G0 X27.44 Y70.72
G1 X28.44 Y70.72 S300.00 F1000

; Pass 0 Path 1783
G0 X28.44 Y70.62
G1 X27.44 Y70.62 S300.00 F1000

; Pass 0 Path 1784
G0 X27.44 Y70.52
G1 X28.44 Y70.52 S300.00 F1000

; Pass 0 Path 1785
G0 X28.44 Y70.42
G1 X27.44 Y70.42 S300.00 F1000

; Pass 0 Path 1786
G0 X27.44 Y70.32
G1 X28.44 Y70.32 S300.00 F1000

; Pass 0 Path 1787
G0 X28.44 Y70.22
G1 X27.44 Y70.22 S300.00 F1000

; Pass 0 Path 1788
G0 X27.44 Y70.12
G1 X28.44 Y70.12 S300.00 F1000

; Pass 0 Path 1789
G0 X28.44 Y70.02
G1 X27.44 Y70.02 S300.00 F1000

; Pass 0 Path 1790
G0 X27.44 Y69.92
G1 X28.44 Y69.92 S300.00 F1000

; Pass 0 Path 1791
G0 X28.44 Y69.82
G1 X27.44 Y69.82 S300.00 F1000

; Pass 0 Path 1792
G0 X27.44 Y69.72
G1 X28.44 Y69.72 S300.00 F1000

; Pass 0 Path 1793
G0 X28.44 Y69.62
G1 X27.44 Y69.62 S300.00 F1000

; Pass 0 Path 1794
G0 X27.44 Y69.52
G1 X28.44 Y69.52 S300.00 F1000

; Pass 0 Path 1795
G0 X28.44 Y69.42
G1 X27.44 Y69.42 S300.00 F1000

; Pass 0 Path 1796
G0 X27.44 Y69.32
G1 X28.44 Y69.32 S300.00 F1000

; Pass 0 Path 1797
G0 X28.44 Y69.22
G1 X27.44 Y69.22 S300.00 F1000

; Pass 0 Path 1798
G0 X27.44 Y69.12
G1 X28.44 Y69.12 S300.00 F1000

; Pass 0 Path 1799
G0 X28.44 Y69.02
G1 X27.44 Y69.02 S300.00 F1000

; Pass 0 Path 1800
G0 X27.44 Y68.92
G1 X28.44 Y68.92 S300.00 F1000

; Pass 0 Path 1801
G0 X28.44 Y68.82
G1 X27.44 Y68.82 S300.00 F1000

; Pass 0 Path 1802
G0 X27.44 Y68.72
G1 X28.44 Y68.72 S300.00 F1000

; Pass 0 Path 1803
G0 X28.44 Y68.62
G1 X27.44 Y68.62 S300.00 F1000

; Pass 0 Path 1804
G0 X27.44 Y68.52
G1 X28.44 Y68.52 S300.00 F1000

; Pass 0 Path 1805
G0 X28.44 Y68.42
G1 X27.44 Y68.42 S300.00 F1000

; Pass 0 Path 1806
G0 X27.44 Y68.32
G1 X28.44 Y68.32 S300.00 F1000

; Pass 0 Path 1807
G0 X28.44 Y68.22
G1 X27.44 Y68.22 S300.00 F1000

; Pass 0 Path 1808
G0 X27.44 Y68.12
G1 X28.44 Y68.12 S300.00 F1000

; Pass 0 Path 1809
G0 X28.44 Y68.02
G1 X27.44 Y68.02 S300.00 F1000

; Pass 0 Path 1810
G0 X27.44 Y67.92
G1 X28.44 Y67.92 S300.00 F1000

; Pass 0 Path 1811
G0 X28.44 Y67.82
G1 X27.44 Y67.82 S300.00 F1000

; Pass 0 Path 1812
G0 X27.44 Y67.72
G1 X28.44 Y67.72 S300.00 F1000

; Pass 0 Path 1813
G0 X28.44 Y67.62
G1 X27.44 Y67.62 S300.00 F1000

; Pass 0 Path 1814
G0 X27.44 Y67.52
G1 X28.44 Y67.52 S300.00 F1000

; Pass 0 Path 1815
G0 X28.44 Y67.42
G1 X27.44 Y67.42 S300.00 F1000

; Pass 0 Path 1816
G0 X27.44 Y67.32
G1 X28.44 Y67.32 S300.00 F1000

; Pass 0 Path 1817
G0 X28.44 Y67.22
G1 X27.44 Y67.22 S300.00 F1000

; Pass 0 Path 1818
G0 X27.44 Y67.12
G1 X28.44 Y67.12 S300.00 F1000

; Pass 0 Path 1819
G0 X28.44 Y67.02
G1 X27.44 Y67.02 S300.00 F1000

; Pass 0 Path 1820
G0 X27.44 Y66.92
G1 X28.44 Y66.92 S300.00 F1000

; Pass 0 Path 1821
G0 X28.44 Y66.82
G1 X27.44 Y66.82 S300.00 F1000

; Pass 0 Path 1822
G0 X27.44 Y66.72
G1 X28.44 Y66.72 S300.00 F1000

; Pass 0 Path 1823
G0 X28.44 Y66.62
G1 X27.44 Y66.62 S300.00 F1000

; Pass 0 Path 1824
G0 X27.44 Y66.52
G1 X28.44 Y66.52 S300.00 F1000

; Pass 0 Path 1825
G0 X28.44 Y66.42
G1 X27.44 Y66.42 S300.00 F1000

; Pass 0 Path 1826
G0 X27.44 Y66.32
G1 X28.44 Y66.32 S300.00 F1000

; Pass 0 Path 1827
G0 X28.44 Y66.22
G1 X27.44 Y66.22 S300.00 F1000

; Pass 0 Path 1828
G0 X27.44 Y66.12
G1 X28.44 Y66.12 S300.00 F1000

; Pass 0 Path 1829
G0 X28.44 Y66.02
G1 X27.44 Y66.02 S300.00 F1000

; Pass 0 Path 1830
G0 X27.44 Y65.92
G1 X28.44 Y65.92 S300.00 F1000

; Pass 0 Path 1831
G0 X28.44 Y65.82
G1 X27.44 Y65.82 S300.00 F1000

; Pass 0 Path 1832
G0 X27.44 Y65.72
G1 X28.44 Y65.72 S300.00 F1000

; Pass 0 Path 1833
G0 X28.44 Y65.62
G1 X27.44 Y65.62 S300.00 F1000

; Pass 0 Path 1834
G0 X27.44 Y65.52
G1 X28.44 Y65.52 S300.00 F1000

; Pass 0 Path 1835
G0 X28.44 Y65.42
G1 X27.44 Y65.42 S300.00 F1000

; Pass 0 Path 1836
G0 X27.44 Y65.32
G1 X28.44 Y65.32 S300.00 F1000

; Pass 0 Path 1837
G0 X28.44 Y65.22
G1 X27.44 Y65.22 S300.00 F1000

; Pass 0 Path 1838
G0 X27.44 Y65.12
G1 X28.44 Y65.12 S300.00 F1000

; Pass 0 Path 1839
G0 X28.44 Y65.02
G1 X27.44 Y65.02 S300.00 F1000

; Pass 0 Path 1840
G0 X27.44 Y64.92
G1 X28.44 Y64.92 S300.00 F1000

; Pass 0 Path 1841
G0 X28.44 Y64.82
G1 X27.44 Y64.82 S300.00 F1000

; Pass 0 Path 1842
G0 X27.44 Y64.72
G1 X28.44 Y64.72 S300.00 F1000

; Pass 0 Path 1843
G0 X28.44 Y64.62
G1 X27.44 Y64.62 S300.00 F1000

; Pass 0 Path 1844
G0 X27.44 Y64.52
G1 X28.44 Y64.52 S300.00 F1000

; Pass 0 Path 1845
G0 X28.44 Y64.42
G1 X27.44 Y64.42 S300.00 F1000

; Pass 0 Path 1846
G0 X27.44 Y64.32
G1 X28.44 Y64.32 S300.00 F1000

; Pass 0 Path 1847
G0 X28.44 Y64.22
G1 X27.44 Y64.22 S300.00 F1000

; Pass 0 Path 1848
G0 X27.44 Y64.12
G1 X28.44 Y64.12 S300.00 F1000

; Pass 0 Path 1849
G0 X28.44 Y64.02
G1 X27.44 Y64.02 S300.00 F1000

; Pass 0 Path 1850
G0 X27.44 Y63.92
G1 X28.44 Y63.92 S300.00 F1000

; Pass 0 Path 1851
G0 X28.44 Y63.82
G1 X27.44 Y63.82 S300.00 F1000

; Pass 0 Path 1852
G0 X27.44 Y63.72
G1 X28.44 Y63.72 S300.00 F1000

; Pass 0 Path 1853
G0 X28.44 Y63.62
G1 X27.44 Y63.62 S300.00 F1000

; Pass 0 Path 1854
G0 X27.44 Y63.52
G1 X28.44 Y63.52 S300.00 F1000

; Pass 0 Path 1855
G0 X28.44 Y63.42
G1 X27.44 Y63.42 S300.00 F1000

; Pass 0 Path 1856
G0 X27.44 Y63.32
G1 X28.44 Y63.32 S300.00 F1000

; Pass 0 Path 1857
G0 X28.44 Y63.22
G1 X27.44 Y63.22 S300.00 F1000

; Pass 0 Path 1858
G0 X27.44 Y63.12
G1 X28.44 Y63.12 S300.00 F1000

; Pass 0 Path 1859
G0 X28.44 Y63.02
G1 X27.44 Y63.02 S300.00 F1000

; Pass 0 Path 1860
G0 X27.44 Y62.92
G1 X28.44 Y62.92 S300.00 F1000

; Pass 0 Path 1861
G0 X28.44 Y62.82
G1 X27.44 Y62.82 S300.00 F1000

; Pass 0 Path 1862
G0 X27.44 Y62.72
G1 X28.44 Y62.72 S300.00 F1000

; Pass 0 Path 1863
G0 X28.44 Y62.62
G1 X27.44 Y62.62 S300.00 F1000

; Pass 0 Path 1864
G0 X27.44 Y62.52
G1 X28.44 Y62.52 S300.00 F1000

; Pass 0 Path 1865
G0 X28.44 Y62.42
G1 X27.44 Y62.42 S300.00 F1000

; Pass 0 Path 1866
G0 X27.44 Y62.32
G1 X28.44 Y62.32 S300.00 F1000

; Pass 0 Path 1867
G0 X28.44 Y62.22
G1 X27.44 Y62.22 S300.00 F1000

; Pass 0 Path 1868
G0 X27.44 Y62.12
G1 X28.44 Y62.12 S300.00 F1000

; Pass 0 Path 1869
G0 X28.44 Y62.02
G1 X27.44 Y62.02 S300.00 F1000

; Pass 0 Path 1870
G0 X27.44 Y61.92
G1 X28.44 Y61.92 S300.00 F1000

; Pass 0 Path 1871
G0 X28.44 Y61.82
G1 X27.44 Y61.82 S300.00 F1000

; Pass 0 Path 1872
G0 X27.44 Y61.72
G1 X28.44 Y61.72 S300.00 F1000

; Pass 0 Path 1873
G0 X28.44 Y61.62
G1 X27.44 Y61.62 S300.00 F1000

; Pass 0 Path 1874
G0 X27.44 Y61.52
G1 X28.44 Y61.52 S300.00 F1000

; Pass 0 Path 1875
G0 X28.43 Y61.42
G1 X27.43 Y61.42 S300.00 F1000

; Pass 0 Path 1876
G0 X27.42 Y61.32
G1 X28.43 Y61.32 S300.00 F1000

; Pass 0 Path 1877
G0 X28.41 Y61.22
G1 X27.40 Y61.22 S300.00 F1000

; Pass 0 Path 1878
G0 X27.38 Y61.12
G1 X28.40 Y61.12 S300.00 F1000

; Pass 0 Path 1879
G0 X28.38 Y61.02
G1 X27.36 Y61.02 S300.00 F1000

; Pass 0 Path 1880
G0 X27.33 Y60.92
G1 X28.36 Y60.92 S300.00 F1000

; Pass 0 Path 1881
G0 X28.34 Y60.82
G1 X27.29 Y60.82 S300.00 F1000

; Pass 0 Path 1882
G0 X27.25 Y60.72
G1 X28.31 Y60.72 S300.00 F1000

; Pass 0 Path 1883
G0 X28.28 Y60.62
G1 X27.20 Y60.62 S300.00 F1000

; Pass 0 Path 1884
G0 X27.15 Y60.52
G1 X28.24 Y60.52 S300.00 F1000

; Pass 0 Path 1885
G0 X28.20 Y60.42
G1 X27.09 Y60.42 S300.00 F1000

; Pass 0 Path 1886
G0 X27.02 Y60.32
G1 X28.16 Y60.32 S300.00 F1000

; Pass 0 Path 1887
G0 X28.12 Y60.22
G1 X26.94 Y60.22 S300.00 F1000

; Pass 0 Path 1888
G0 X26.86 Y60.12
G1 X28.06 Y60.12 S300.00 F1000

; Pass 0 Path 1889
G0 X28.01 Y60.02
G1 X26.76 Y60.02 S300.00 F1000

; Pass 0 Path 1890
G0 X26.64 Y59.92
G1 X27.95 Y59.92 S300.00 F1000

; Pass 0 Path 1891
G0 X27.88 Y59.82
G1 X26.51 Y59.82 S300.00 F1000

; Pass 0 Path 1892
G0 X26.35 Y59.72
G1 X27.81 Y59.72 S300.00 F1000

; Pass 0 Path 1893
G0 X27.73 Y59.62
G1 X26.16 Y59.62 S300.00 F1000

; Pass 0 Path 1894
G0 X25.89 Y59.52
G1 X27.65 Y59.52 S300.00 F1000

; Pass 0 Path 1895
G0 X32.52 Y59.52
G1 X33.52 Y59.52 S300.00 F1000

; Pass 0 Path 1896
G0 X33.52 Y59.42
G1 X32.52 Y59.42 S300.00 F1000

; Pass 0 Path 1897
G0 X32.52 Y59.32
G1 X33.52 Y59.32 S300.00 F1000

; Pass 0 Path 1898
G0 X33.52 Y59.22
G1 X32.52 Y59.22 S300.00 F1000

; Pass 0 Path 1899
G0 X32.52 Y59.12
G1 X33.52 Y59.12 S300.00 F1000

; Pass 0 Path 1900
G0 X33.52 Y59.02
G1 X32.52 Y59.02 S300.00 F1000

; Pass 0 Path 1901
G0 X32.52 Y58.92
G1 X33.52 Y58.92 S300.00 F1000

; Pass 0 Path 1902
G0 X33.52 Y58.82
G1 X32.52 Y58.82 S300.00 F1000

; Pass 0 Path 1903
G0 X32.52 Y58.72
G1 X33.52 Y58.72 S300.00 F1000

; Pass 0 Path 1904
G0 X33.52 Y58.62
G1 X32.52 Y58.62 S300.00 F1000

; Pass 0 Path 1905
G0 X32.52 Y58.52
G1 X33.52 Y58.52 S300.00 F1000

; Pass 0 Path 1906
G0 X33.52 Y58.42
G1 X32.52 Y58.42 S300.00 F1000

; Pass 0 Path 1907
G0 X32.52 Y58.32
G1 X33.52 Y58.32 S300.00 F1000

; Pass 0 Path 1908
G0 X33.52 Y58.22
G1 X32.52 Y58.22 S300.00 F1000

; Pass 0 Path 1909
G0 X32.52 Y58.12
G1 X33.52 Y58.12 S300.00 F1000

; Pass 0 Path 1910
G0 X33.52 Y58.02
G1 X32.52 Y58.02 S300.00 F1000

; Pass 0 Path 1911
G0 X32.52 Y57.92
G1 X33.52 Y57.92 S300.00 F1000

; Pass 0 Path 1912
G0 X33.52 Y57.82
G1 X32.52 Y57.82 S300.00 F1000

; Pass 0 Path 1913
G0 X32.52 Y57.72
G1 X33.52 Y57.72 S300.00 F1000

; Pass 0 Path 1914
G0 X33.52 Y57.62
G1 X32.52 Y57.62 S300.00 F1000

; Pass 0 Path 1915
G0 X32.52 Y57.52
G1 X33.52 Y57.52 S300.00 F1000

; Pass 0 Path 1916
G0 X33.52 Y57.42
G1 X32.52 Y57.42 S300.00 F1000

; Pass 0 Path 1917
G0 X32.52 Y57.32
G1 X33.52 Y57.32 S300.00 F1000

; Pass 0 Path 1918
G0 X33.52 Y57.22
G1 X32.52 Y57.22 S300.00 F1000

; Pass 0 Path 1919
G0 X32.52 Y57.12
G1 X33.52 Y57.12 S300.00 F1000

; Pass 0 Path 1920
G0 X33.52 Y57.02
G1 X32.52 Y57.02 S300.00 F1000

; Pass 0 Path 1921
G0 X32.52 Y56.92
G1 X33.52 Y56.92 S300.00 F1000

; Pass 0 Path 1922
G0 X33.52 Y56.82
G1 X32.52 Y56.82 S300.00 F1000

; Pass 0 Path 1923
G0 X32.52 Y56.72
G1 X33.52 Y56.72 S300.00 F1000

; Pass 0 Path 1924
G0 X33.52 Y56.62
G1 X32.52 Y56.62 S300.00 F1000

; Pass 0 Path 1925
G0 X32.52 Y56.52
G1 X33.52 Y56.52 S300.00 F1000

; Pass 0 Path 1926
G0 X33.52 Y56.42
G1 X32.52 Y56.42 S300.00 F1000

; Pass 0 Path 1927
G0 X32.52 Y56.32
G1 X33.52 Y56.32 S300.00 F1000

; Pass 0 Path 1928
G0 X33.52 Y56.22
G1 X32.52 Y56.22 S300.00 F1000

; Pass 0 Path 1929
G0 X32.52 Y56.12
G1 X33.52 Y56.12 S300.00 F1000

; Pass 0 Path 1930
G0 X33.52 Y56.02
G1 X32.52 Y56.02 S300.00 F1000

; Pass 0 Path 1931
G0 X32.52 Y55.92
G1 X33.52 Y55.92 S300.00 F1000

; Pass 0 Path 1932
G0 X33.52 Y55.82
G1 X32.52 Y55.82 S300.00 F1000

; Pass 0 Path 1933
G0 X32.52 Y55.72
G1 X33.52 Y55.72 S300.00 F1000

; Pass 0 Path 1934
G0 X33.52 Y55.62
G1 X32.52 Y55.62 S300.00 F1000

; Pass 0 Path 1935
G0 X32.52 Y55.52
G1 X33.52 Y55.52 S300.00 F1000

; Pass 0 Path 1936
G0 X33.52 Y55.42
G1 X32.52 Y55.42 S300.00 F1000

; Pass 0 Path 1937
G0 X32.52 Y55.32
G1 X33.52 Y55.32 S300.00 F1000

; Pass 0 Path 1938
G0 X33.52 Y55.22
G1 X32.52 Y55.22 S300.00 F1000

; Pass 0 Path 1939
G0 X32.52 Y55.12
G1 X33.52 Y55.12 S300.00 F1000

; Pass 0 Path 1940
G0 X33.52 Y55.02
G1 X32.52 Y55.02 S300.00 F1000

; Pass 0 Path 1941
G0 X32.52 Y54.92
G1 X33.52 Y54.92 S300.00 F1000

; Pass 0 Path 1942
G0 X33.52 Y54.82
G1 X32.52 Y54.82 S300.00 F1000

; Pass 0 Path 1943
G0 X32.52 Y54.72
G1 X33.52 Y54.72 S300.00 F1000

; Pass 0 Path 1944
G0 X33.52 Y54.62
G1 X32.52 Y54.62 S300.00 F1000

; Pass 0 Path 1945
G0 X32.52 Y54.52
G1 X33.52 Y54.52 S300.00 F1000

; Pass 0 Path 1946
G0 X33.52 Y54.42
G1 X32.52 Y54.42 S300.00 F1000

; Pass 0 Path 1947
G0 X32.52 Y54.32
G1 X33.52 Y54.32 S300.00 F1000

; Pass 0 Path 1948
G0 X33.52 Y54.22
G1 X32.52 Y54.22 S300.00 F1000

; Pass 0 Path 1949
G0 X32.52 Y54.12
G1 X33.52 Y54.12 S300.00 F1000

; Pass 0 Path 1950
G0 X33.52 Y54.02
G1 X32.52 Y54.02 S300.00 F1000

; Pass 0 Path 1951
G0 X32.52 Y53.92
G1 X33.52 Y53.92 S300.00 F1000

; Pass 0 Path 1952
G0 X33.52 Y53.82
G1 X32.52 Y53.82 S300.00 F1000

; Pass 0 Path 1953
G0 X32.52 Y53.72
G1 X33.52 Y53.72 S300.00 F1000

; Pass 0 Path 1954
G0 X33.52 Y53.62
G1 X32.52 Y53.62 S300.00 F1000

; Pass 0 Path 1955
G0 X32.52 Y53.52
G1 X33.52 Y53.52 S300.00 F1000

; Pass 0 Path 1956
G0 X33.52 Y53.42
G1 X32.52 Y53.42 S300.00 F1000

; Pass 0 Path 1957
G0 X32.52 Y53.32
G1 X33.52 Y53.32 S300.00 F1000

; Pass 0 Path 1958
G0 X33.52 Y53.22
G1 X32.52 Y53.22 S300.00 F1000

; Pass 0 Path 1959
G0 X32.52 Y53.12
G1 X33.52 Y53.12 S300.00 F1000

; Pass 0 Path 1960
G0 X33.52 Y53.02
G1 X32.52 Y53.02 S300.00 F1000

; Pass 0 Path 1961
G0 X32.52 Y52.92
G1 X33.52 Y52.92 S300.00 F1000

; Pass 0 Path 1962
G0 X33.52 Y52.82
G1 X32.52 Y52.82 S300.00 F1000

; Pass 0 Path 1963
G0 X32.52 Y52.72
G1 X33.52 Y52.72 S300.00 F1000

; Pass 0 Path 1964
G0 X33.52 Y52.62
G1 X32.52 Y52.62 S300.00 F1000

; Pass 0 Path 1965
G0 X32.52 Y52.52
G1 X33.52 Y52.52 S300.00 F1000

; Pass 0 Path 1966
G0 X33.52 Y52.42
G1 X32.52 Y52.42 S300.00 F1000

; Pass 0 Path 1967
G0 X32.52 Y52.32
G1 X33.52 Y52.32 S300.00 F1000

; Pass 0 Path 1968
G0 X33.52 Y52.22
G1 X32.52 Y52.22 S300.00 F1000

; Pass 0 Path 1969
G0 X32.52 Y59.62
G1 X33.52 Y59.62 S300.00 F1000

; Pass 0 Path 1970
G0 X33.52 Y59.72
G1 X32.52 Y59.72 S300.00 F1000

; Pass 0 Path 1971
G0 X32.52 Y59.82
G1 X33.52 Y59.82 S300.00 F1000

; Pass 0 Path 1972
G0 X33.52 Y59.92
G1 X32.52 Y59.92 S300.00 F1000

; Pass 0 Path 1973
G0 X32.52 Y60.02
G1 X33.52 Y60.02 S300.00 F1000

; Pass 0 Path 1974
G0 X33.52 Y60.12
G1 X32.52 Y60.12 S300.00 F1000

; Pass 0 Path 1975
G0 X32.52 Y60.22
G1 X33.52 Y60.22 S300.00 F1000

; Pass 0 Path 1976
G0 X33.52 Y60.32
G1 X32.52 Y60.32 S300.00 F1000

; Pass 0 Path 1977
G0 X32.52 Y60.42
G1 X33.52 Y60.42 S300.00 F1000

; Pass 0 Path 1978
G0 X33.52 Y60.52
G1 X32.52 Y60.52 S300.00 F1000

; Pass 0 Path 1979
G0 X32.52 Y60.62
G1 X33.52 Y60.62 S300.00 F1000

; Pass 0 Path 1980
G0 X33.52 Y60.72
G1 X32.52 Y60.72 S300.00 F1000

; Pass 0 Path 1981
G0 X32.52 Y60.82
G1 X33.52 Y60.82 S300.00 F1000

; Pass 0 Path 1982
G0 X33.52 Y60.92
G1 X32.52 Y60.92 S300.00 F1000

; Pass 0 Path 1983
G0 X32.52 Y61.02
G1 X33.52 Y61.02 S300.00 F1000

; Pass 0 Path 1984
G0 X33.52 Y61.12
G1 X32.52 Y61.12 S300.00 F1000

; Pass 0 Path 1985
G0 X32.52 Y61.22
G1 X33.52 Y61.22 S300.00 F1000

; Pass 0 Path 1986
G0 X33.52 Y61.32
G1 X32.52 Y61.32 S300.00 F1000

; Pass 0 Path 1987
G0 X32.52 Y61.42
G1 X33.52 Y61.42 S300.00 F1000

; Pass 0 Path 1988
G0 X33.52 Y61.52
G1 X32.52 Y61.52 S300.00 F1000

; Pass 0 Path 1989
G0 X32.52 Y61.62
G1 X33.52 Y61.62 S300.00 F1000

; Pass 0 Path 1990
G0 X33.52 Y61.72
G1 X32.52 Y61.72 S300.00 F1000

; Pass 0 Path 1991
G0 X32.52 Y61.82
G1 X33.52 Y61.82 S300.00 F1000

; Pass 0 Path 1992
G0 X33.52 Y61.92
G1 X32.52 Y61.92 S300.00 F1000

; Pass 0 Path 1993
G0 X32.52 Y62.02
G1 X33.52 Y62.02 S300.00 F1000

; Pass 0 Path 1994
G0 X33.52 Y62.12
G1 X32.52 Y62.12 S300.00 F1000

; Pass 0 Path 1995
G0 X32.52 Y62.22
G1 X33.52 Y62.22 S300.00 F1000

; Pass 0 Path 1996
G0 X33.52 Y62.32
G1 X32.52 Y62.32 S300.00 F1000

; Pass 0 Path 1997
G0 X32.52 Y62.42
G1 X33.52 Y62.42 S300.00 F1000

; Pass 0 Path 1998
G0 X33.52 Y62.52
G1 X32.52 Y62.52 S300.00 F1000

; Pass 0 Path 1999
G0 X32.52 Y62.62
G1 X33.52 Y62.62 S300.00 F1000

; Pass 0 Path 2000
G0 X33.52 Y62.72
G1 X32.52 Y62.72 S300.00 F1000

; Pass 0 Path 2001
G0 X32.52 Y62.82
G1 X33.52 Y62.82 S300.00 F1000

; Pass 0 Path 2002
G0 X33.52 Y62.92
G1 X32.52 Y62.92 S300.00 F1000

; Pass 0 Path 2003
G0 X32.52 Y63.02
G1 X33.52 Y63.02 S300.00 F1000

; Pass 0 Path 2004
G0 X33.52 Y63.12
G1 X32.52 Y63.12 S300.00 F1000

; Pass 0 Path 2005
G0 X32.52 Y63.22
G1 X33.52 Y63.22 S300.00 F1000

; Pass 0 Path 2006
G0 X33.52 Y63.32
G1 X32.52 Y63.32 S300.00 F1000

; Pass 0 Path 2007
G0 X32.52 Y63.42
G1 X33.52 Y63.42 S300.00 F1000

; Pass 0 Path 2008
G0 X33.52 Y63.52
G1 X32.52 Y63.52 S300.00 F1000

; Pass 0 Path 2009
G0 X32.52 Y63.62
G1 X33.52 Y63.62 S300.00 F1000

; Pass 0 Path 2010
G0 X33.52 Y63.72
G1 X32.52 Y63.72 S300.00 F1000

; Pass 0 Path 2011
G0 X32.52 Y63.82
G1 X33.52 Y63.82 S300.00 F1000

; Pass 0 Path 2012
G0 X33.52 Y63.92
G1 X32.52 Y63.92 S300.00 F1000

; Pass 0 Path 2013
G0 X32.52 Y64.02
G1 X33.52 Y64.02 S300.00 F1000

; Pass 0 Path 2014
G0 X33.52 Y64.12
G1 X32.52 Y64.12 S300.00 F1000

; Pass 0 Path 2015
G0 X32.52 Y64.22
G1 X33.52 Y64.22 S300.00 F1000

; Pass 0 Path 2016
G0 X33.52 Y64.32
G1 X32.52 Y64.32 S300.00 F1000

; Pass 0 Path 2017
G0 X32.52 Y64.42
G1 X33.52 Y64.42 S300.00 F1000

; Pass 0 Path 2018
G0 X33.52 Y64.52
G1 X32.52 Y64.52 S300.00 F1000

; Pass 0 Path 2019
G0 X32.52 Y64.62
G1 X33.52 Y64.62 S300.00 F1000

; Pass 0 Path 2020
G0 X33.52 Y64.72
G1 X32.52 Y64.72 S300.00 F1000

; Pass 0 Path 2021
G0 X32.52 Y64.82
G1 X33.52 Y64.82 S300.00 F1000

; Pass 0 Path 2022
G0 X33.52 Y64.92
G1 X32.52 Y64.92 S300.00 F1000

; Pass 0 Path 2023
G0 X32.52 Y65.02
G1 X33.52 Y65.02 S300.00 F1000

; Pass 0 Path 2024
G0 X33.52 Y65.12
G1 X32.52 Y65.12 S300.00 F1000

; Pass 0 Path 2025
G0 X32.52 Y65.22
G1 X33.52 Y65.22 S300.00 F1000

; Pass 0 Path 2026
G0 X33.52 Y65.32
G1 X32.52 Y65.32 S300.00 F1000

; Pass 0 Path 2027
G0 X32.52 Y65.42
G1 X33.52 Y65.42 S300.00 F1000

; Pass 0 Path 2028
G0 X33.52 Y65.52
G1 X32.52 Y65.52 S300.00 F1000

; Pass 0 Path 2029
G0 X32.52 Y65.62
G1 X33.52 Y65.62 S300.00 F1000

; Pass 0 Path 2030
G0 X33.52 Y65.72
G1 X32.52 Y65.72 S300.00 F1000

; Pass 0 Path 2031
G0 X32.52 Y65.82
G1 X33.52 Y65.82 S300.00 F1000

; Pass 0 Path 2032
G0 X33.52 Y65.92
G1 X32.52 Y65.92 S300.00 F1000

; Pass 0 Path 2033
G0 X32.52 Y66.02
G1 X33.52 Y66.02 S300.00 F1000

; Pass 0 Path 2034
G0 X33.52 Y66.12
G1 X32.52 Y66.12 S300.00 F1000

; Pass 0 Path 2035
G0 X32.52 Y66.22
G1 X33.52 Y66.22 S300.00 F1000

; Pass 0 Path 2036
G0 X33.52 Y66.32
G1 X32.52 Y66.32 S300.00 F1000

; Pass 0 Path 2037
G0 X32.52 Y66.42
G1 X33.52 Y66.42 S300.00 F1000

; Pass 0 Path 2038
G0 X33.52 Y66.52
G1 X32.52 Y66.52 S300.00 F1000

; Pass 0 Path 2039
G0 X32.52 Y66.62
G1 X33.52 Y66.62 S300.00 F1000

; Pass 0 Path 2040
G0 X33.52 Y66.72
G1 X32.52 Y66.72 S300.00 F1000

; Pass 0 Path 2041
G0 X32.52 Y66.82
G1 X33.52 Y66.82 S300.00 F1000

; Pass 0 Path 2042
G0 X33.52 Y66.92
G1 X32.52 Y66.92 S300.00 F1000

; Pass 0 Path 2043
G0 X32.52 Y67.02
G1 X33.52 Y67.02 S300.00 F1000

; Pass 0 Path 2044
G0 X33.52 Y67.12
G1 X32.52 Y67.12 S300.00 F1000

; Pass 0 Path 2045
G0 X32.52 Y67.22
G1 X33.52 Y67.22 S300.00 F1000

; Pass 0 Path 2046
G0 X33.52 Y67.32
G1 X32.52 Y67.32 S300.00 F1000

; Pass 0 Path 2047
G0 X32.52 Y67.42
G1 X33.52 Y67.42 S300.00 F1000

; Pass 0 Path 2048
G0 X33.52 Y67.52
G1 X32.52 Y67.52 S300.00 F1000

; Pass 0 Path 2049
G0 X32.52 Y67.62
G1 X33.52 Y67.62 S300.00 F1000

; Pass 0 Path 2050
G0 X33.52 Y67.72
G1 X32.52 Y67.72 S300.00 F1000

; Pass 0 Path 2051
G0 X32.52 Y67.82
G1 X33.52 Y67.82 S300.00 F1000

; Pass 0 Path 2052
G0 X33.52 Y67.92
G1 X32.52 Y67.92 S300.00 F1000

; Pass 0 Path 2053
G0 X32.52 Y68.02
G1 X33.52 Y68.02 S300.00 F1000

; Pass 0 Path 2054
G0 X33.52 Y68.12
G1 X32.52 Y68.12 S300.00 F1000

; Pass 0 Path 2055
G0 X32.52 Y68.22
G1 X33.52 Y68.22 S300.00 F1000

; Pass 0 Path 2056
G0 X33.52 Y68.32
G1 X32.52 Y68.32 S300.00 F1000

; Pass 0 Path 2057
G0 X32.52 Y68.42
G1 X33.52 Y68.42 S300.00 F1000

; Pass 0 Path 2058
G0 X33.52 Y68.52
G1 X32.52 Y68.52 S300.00 F1000

; Pass 0 Path 2059
G0 X32.52 Y68.62
G1 X33.52 Y68.62 S300.00 F1000

; Pass 0 Path 2060
G0 X33.52 Y68.72
G1 X32.52 Y68.72 S300.00 F1000

; Pass 0 Path 2061
G0 X32.52 Y68.82
G1 X33.52 Y68.82 S300.00 F1000

; Pass 0 Path 2062
G0 X33.52 Y68.92
G1 X32.52 Y68.92 S300.00 F1000

; Pass 0 Path 2063
G0 X32.52 Y69.02
G1 X33.52 Y69.02 S300.00 F1000

; Pass 0 Path 2064
G0 X33.52 Y69.12
G1 X32.52 Y69.12 S300.00 F1000

; Pass 0 Path 2065
G0 X32.52 Y69.22
G1 X33.52 Y69.22 S300.00 F1000

; Pass 0 Path 2066
G0 X33.53 Y69.32
G1 X32.53 Y69.32 S300.00 F1000

; Pass 0 Path 2067
G0 X32.54 Y69.42
G1 X33.55 Y69.42 S300.00 F1000

; Pass 0 Path 2068
G0 X33.57 Y69.52
G1 X32.55 Y69.52 S300.00 F1000

; Pass 0 Path 2069
G0 X32.57 Y69.62
G1 X33.59 Y69.62 S300.00 F1000

; Pass 0 Path 2070
G0 X33.62 Y69.72
G1 X32.59 Y69.72 S300.00 F1000

; Pass 0 Path 2071
G0 X32.61 Y69.82
G1 X33.65 Y69.82 S300.00 F1000

; Pass 0 Path 2072
G0 X33.70 Y69.92
G1 X32.64 Y69.92 S300.00 F1000

; Pass 0 Path 2073
G0 X32.67 Y70.02
G1 X33.74 Y70.02 S300.00 F1000

; Pass 0 Path 2074
G0 X33.80 Y70.12
G1 X32.70 Y70.12 S300.00 F1000

; Pass 0 Path 2075
G0 X32.74 Y70.22
G1 X33.86 Y70.22 S300.00 F1000

; Pass 0 Path 2076
G0 X33.93 Y70.32
G1 X32.78 Y70.32 S300.00 F1000

; Pass 0 Path 2077
G0 X32.83 Y70.42
G1 X34.01 Y70.42 S300.00 F1000

; Pass 0 Path 2078
G0 X34.10 Y70.52
G1 X32.88 Y70.52 S300.00 F1000

; Pass 0 Path 2079
G0 X32.94 Y70.62
G1 X34.21 Y70.62 S300.00 F1000

; Pass 0 Path 2080
G0 X34.33 Y70.72
G1 X33.00 Y70.72 S300.00 F1000

; Pass 0 Path 2081
G0 X33.07 Y70.82
G1 X34.48 Y70.82 S300.00 F1000

; Pass 0 Path 2082
G0 X34.66 Y70.92
G1 X33.14 Y70.92 S300.00 F1000

; Pass 0 Path 2083
G0 X33.22 Y71.02
G1 X34.91 Y71.02 S300.00 F1000

; Pass 0 Path 2084
G0 X35.46 Y71.12
G1 X33.31 Y71.12 S300.00 F1000

; Pass 0 Path 2085
G0 X33.40 Y71.22
G1 X93.60 Y71.22 S300.00 F1000

; Pass 0 Path 2086
G0 X93.69 Y71.12
G1 X91.54 Y71.12 S300.00 F1000

; Pass 0 Path 2087
G0 X92.09 Y71.02
G1 X93.78 Y71.02 S300.00 F1000

; Pass 0 Path 2088
G0 X93.86 Y70.92
G1 X92.34 Y70.92 S300.00 F1000

; Pass 0 Path 2089
G0 X92.52 Y70.82
G1 X93.93 Y70.82 S300.00 F1000

; Pass 0 Path 2090
G0 X94.00 Y70.72
G1 X92.67 Y70.72 S300.00 F1000

; Pass 0 Path 2091
G0 X92.79 Y70.62
G1 X94.06 Y70.62 S300.00 F1000

; Pass 0 Path 2092
G0 X94.12 Y70.52
G1 X92.90 Y70.52 S300.00 F1000

; Pass 0 Path 2093
G0 X92.99 Y70.42
G1 X94.17 Y70.42 S300.00 F1000

; Pass 0 Path 2094
G0 X94.22 Y70.32
G1 X93.07 Y70.32 S300.00 F1000

; Pass 0 Path 2095
G0 X93.14 Y70.22
G1 X94.26 Y70.22 S300.00 F1000

; Pass 0 Path 2096
G0 X94.30 Y70.12
G1 X93.20 Y70.12 S300.00 F1000

; Pass 0 Path 2097
G0 X93.26 Y70.02
G1 X94.33 Y70.02 S300.00 F1000

; Pass 0 Path 2098
G0 X94.36 Y69.92
G1 X93.30 Y69.92 S300.00 F1000

; Pass 0 Path 2099
G0 X93.35 Y69.82
G1 X94.39 Y69.82 S300.00 F1000

; Pass 0 Path 2100
G0 X94.41 Y69.72
G1 X93.38 Y69.72 S300.00 F1000

; Pass 0 Path 2101
G0 X93.41 Y69.62
G1 X94.43 Y69.62 S300.00 F1000

; Pass 0 Path 2102
G0 X94.45 Y69.52
G1 X93.43 Y69.52 S300.00 F1000

; Pass 0 Path 2103
G0 X93.45 Y69.42
G1 X94.46 Y69.42 S300.00 F1000

; Pass 0 Path 2104
G0 X94.47 Y69.32
G1 X93.47 Y69.32 S300.00 F1000

; Pass 0 Path 2105
G0 X93.48 Y69.22
G1 X94.48 Y69.22 S300.00 F1000

; Pass 0 Path 2106
G0 X94.48 Y69.12
G1 X93.48 Y69.12 S300.00 F1000

; Pass 0 Path 2107
G0 X93.48 Y69.02
G1 X94.48 Y69.02 S300.00 F1000

; Pass 0 Path 2108
G0 X94.48 Y68.92
G1 X93.48 Y68.92 S300.00 F1000

; Pass 0 Path 2109
G0 X93.48 Y68.82
G1 X94.48 Y68.82 S300.00 F1000

; Pass 0 Path 2110
G0 X94.48 Y68.72
G1 X93.48 Y68.72 S300.00 F1000

; Pass 0 Path 2111
G0 X93.48 Y68.62
G1 X94.48 Y68.62 S300.00 F1000

; Pass 0 Path 2112
G0 X94.48 Y68.52
G1 X93.48 Y68.52 S300.00 F1000

; Pass 0 Path 2113
G0 X93.48 Y68.42
G1 X94.48 Y68.42 S300.00 F1000

; Pass 0 Path 2114
G0 X94.48 Y68.32
G1 X93.48 Y68.32 S300.00 F1000

; Pass 0 Path 2115
G0 X93.48 Y68.22
G1 X94.48 Y68.22 S300.00 F1000

; Pass 0 Path 2116
G0 X94.48 Y68.12
G1 X93.48 Y68.12 S300.00 F1000

; Pass 0 Path 2117
G0 X93.48 Y68.02
G1 X94.48 Y68.02 S300.00 F1000

; Pass 0 Path 2118
G0 X94.48 Y67.92
G1 X93.48 Y67.92 S300.00 F1000

; Pass 0 Path 2119
G0 X93.48 Y67.82
G1 X94.48 Y67.82 S300.00 F1000

; Pass 0 Path 2120
G0 X94.48 Y67.72
G1 X93.48 Y67.72 S300.00 F1000

; Pass 0 Path 2121
G0 X93.48 Y67.62
G1 X94.48 Y67.62 S300.00 F1000

; Pass 0 Path 2122
G0 X94.48 Y67.52
G1 X93.48 Y67.52 S300.00 F1000

; Pass 0 Path 2123
G0 X93.48 Y67.42
G1 X94.48 Y67.42 S300.00 F1000

; Pass 0 Path 2124
G0 X94.48 Y67.32
G1 X93.48 Y67.32 S300.00 F1000

; Pass 0 Path 2125
G0 X93.48 Y67.22
G1 X94.48 Y67.22 S300.00 F1000

; Pass 0 Path 2126
G0 X94.48 Y67.12
G1 X93.48 Y67.12 S300.00 F1000

; Pass 0 Path 2127
G0 X94.48 Y67.02
G1 X85.99 Y67.02 S300.00 F1000

; Pass 0 Path 2128
G0 X85.51 Y66.92
G1 X94.48 Y66.92 S300.00 F1000

; Pass 0 Path 2129
G0 X94.48 Y66.82
G1 X85.22 Y66.82 S300.00 F1000

; Pass 0 Path 2130
G0 X85.00 Y66.72
G1 X94.48 Y66.72 S300.00 F1000

; Pass 0 Path 2131
G0 X94.48 Y66.62
G1 X84.82 Y66.62 S300.00 F1000

; Pass 0 Path 2132
G0 X84.66 Y66.52
G1 X94.48 Y66.52 S300.00 F1000

; Pass 0 Path 2133
G0 X94.46 Y66.42
G1 X84.52 Y66.42 S300.00 F1000

; Pass 0 Path 2134
G0 X84.40 Y66.32
G1 X94.43 Y66.32 S300.00 F1000

; Pass 0 Path 2135
G0 X94.36 Y66.22
G1 X84.28 Y66.22 S300.00 F1000

; Pass 0 Path 2136
G0 X84.18 Y66.12
G1 X94.25 Y66.12 S300.00 F1000

; Pass 0 Path 2137
G0 X93.49 Y71.32
G1 X33.51 Y71.32 S300.00 F1000

; Pass 0 Path 2138
G0 X33.62 Y71.42
G1 X93.38 Y71.42 S300.00 F1000

; Pass 0 Path 2139
G0 X93.25 Y71.52
G1 X33.75 Y71.52 S300.00 F1000

; Pass 0 Path 2140
G0 X33.89 Y71.62
G1 X93.11 Y71.62 S300.00 F1000

; Pass 0 Path 2141
G0 X92.95 Y71.72
G1 X34.05 Y71.72 S300.00 F1000

; Pass 0 Path 2142
G0 X34.24 Y71.82
G1 X92.76 Y71.82 S300.00 F1000

; Pass 0 Path 2143
G0 X92.53 Y71.92
G1 X34.47 Y71.92 S300.00 F1000

; Pass 0 Path 2144
G0 X34.78 Y72.02
G1 X92.22 Y72.02 S300.00 F1000

; Pass 0 Path 2145
G0 X91.56 Y72.12
G1 X35.44 Y72.12 S300.00 F1000

; Pass 0 Path 2146
G0 X35.24 Y76.22
G1 X91.76 Y76.22 S300.00 F1000

; Pass 0 Path 2147
G0 X92.28 Y76.32
G1 X34.72 Y76.32 S300.00 F1000

; Pass 0 Path 2148
G0 X34.43 Y76.42
G1 X92.57 Y76.42 S300.00 F1000

; Pass 0 Path 2149
G0 X92.79 Y76.52
G1 X34.21 Y76.52 S300.00 F1000

; Pass 0 Path 2150
G0 X34.03 Y76.62
G1 X92.97 Y76.62 S300.00 F1000

; Pass 0 Path 2151
G0 X93.13 Y76.72
G1 X33.87 Y76.72 S300.00 F1000

; Pass 0 Path 2152
G0 X33.73 Y76.82
G1 X93.27 Y76.82 S300.00 F1000

; Pass 0 Path 2153
G0 X93.40 Y76.92
G1 X33.60 Y76.92 S300.00 F1000

; Pass 0 Path 2154
G0 X33.49 Y77.02
G1 X93.51 Y77.02 S300.00 F1000

; Pass 0 Path 2155
G0 X93.61 Y77.12
G1 X33.39 Y77.12 S300.00 F1000

; Pass 0 Path 2156
G0 X33.29 Y77.22
G1 X35.29 Y77.22 S300.00 F1000

; Pass 0 Path 2157
G0 X34.87 Y77.32
G1 X33.21 Y77.32 S300.00 F1000

; Pass 0 Path 2158
G0 X33.13 Y77.42
G1 X34.63 Y77.42 S300.00 F1000

; Pass 0 Path 2159
G0 X34.46 Y77.52
G1 X33.06 Y77.52 S300.00 F1000

; Pass 0 Path 2160
G0 X32.99 Y77.62
G1 X34.31 Y77.62 S300.00 F1000

; Pass 0 Path 2161
G0 X34.19 Y77.72
G1 X32.93 Y77.72 S300.00 F1000

; Pass 0 Path 2162
G0 X32.87 Y77.82
G1 X34.09 Y77.82 S300.00 F1000

; Pass 0 Path 2163
G0 X34.00 Y77.92
G1 X32.82 Y77.92 S300.00 F1000

; Pass 0 Path 2164
G0 X32.78 Y78.02
G1 X33.92 Y78.02 S300.00 F1000

; Pass 0 Path 2165
G0 X33.85 Y78.12
G1 X32.73 Y78.12 S300.00 F1000

; Pass 0 Path 2166
G0 X32.70 Y78.22
G1 X33.79 Y78.22 S300.00 F1000

; Pass 0 Path 2167
G0 X33.73 Y78.32
G1 X32.66 Y78.32 S300.00 F1000

; Pass 0 Path 2168
G0 X32.63 Y78.42
G1 X33.69 Y78.42 S300.00 F1000

; Pass 0 Path 2169
G0 X33.65 Y78.52
G1 X32.61 Y78.52 S300.00 F1000

; Pass 0 Path 2170
G0 X32.58 Y78.62
G1 X33.61 Y78.62 S300.00 F1000

; Pass 0 Path 2171
G0 X33.59 Y78.72
G1 X32.56 Y78.72 S300.00 F1000

; Pass 0 Path 2172
G0 X32.55 Y78.82
G1 X33.56 Y78.82 S300.00 F1000

; Pass 0 Path 2173
G0 X33.54 Y78.92
G1 X32.54 Y78.92 S300.00 F1000

; Pass 0 Path 2174
G0 X32.53 Y79.02
G1 X33.53 Y79.02 S300.00 F1000

; Pass 0 Path 2175
G0 X33.52 Y79.12
G1 X32.52 Y79.12 S300.00 F1000

; Pass 0 Path 2176
G0 X32.52 Y79.22
G1 X33.52 Y79.22 S300.00 F1000

; Pass 0 Path 2177
G0 X33.52 Y79.32
G1 X32.52 Y79.32 S300.00 F1000

; Pass 0 Path 2178
G0 X32.52 Y79.42
G1 X33.52 Y79.42 S300.00 F1000

; Pass 0 Path 2179
G0 X33.52 Y79.52
G1 X32.52 Y79.52 S300.00 F1000

; Pass 0 Path 2180
G0 X32.52 Y79.62
G1 X33.52 Y79.62 S300.00 F1000

; Pass 0 Path 2181
G0 X33.52 Y79.72
G1 X32.52 Y79.72 S300.00 F1000

; Pass 0 Path 2182
G0 X32.52 Y79.82
G1 X33.52 Y79.82 S300.00 F1000

; Pass 0 Path 2183
G0 X33.52 Y79.92
G1 X32.52 Y79.92 S300.00 F1000

; Pass 0 Path 2184
G0 X32.52 Y80.02
G1 X33.52 Y80.02 S300.00 F1000

; Pass 0 Path 2185
G0 X33.52 Y80.12
G1 X32.52 Y80.12 S300.00 F1000

; Pass 0 Path 2186
G0 X32.52 Y80.22
G1 X33.52 Y80.22 S300.00 F1000

; Pass 0 Path 2187
G0 X33.52 Y80.32
G1 X32.52 Y80.32 S300.00 F1000

; Pass 0 Path 2188
G0 X32.52 Y80.42
G1 X33.52 Y80.42 S300.00 F1000

; Pass 0 Path 2189
G0 X33.52 Y80.52
G1 X32.52 Y80.52 S300.00 F1000

; Pass 0 Path 2190
G0 X32.52 Y80.62
G1 X33.52 Y80.62 S300.00 F1000

; Pass 0 Path 2191
G0 X33.52 Y80.72
G1 X32.52 Y80.72 S300.00 F1000

; Pass 0 Path 2192
G0 X32.52 Y80.82
G1 X33.52 Y80.82 S300.00 F1000

; Pass 0 Path 2193
G0 X33.52 Y80.92
G1 X32.52 Y80.92 S300.00 F1000

; Pass 0 Path 2194
G0 X32.52 Y81.02
G1 X33.52 Y81.02 S300.00 F1000

; Pass 0 Path 2195
G0 X33.52 Y81.12
G1 X32.52 Y81.12 S300.00 F1000

; Pass 0 Path 2196
G0 X32.52 Y81.22
G1 X33.52 Y81.22 S300.00 F1000

; Pass 0 Path 2197
G0 X33.52 Y81.32
G1 X32.52 Y81.32 S300.00 F1000

; Pass 0 Path 2198
G0 X32.52 Y81.42
G1 X33.52 Y81.42 S300.00 F1000

; Pass 0 Path 2199
G0 X33.52 Y81.52
G1 X32.52 Y81.52 S300.00 F1000

; Pass 0 Path 2200
G0 X32.52 Y81.62
G1 X33.52 Y81.62 S300.00 F1000

; Pass 0 Path 2201
G0 X33.52 Y81.72
G1 X32.52 Y81.72 S300.00 F1000

; Pass 0 Path 2202
G0 X32.52 Y81.82
G1 X33.52 Y81.82 S300.00 F1000

; Pass 0 Path 2203
G0 X33.52 Y81.92
G1 X32.52 Y81.92 S300.00 F1000

; Pass 0 Path 2204
G0 X32.52 Y82.02
G1 X33.52 Y82.02 S300.00 F1000

; Pass 0 Path 2205
G0 X33.52 Y82.12
G1 X32.52 Y82.12 S300.00 F1000

; Pass 0 Path 2206
G0 X32.52 Y82.22
G1 X33.52 Y82.22 S300.00 F1000

; Pass 0 Path 2207
G0 X33.52 Y82.32
G1 X32.52 Y82.32 S300.00 F1000

; Pass 0 Path 2208
G0 X32.52 Y82.42
G1 X33.52 Y82.42 S300.00 F1000

; Pass 0 Path 2209
G0 X33.52 Y82.52
G1 X32.52 Y82.52 S300.00 F1000

; Pass 0 Path 2210
G0 X32.52 Y82.62
G1 X33.52 Y82.62 S300.00 F1000

; Pass 0 Path 2211
G0 X33.52 Y82.72
G1 X32.52 Y82.72 S300.00 F1000

; Pass 0 Path 2212
G0 X32.52 Y82.82
G1 X33.52 Y82.82 S300.00 F1000

; Pass 0 Path 2213
G0 X33.52 Y82.92
G1 X32.52 Y82.92 S300.00 F1000

; Pass 0 Path 2214
G0 X32.52 Y83.02
G1 X33.52 Y83.02 S300.00 F1000

; Pass 0 Path 2215
G0 X33.52 Y83.12
G1 X32.52 Y83.12 S300.00 F1000

; Pass 0 Path 2216
G0 X32.52 Y83.22
G1 X33.52 Y83.22 S300.00 F1000

; Pass 0 Path 2217
G0 X33.52 Y83.32
G1 X32.52 Y83.32 S300.00 F1000

; Pass 0 Path 2218
G0 X32.52 Y83.42
G1 X33.52 Y83.42 S300.00 F1000

; Pass 0 Path 2219
G0 X33.52 Y83.52
G1 X32.52 Y83.52 S300.00 F1000

; Pass 0 Path 2220
G0 X32.52 Y83.62
G1 X33.52 Y83.62 S300.00 F1000

; Pass 0 Path 2221
G0 X33.52 Y83.72
G1 X32.52 Y83.72 S300.00 F1000

; Pass 0 Path 2222
G0 X32.52 Y83.82
G1 X33.52 Y83.82 S300.00 F1000

; Pass 0 Path 2223
G0 X33.52 Y83.92
G1 X32.52 Y83.92 S300.00 F1000

; Pass 0 Path 2224
G0 X32.52 Y84.02
G1 X33.52 Y84.02 S300.00 F1000

; Pass 0 Path 2225
G0 X33.52 Y84.12
G1 X32.52 Y84.12 S300.00 F1000

; Pass 0 Path 2226
G0 X32.52 Y84.22
G1 X33.52 Y84.22 S300.00 F1000

; Pass 0 Path 2227
G0 X33.52 Y84.32
G1 X32.52 Y84.32 S300.00 F1000

; Pass 0 Path 2228
G0 X32.52 Y84.42
G1 X33.52 Y84.42 S300.00 F1000

; Pass 0 Path 2229
G0 X33.52 Y84.52
G1 X32.52 Y84.52 S300.00 F1000

; Pass 0 Path 2230
G0 X32.52 Y84.62
G1 X33.52 Y84.62 S300.00 F1000

; Pass 0 Path 2231
G0 X33.52 Y84.72
G1 X32.52 Y84.72 S300.00 F1000

; Pass 0 Path 2232
G0 X32.52 Y84.82
G1 X33.52 Y84.82 S300.00 F1000

; Pass 0 Path 2233
G0 X33.52 Y84.92
G1 X32.52 Y84.92 S300.00 F1000

; Pass 0 Path 2234
G0 X32.52 Y85.02
G1 X33.52 Y85.02 S300.00 F1000

; Pass 0 Path 2235
G0 X33.52 Y85.12
G1 X32.52 Y85.12 S300.00 F1000

; Pass 0 Path 2236
G0 X32.52 Y85.22
G1 X33.52 Y85.22 S300.00 F1000

; Pass 0 Path 2237
G0 X33.52 Y85.32
G1 X32.52 Y85.32 S300.00 F1000

; Pass 0 Path 2238
G0 X32.52 Y85.42
G1 X33.52 Y85.42 S300.00 F1000

; Pass 0 Path 2239
G0 X33.52 Y85.52
G1 X32.52 Y85.52 S300.00 F1000

; Pass 0 Path 2240
G0 X32.52 Y85.62
G1 X33.52 Y85.62 S300.00 F1000

; Pass 0 Path 2241
G0 X33.52 Y85.72
G1 X32.52 Y85.72 S300.00 F1000

; Pass 0 Path 2242
G0 X32.52 Y85.82
G1 X33.52 Y85.82 S300.00 F1000

; Pass 0 Path 2243
G0 X33.52 Y85.92
G1 X32.52 Y85.92 S300.00 F1000

; Pass 0 Path 2244
G0 X32.52 Y86.02
G1 X33.52 Y86.02 S300.00 F1000

; Pass 0 Path 2245
G0 X33.52 Y86.12
G1 X32.52 Y86.12 S300.00 F1000

; Pass 0 Path 2246
G0 X32.52 Y86.22
G1 X33.52 Y86.22 S300.00 F1000

; Pass 0 Path 2247
G0 X33.52 Y86.32
G1 X32.52 Y86.32 S300.00 F1000

; Pass 0 Path 2248
G0 X32.52 Y86.42
G1 X33.52 Y86.42 S300.00 F1000

; Pass 0 Path 2249
G0 X33.52 Y86.52
G1 X32.52 Y86.52 S300.00 F1000

; Pass 0 Path 2250
G0 X32.52 Y86.62
G1 X33.52 Y86.62 S300.00 F1000

; Pass 0 Path 2251
G0 X33.52 Y86.72
G1 X32.52 Y86.72 S300.00 F1000

; Pass 0 Path 2252
G0 X32.52 Y86.82
G1 X33.52 Y86.82 S300.00 F1000

; Pass 0 Path 2253
G0 X33.52 Y86.92
G1 X32.52 Y86.92 S300.00 F1000

; Pass 0 Path 2254
G0 X32.52 Y87.02
G1 X33.52 Y87.02 S300.00 F1000

; Pass 0 Path 2255
G0 X33.52 Y87.12
G1 X32.52 Y87.12 S300.00 F1000

; Pass 0 Path 2256
G0 X32.52 Y87.22
G1 X33.52 Y87.22 S300.00 F1000

; Pass 0 Path 2257
G0 X33.52 Y87.32
G1 X32.52 Y87.32 S300.00 F1000

; Pass 0 Path 2258
G0 X32.52 Y87.42
G1 X33.52 Y87.42 S300.00 F1000

; Pass 0 Path 2259
G0 X33.52 Y87.52
G1 X32.52 Y87.52 S300.00 F1000

; Pass 0 Path 2260
G0 X32.52 Y87.62
G1 X33.52 Y87.62 S300.00 F1000

; Pass 0 Path 2261
G0 X33.52 Y87.72
G1 X32.52 Y87.72 S300.00 F1000

; Pass 0 Path 2262
G0 X32.52 Y87.82
G1 X33.52 Y87.82 S300.00 F1000

; Pass 0 Path 2263
G0 X33.52 Y87.92
G1 X32.52 Y87.92 S300.00 F1000

; Pass 0 Path 2264
G0 X32.52 Y88.02
G1 X33.52 Y88.02 S300.00 F1000

; Pass 0 Path 2265
G0 X33.52 Y88.12
G1 X32.52 Y88.12 S300.00 F1000

; Pass 0 Path 2266
G0 X32.52 Y88.22
G1 X33.52 Y88.22 S300.00 F1000

; Pass 0 Path 2267
G0 X33.52 Y88.32
G1 X32.52 Y88.32 S300.00 F1000

; Pass 0 Path 2268
G0 X32.52 Y88.42
G1 X33.52 Y88.42 S300.00 F1000

; Pass 0 Path 2269
G0 X33.52 Y88.52
G1 X32.52 Y88.52 S300.00 F1000

; Pass 0 Path 2270
G0 X32.52 Y88.62
G1 X33.52 Y88.62 S300.00 F1000

; Pass 0 Path 2271
G0 X33.52 Y88.72
G1 X32.52 Y88.72 S300.00 F1000

; Pass 0 Path 2272
G0 X32.52 Y88.82
G1 X33.52 Y88.82 S300.00 F1000

; Pass 0 Path 2273
G0 X33.52 Y88.92
G1 X32.52 Y88.92 S300.00 F1000

; Pass 0 Path 2274
G0 X32.52 Y89.02
G1 X33.52 Y89.02 S300.00 F1000

; Pass 0 Path 2275
G0 X33.52 Y89.12
G1 X32.52 Y89.12 S300.00 F1000

; Pass 0 Path 2276
G0 X32.52 Y89.22
G1 X33.52 Y89.22 S300.00 F1000

; Pass 0 Path 2277
G0 X33.52 Y89.32
G1 X32.52 Y89.32 S300.00 F1000

; Pass 0 Path 2278
G0 X32.52 Y89.42
G1 X33.52 Y89.42 S300.00 F1000

; Pass 0 Path 2279
G0 X33.52 Y89.52
G1 X32.52 Y89.52 S300.00 F1000

; Pass 0 Path 2280
G0 X32.52 Y89.62
G1 X33.52 Y89.62 S300.00 F1000

; Pass 0 Path 2281
G0 X33.52 Y89.72
G1 X32.52 Y89.72 S300.00 F1000

; Pass 0 Path 2282
G0 X32.52 Y89.82
G1 X33.52 Y89.82 S300.00 F1000

; Pass 0 Path 2283
G0 X33.52 Y89.92
G1 X32.52 Y89.92 S300.00 F1000

; Pass 0 Path 2284
G0 X32.52 Y90.02
G1 X33.52 Y90.02 S300.00 F1000

; Pass 0 Path 2285
G0 X33.52 Y90.12
G1 X32.52 Y90.12 S300.00 F1000

; Pass 0 Path 2286
G0 X32.52 Y90.22
G1 X33.52 Y90.22 S300.00 F1000

; Pass 0 Path 2287
G0 X33.52 Y90.32
G1 X32.52 Y90.32 S300.00 F1000

; Pass 0 Path 2288
G0 X32.52 Y90.42
G1 X33.52 Y90.42 S300.00 F1000

; Pass 0 Path 2289
G0 X33.52 Y90.52
G1 X32.52 Y90.52 S300.00 F1000

; Pass 0 Path 2290
G0 X32.52 Y90.62
G1 X33.52 Y90.62 S300.00 F1000

; Pass 0 Path 2291
G0 X33.52 Y90.72
G1 X32.52 Y90.72 S300.00 F1000

; Pass 0 Path 2292
G0 X32.52 Y90.82
G1 X33.52 Y90.82 S300.00 F1000

; Pass 0 Path 2293
G0 X33.52 Y90.92
G1 X32.52 Y90.92 S300.00 F1000

; Pass 0 Path 2294
G0 X32.52 Y91.02
G1 X33.52 Y91.02 S300.00 F1000

; Pass 0 Path 2295
G0 X33.52 Y91.12
G1 X32.52 Y91.12 S300.00 F1000

; Pass 0 Path 2296
G0 X32.52 Y91.22
G1 X33.52 Y91.22 S300.00 F1000

; Pass 0 Path 2297
G0 X33.52 Y91.32
G1 X32.52 Y91.32 S300.00 F1000

; Pass 0 Path 2298
G0 X32.52 Y91.42
G1 X33.52 Y91.42 S300.00 F1000

; Pass 0 Path 2299
G0 X33.52 Y91.52
G1 X32.52 Y91.52 S300.00 F1000

; Pass 0 Path 2300
G0 X32.52 Y91.62
G1 X33.52 Y91.62 S300.00 F1000

; Pass 0 Path 2301
G0 X33.52 Y91.72
G1 X32.52 Y91.72 S300.00 F1000

; Pass 0 Path 2302
G0 X32.52 Y91.82
G1 X33.52 Y91.82 S300.00 F1000

; Pass 0 Path 2303
G0 X33.52 Y91.92
G1 X32.52 Y91.92 S300.00 F1000

; Pass 0 Path 2304
G0 X32.52 Y92.02
G1 X33.52 Y92.02 S300.00 F1000

; Pass 0 Path 2305
G0 X33.52 Y92.12
G1 X32.52 Y92.12 S300.00 F1000

; Pass 0 Path 2306
G0 X32.52 Y92.22
G1 X33.52 Y92.22 S300.00 F1000

; Pass 0 Path 2307
G0 X33.52 Y92.32
G1 X32.52 Y92.32 S300.00 F1000

; Pass 0 Path 2308
G0 X32.52 Y92.42
G1 X33.52 Y92.42 S300.00 F1000

; Pass 0 Path 2309
G0 X33.52 Y92.52
G1 X32.52 Y92.52 S300.00 F1000

; Pass 0 Path 2310
G0 X32.52 Y92.62
G1 X33.52 Y92.62 S300.00 F1000

; Pass 0 Path 2311
G0 X33.52 Y92.72
G1 X32.52 Y92.72 S300.00 F1000

; Pass 0 Path 2312
G0 X32.52 Y92.82
G1 X33.52 Y92.82 S300.00 F1000

; Pass 0 Path 2313
G0 X33.52 Y92.92
G1 X32.52 Y92.92 S300.00 F1000

; Pass 0 Path 2314
G0 X32.52 Y93.02
G1 X33.52 Y93.02 S300.00 F1000

; Pass 0 Path 2315
G0 X33.52 Y93.12
G1 X32.52 Y93.12 S300.00 F1000

; Pass 0 Path 2316
G0 X32.52 Y93.22
G1 X33.52 Y93.22 S300.00 F1000

; Pass 0 Path 2317
G0 X33.52 Y93.32
G1 X32.52 Y93.32 S300.00 F1000

; Pass 0 Path 2318
G0 X32.52 Y93.42
G1 X33.52 Y93.42 S300.00 F1000

; Pass 0 Path 2319
G0 X33.52 Y93.52
G1 X32.52 Y93.52 S300.00 F1000

; Pass 0 Path 2320
G0 X32.52 Y93.62
G1 X33.52 Y93.62 S300.00 F1000

; Pass 0 Path 2321
G0 X33.52 Y93.72
G1 X32.52 Y93.72 S300.00 F1000

; Pass 0 Path 2322
G0 X32.52 Y93.82
G1 X33.52 Y93.82 S300.00 F1000

; Pass 0 Path 2323
G0 X33.52 Y93.92
G1 X32.52 Y93.92 S300.00 F1000

; Pass 0 Path 2324
G0 X32.52 Y94.02
G1 X33.52 Y94.02 S300.00 F1000

; Pass 0 Path 2325
G0 X33.52 Y94.12
G1 X32.52 Y94.12 S300.00 F1000

; Pass 0 Path 2326
G0 X32.52 Y94.22
G1 X33.52 Y94.22 S300.00 F1000

; Pass 0 Path 2327
G0 X33.52 Y94.32
G1 X32.52 Y94.32 S300.00 F1000

; Pass 0 Path 2328
G0 X32.52 Y94.42
G1 X33.52 Y94.42 S300.00 F1000

; Pass 0 Path 2329
G0 X33.52 Y94.52
G1 X32.52 Y94.52 S300.00 F1000

; Pass 0 Path 2330
G0 X32.52 Y94.62
G1 X33.52 Y94.62 S300.00 F1000

; Pass 0 Path 2331
G0 X33.52 Y94.72
G1 X32.52 Y94.72 S300.00 F1000

; Pass 0 Path 2332
G0 X32.52 Y94.82
G1 X33.52 Y94.82 S300.00 F1000

; Pass 0 Path 2333
G0 X33.52 Y94.92
G1 X32.52 Y94.92 S300.00 F1000

; Pass 0 Path 2334
G0 X32.52 Y95.02
G1 X33.52 Y95.02 S300.00 F1000

; Pass 0 Path 2335
G0 X33.52 Y95.12
G1 X32.52 Y95.12 S300.00 F1000

; Pass 0 Path 2336
G0 X32.52 Y95.22
G1 X33.52 Y95.22 S300.00 F1000

; Pass 0 Path 2337
G0 X33.52 Y95.32
G1 X32.52 Y95.32 S300.00 F1000

; Pass 0 Path 2338
G0 X32.52 Y95.42
G1 X33.52 Y95.42 S300.00 F1000

; Pass 0 Path 2339
G0 X33.52 Y95.52
G1 X32.52 Y95.52 S300.00 F1000

; Pass 0 Path 2340
G0 X32.52 Y95.62
G1 X33.52 Y95.62 S300.00 F1000

; Pass 0 Path 2341
G0 X33.52 Y95.72
G1 X32.52 Y95.72 S300.00 F1000

; Pass 0 Path 2342
G0 X32.52 Y95.82
G1 X33.52 Y95.82 S300.00 F1000

; Pass 0 Path 2343
G0 X33.52 Y95.92
G1 X32.52 Y95.92 S300.00 F1000

; Pass 0 Path 2344
G0 X32.52 Y96.02
G1 X33.52 Y96.02 S300.00 F1000

; Pass 0 Path 2345
G0 X33.52 Y96.12
G1 X32.52 Y96.12 S300.00 F1000

; Pass 0 Path 2346
G0 X32.52 Y96.22
G1 X33.52 Y96.22 S300.00 F1000

; Pass 0 Path 2347
G0 X33.52 Y96.32
G1 X32.52 Y96.32 S300.00 F1000

; Pass 0 Path 2348
G0 X32.52 Y96.42
G1 X33.52 Y96.42 S300.00 F1000

; Pass 0 Path 2349
G0 X33.52 Y96.52
G1 X32.52 Y96.52 S300.00 F1000

; Pass 0 Path 2350
G0 X32.52 Y96.62
G1 X33.52 Y96.62 S300.00 F1000

; Pass 0 Path 2351
G0 X33.52 Y96.72
G1 X32.52 Y96.72 S300.00 F1000

; Pass 0 Path 2352
G0 X32.52 Y96.82
G1 X33.52 Y96.82 S300.00 F1000

; Pass 0 Path 2353
G0 X33.52 Y96.92
G1 X32.52 Y96.92 S300.00 F1000

; Pass 0 Path 2354
G0 X32.52 Y97.02
G1 X33.52 Y97.02 S300.00 F1000

; Pass 0 Path 2355
G0 X33.52 Y97.12
G1 X32.52 Y97.12 S300.00 F1000

; Pass 0 Path 2356
G0 X32.52 Y97.22
G1 X33.52 Y97.22 S300.00 F1000

; Pass 0 Path 2357
G0 X33.52 Y97.32
G1 X32.52 Y97.32 S300.00 F1000

; Pass 0 Path 2358
G0 X32.52 Y97.42
G1 X33.52 Y97.42 S300.00 F1000

; Pass 0 Path 2359
G0 X33.52 Y97.52
G1 X32.52 Y97.52 S300.00 F1000

; Pass 0 Path 2360
G0 X32.52 Y97.62
G1 X33.52 Y97.62 S300.00 F1000

; Pass 0 Path 2361
G0 X33.52 Y97.72
G1 X32.52 Y97.72 S300.00 F1000

; Pass 0 Path 2362
G0 X32.52 Y97.82
G1 X33.52 Y97.82 S300.00 F1000

; Pass 0 Path 2363
G0 X33.52 Y97.92
G1 X32.52 Y97.92 S300.00 F1000

; Pass 0 Path 2364
G0 X32.52 Y98.02
G1 X33.52 Y98.02 S300.00 F1000

; Pass 0 Path 2365
G0 X33.52 Y98.12
G1 X32.52 Y98.12 S300.00 F1000

; Pass 0 Path 2366
G0 X32.52 Y98.22
G1 X33.52 Y98.22 S300.00 F1000

; Pass 0 Path 2367
G0 X33.52 Y98.32
G1 X32.52 Y98.32 S300.00 F1000

; Pass 0 Path 2368
G0 X32.52 Y98.42
G1 X33.52 Y98.42 S300.00 F1000

; Pass 0 Path 2369
G0 X33.52 Y98.52
G1 X32.52 Y98.52 S300.00 F1000

; Pass 0 Path 2370
G0 X32.52 Y98.62
G1 X33.52 Y98.62 S300.00 F1000

; Pass 0 Path 2371
G0 X33.52 Y98.72
G1 X32.52 Y98.72 S300.00 F1000

; Pass 0 Path 2372
G0 X32.52 Y98.82
G1 X33.52 Y98.82 S300.00 F1000

; Pass 0 Path 2373
G0 X33.52 Y98.92
G1 X32.52 Y98.92 S300.00 F1000

; Pass 0 Path 2374
G0 X32.52 Y99.02
G1 X33.52 Y99.02 S300.00 F1000

; Pass 0 Path 2375
G0 X33.52 Y99.12
G1 X32.52 Y99.12 S300.00 F1000

; Pass 0 Path 2376
G0 X32.52 Y99.22
G1 X33.52 Y99.22 S300.00 F1000

; Pass 0 Path 2377
G0 X33.52 Y99.32
G1 X32.52 Y99.32 S300.00 F1000

; Pass 0 Path 2378
G0 X32.52 Y99.42
G1 X33.52 Y99.42 S300.00 F1000

; Pass 0 Path 2379
G0 X33.52 Y99.52
G1 X32.52 Y99.52 S300.00 F1000

; Pass 0 Path 2380
G0 X32.52 Y99.62
G1 X33.52 Y99.62 S300.00 F1000

; Pass 0 Path 2381
G0 X33.52 Y99.72
G1 X32.52 Y99.72 S300.00 F1000

; Pass 0 Path 2382
G0 X32.52 Y99.82
G1 X33.52 Y99.82 S300.00 F1000

; Pass 0 Path 2383
G0 X33.52 Y99.92
G1 X32.52 Y99.92 S300.00 F1000

; Pass 0 Path 2384
G0 X32.52 Y100.02
G1 X33.52 Y100.02 S300.00 F1000

; Pass 0 Path 2385
G0 X33.52 Y100.12
G1 X32.52 Y100.12 S300.00 F1000

; Pass 0 Path 2386
G0 X32.52 Y100.22
G1 X33.52 Y100.22 S300.00 F1000

; Pass 0 Path 2387
G0 X33.52 Y100.32
G1 X32.52 Y100.32 S300.00 F1000

; Pass 0 Path 2388
G0 X32.52 Y100.42
G1 X33.52 Y100.42 S300.00 F1000

; Pass 0 Path 2389
G0 X33.52 Y100.52
G1 X32.52 Y100.52 S300.00 F1000

; Pass 0 Path 2390
G0 X32.52 Y100.62
G1 X33.52 Y100.62 S300.00 F1000

; Pass 0 Path 2391
G0 X33.52 Y100.72
G1 X32.52 Y100.72 S300.00 F1000

; Pass 0 Path 2392
G0 X32.52 Y100.82
G1 X33.52 Y100.82 S300.00 F1000

; Pass 0 Path 2393
G0 X33.52 Y100.92
G1 X32.52 Y100.92 S300.00 F1000

; Pass 0 Path 2394
G0 X32.52 Y101.02
G1 X33.52 Y101.02 S300.00 F1000

; Pass 0 Path 2395
G0 X33.52 Y101.12
G1 X32.52 Y101.12 S300.00 F1000

; Pass 0 Path 2396
G0 X32.52 Y101.22
G1 X33.52 Y101.22 S300.00 F1000

; Pass 0 Path 2397
G0 X33.52 Y101.32
G1 X32.52 Y101.32 S300.00 F1000

; Pass 0 Path 2398
G0 X32.52 Y101.42
G1 X33.52 Y101.42 S300.00 F1000

; Pass 0 Path 2399
G0 X33.52 Y101.52
G1 X32.52 Y101.52 S300.00 F1000

; Pass 0 Path 2400
G0 X32.52 Y101.62
G1 X33.52 Y101.62 S300.00 F1000

; Pass 0 Path 2401
G0 X33.52 Y101.72
G1 X32.52 Y101.72 S300.00 F1000

; Pass 0 Path 2402
G0 X32.52 Y101.82
G1 X33.52 Y101.82 S300.00 F1000

; Pass 0 Path 2403
G0 X33.52 Y101.92
G1 X32.52 Y101.92 S300.00 F1000

; Pass 0 Path 2404
G0 X32.52 Y102.02
G1 X33.52 Y102.02 S300.00 F1000

; Pass 0 Path 2405
G0 X33.52 Y102.12
G1 X32.52 Y102.12 S300.00 F1000

; Pass 0 Path 2406
G0 X32.52 Y102.22
G1 X33.52 Y102.22 S300.00 F1000

; Pass 0 Path 2407
G0 X33.52 Y102.32
G1 X32.52 Y102.32 S300.00 F1000

; Pass 0 Path 2408
G0 X32.52 Y102.42
G1 X33.52 Y102.42 S300.00 F1000

; Pass 0 Path 2409
G0 X33.52 Y102.52
G1 X32.52 Y102.52 S300.00 F1000

; Pass 0 Path 2410
G0 X32.52 Y102.62
G1 X33.52 Y102.62 S300.00 F1000

; Pass 0 Path 2411
G0 X33.52 Y102.72
G1 X32.52 Y102.72 S300.00 F1000

; Pass 0 Path 2412
G0 X32.52 Y102.82
G1 X33.52 Y102.82 S300.00 F1000

; Pass 0 Path 2413
G0 X33.52 Y102.92
G1 X32.52 Y102.92 S300.00 F1000

; Pass 0 Path 2414
G0 X32.52 Y103.02
G1 X33.52 Y103.02 S300.00 F1000

; Pass 0 Path 2415
G0 X33.52 Y103.12
G1 X32.52 Y103.12 S300.00 F1000

; Pass 0 Path 2416
G0 X32.52 Y103.22
G1 X33.52 Y103.22 S300.00 F1000

; Pass 0 Path 2417
G0 X33.52 Y103.32
G1 X32.52 Y103.32 S300.00 F1000

; Pass 0 Path 2418
G0 X32.52 Y103.42
G1 X33.52 Y103.42 S300.00 F1000

; Pass 0 Path 2419
G0 X33.52 Y103.52
G1 X32.52 Y103.52 S300.00 F1000

; Pass 0 Path 2420
G0 X32.52 Y103.62
G1 X33.52 Y103.62 S300.00 F1000

; Pass 0 Path 2421
G0 X33.52 Y103.72
G1 X32.52 Y103.72 S300.00 F1000

; Pass 0 Path 2422
G0 X32.52 Y103.82
G1 X33.52 Y103.82 S300.00 F1000

; Pass 0 Path 2423
G0 X33.52 Y103.92
G1 X32.52 Y103.92 S300.00 F1000

; Pass 0 Path 2424
G0 X32.52 Y104.02
G1 X33.52 Y104.02 S300.00 F1000

; Pass 0 Path 2425
G0 X33.52 Y104.12
G1 X32.52 Y104.12 S300.00 F1000

; Pass 0 Path 2426
G0 X32.52 Y104.22
G1 X33.52 Y104.22 S300.00 F1000

; Pass 0 Path 2427
G0 X33.52 Y104.32
G1 X32.52 Y104.32 S300.00 F1000

; Pass 0 Path 2428
G0 X32.52 Y104.42
G1 X33.52 Y104.42 S300.00 F1000

; Pass 0 Path 2429
G0 X33.52 Y104.52
G1 X32.52 Y104.52 S300.00 F1000

; Pass 0 Path 2430
G0 X32.52 Y104.62
G1 X33.52 Y104.62 S300.00 F1000

; Pass 0 Path 2431
G0 X33.52 Y104.72
G1 X32.52 Y104.72 S300.00 F1000

; Pass 0 Path 2432
G0 X32.52 Y104.82
G1 X33.53 Y104.82 S300.00 F1000

; Pass 0 Path 2433
G0 X33.54 Y104.92
G1 X32.53 Y104.92 S300.00 F1000

; Pass 0 Path 2434
G0 X32.54 Y105.02
G1 X33.55 Y105.02 S300.00 F1000

; Pass 0 Path 2435
G0 X33.57 Y105.12
G1 X32.56 Y105.12 S300.00 F1000

; Pass 0 Path 2436
G0 X32.57 Y105.22
G1 X33.60 Y105.22 S300.00 F1000

; Pass 0 Path 2437
G0 X33.63 Y105.32
G1 X32.60 Y105.32 S300.00 F1000

; Pass 0 Path 2438
G0 X32.62 Y105.42
G1 X33.67 Y105.42 S300.00 F1000

; Pass 0 Path 2439
G0 X33.71 Y105.52
G1 X32.65 Y105.52 S300.00 F1000

; Pass 0 Path 2440
G0 X32.68 Y105.62
G1 X33.76 Y105.62 S300.00 F1000

; Pass 0 Path 2441
G0 X33.82 Y105.72
G1 X32.72 Y105.72 S300.00 F1000

; Pass 0 Path 2442
G0 X32.76 Y105.82
G1 X33.89 Y105.82 S300.00 F1000

; Pass 0 Path 2443
G0 X33.96 Y105.92
G1 X32.80 Y105.92 S300.00 F1000

; Pass 0 Path 2444
G0 X32.85 Y106.02
G1 X34.05 Y106.02 S300.00 F1000

; Pass 0 Path 2445
G0 X34.14 Y106.12
G1 X32.90 Y106.12 S300.00 F1000

; Pass 0 Path 2446
G0 X32.96 Y106.22
G1 X34.26 Y106.22 S300.00 F1000

; Pass 0 Path 2447
G0 X34.39 Y106.32
G1 X33.03 Y106.32 S300.00 F1000

; Pass 0 Path 2448
G0 X33.10 Y106.42
G1 X34.55 Y106.42 S300.00 F1000

; Pass 0 Path 2449
G0 X34.75 Y106.52
G1 X33.17 Y106.52 S300.00 F1000

; Pass 0 Path 2450
G0 X33.25 Y106.62
G1 X35.05 Y106.62 S300.00 F1000

; Pass 0 Path 2451
G0 X34.94 Y107.62
G1 X92.06 Y107.62 S300.00 F1000

; Pass 0 Path 2452
G0 X92.42 Y107.52
G1 X34.58 Y107.52 S300.00 F1000

; Pass 0 Path 2453
G0 X34.32 Y107.42
G1 X92.68 Y107.42 S300.00 F1000

; Pass 0 Path 2454
G0 X92.88 Y107.32
G1 X34.12 Y107.32 S300.00 F1000

; Pass 0 Path 2455
G0 X33.95 Y107.22
G1 X93.05 Y107.22 S300.00 F1000

; Pass 0 Path 2456
G0 X93.20 Y107.12
G1 X33.80 Y107.12 S300.00 F1000

; Pass 0 Path 2457
G0 X33.67 Y107.02
G1 X93.33 Y107.02 S300.00 F1000

; Pass 0 Path 2458
G0 X93.45 Y106.92
G1 X33.55 Y106.92 S300.00 F1000

; Pass 0 Path 2459
G0 X33.44 Y106.82
G1 X93.56 Y106.82 S300.00 F1000

; Pass 0 Path 2460
G0 X93.66 Y106.72
G1 X33.34 Y106.72 S300.00 F1000

; Pass 0 Path 2461
G0 X28.44 Y106.72
G1 X27.44 Y106.72 S300.00 F1000

; Pass 0 Path 2462
G0 X27.44 Y106.62
G1 X28.44 Y106.62 S300.00 F1000

; Pass 0 Path 2463
G0 X28.44 Y106.52
G1 X27.44 Y106.52 S300.00 F1000

; Pass 0 Path 2464
G0 X27.44 Y106.42
G1 X28.44 Y106.42 S300.00 F1000

; Pass 0 Path 2465
G0 X28.44 Y106.32
G1 X27.44 Y106.32 S300.00 F1000

; Pass 0 Path 2466
G0 X27.44 Y106.22
G1 X28.44 Y106.22 S300.00 F1000

; Pass 0 Path 2467
G0 X28.44 Y106.12
G1 X27.44 Y106.12 S300.00 F1000

; Pass 0 Path 2468
G0 X27.44 Y106.02
G1 X28.44 Y106.02 S300.00 F1000

; Pass 0 Path 2469
G0 X28.44 Y105.92
G1 X27.44 Y105.92 S300.00 F1000

; Pass 0 Path 2470
G0 X27.44 Y105.82
G1 X28.44 Y105.82 S300.00 F1000

; Pass 0 Path 2471
G0 X28.44 Y105.72
G1 X27.44 Y105.72 S300.00 F1000

; Pass 0 Path 2472
G0 X27.44 Y105.62
G1 X28.44 Y105.62 S300.00 F1000

; Pass 0 Path 2473
G0 X28.44 Y105.52
G1 X27.44 Y105.52 S300.00 F1000

; Pass 0 Path 2474
G0 X27.44 Y105.42
G1 X28.44 Y105.42 S300.00 F1000

; Pass 0 Path 2475
G0 X28.44 Y105.32
G1 X27.44 Y105.32 S300.00 F1000

; Pass 0 Path 2476
G0 X27.44 Y105.22
G1 X28.44 Y105.22 S300.00 F1000

; Pass 0 Path 2477
G0 X28.44 Y105.12
G1 X27.44 Y105.12 S300.00 F1000

; Pass 0 Path 2478
G0 X27.44 Y105.02
G1 X28.44 Y105.02 S300.00 F1000

; Pass 0 Path 2479
G0 X28.44 Y104.92
G1 X27.44 Y104.92 S300.00 F1000

; Pass 0 Path 2480
G0 X27.44 Y104.82
G1 X28.44 Y104.82 S300.00 F1000

; Pass 0 Path 2481
G0 X28.44 Y104.72
G1 X27.44 Y104.72 S300.00 F1000

; Pass 0 Path 2482
G0 X27.44 Y104.62
G1 X28.44 Y104.62 S300.00 F1000

; Pass 0 Path 2483
G0 X28.44 Y104.52
G1 X27.44 Y104.52 S300.00 F1000

; Pass 0 Path 2484
G0 X27.44 Y104.42
G1 X28.44 Y104.42 S300.00 F1000

; Pass 0 Path 2485
G0 X28.44 Y104.32
G1 X27.44 Y104.32 S300.00 F1000

; Pass 0 Path 2486
G0 X27.44 Y104.22
G1 X28.44 Y104.22 S300.00 F1000

; Pass 0 Path 2487
G0 X28.44 Y104.12
G1 X27.44 Y104.12 S300.00 F1000

; Pass 0 Path 2488
G0 X27.44 Y104.02
G1 X28.44 Y104.02 S300.00 F1000

; Pass 0 Path 2489
G0 X28.44 Y103.92
G1 X27.44 Y103.92 S300.00 F1000

; Pass 0 Path 2490
G0 X27.44 Y103.82
G1 X28.44 Y103.82 S300.00 F1000

; Pass 0 Path 2491
G0 X28.44 Y103.72
G1 X27.44 Y103.72 S300.00 F1000

; Pass 0 Path 2492
G0 X27.44 Y103.62
G1 X28.44 Y103.62 S300.00 F1000

; Pass 0 Path 2493
G0 X28.44 Y103.52
G1 X27.44 Y103.52 S300.00 F1000

; Pass 0 Path 2494
G0 X27.44 Y103.42
G1 X28.44 Y103.42 S300.00 F1000

; Pass 0 Path 2495
G0 X28.44 Y103.32
G1 X27.44 Y103.32 S300.00 F1000

; Pass 0 Path 2496
G0 X27.44 Y103.22
G1 X28.44 Y103.22 S300.00 F1000

; Pass 0 Path 2497
G0 X28.44 Y103.12
G1 X27.44 Y103.12 S300.00 F1000

; Pass 0 Path 2498
G0 X27.44 Y103.02
G1 X28.44 Y103.02 S300.00 F1000

; Pass 0 Path 2499
G0 X28.44 Y102.92
G1 X27.44 Y102.92 S300.00 F1000

; Pass 0 Path 2500
G0 X27.44 Y102.82
G1 X28.44 Y102.82 S300.00 F1000

; Pass 0 Path 2501
G0 X28.44 Y102.72
G1 X27.44 Y102.72 S300.00 F1000

; Pass 0 Path 2502
G0 X27.44 Y102.62
G1 X28.44 Y102.62 S300.00 F1000

; Pass 0 Path 2503
G0 X28.44 Y102.52
G1 X27.44 Y102.52 S300.00 F1000

; Pass 0 Path 2504
G0 X27.44 Y102.42
G1 X28.44 Y102.42 S300.00 F1000

; Pass 0 Path 2505
G0 X28.44 Y102.32
G1 X27.44 Y102.32 S300.00 F1000

; Pass 0 Path 2506
G0 X27.44 Y102.22
G1 X28.44 Y102.22 S300.00 F1000

; Pass 0 Path 2507
G0 X28.44 Y102.12
G1 X27.44 Y102.12 S300.00 F1000

; Pass 0 Path 2508
G0 X27.44 Y102.02
G1 X28.44 Y102.02 S300.00 F1000

; Pass 0 Path 2509
G0 X28.44 Y101.92
G1 X27.44 Y101.92 S300.00 F1000

; Pass 0 Path 2510
G0 X27.44 Y101.82
G1 X28.44 Y101.82 S300.00 F1000

; Pass 0 Path 2511
G0 X28.44 Y101.72
G1 X27.44 Y101.72 S300.00 F1000

; Pass 0 Path 2512
G0 X27.44 Y101.62
G1 X28.44 Y101.62 S300.00 F1000

; Pass 0 Path 2513
G0 X28.44 Y101.52
G1 X27.44 Y101.52 S300.00 F1000

; Pass 0 Path 2514
G0 X27.44 Y101.42
G1 X28.44 Y101.42 S300.00 F1000

; Pass 0 Path 2515
G0 X28.44 Y101.32
G1 X27.44 Y101.32 S300.00 F1000

; Pass 0 Path 2516
G0 X27.44 Y101.22
G1 X28.44 Y101.22 S300.00 F1000

; Pass 0 Path 2517
G0 X28.44 Y101.12
G1 X27.44 Y101.12 S300.00 F1000

; Pass 0 Path 2518
G0 X27.44 Y101.02
G1 X28.44 Y101.02 S300.00 F1000

; Pass 0 Path 2519
G0 X28.44 Y100.92
G1 X27.44 Y100.92 S300.00 F1000

; Pass 0 Path 2520
G0 X27.44 Y100.82
G1 X28.44 Y100.82 S300.00 F1000

; Pass 0 Path 2521
G0 X28.44 Y100.72
G1 X27.44 Y100.72 S300.00 F1000

; Pass 0 Path 2522
G0 X27.44 Y100.62
G1 X28.44 Y100.62 S300.00 F1000

; Pass 0 Path 2523
G0 X28.44 Y100.52
G1 X27.44 Y100.52 S300.00 F1000

; Pass 0 Path 2524
G0 X27.44 Y100.42
G1 X28.44 Y100.42 S300.00 F1000

; Pass 0 Path 2525
G0 X28.44 Y100.32
G1 X27.44 Y100.32 S300.00 F1000

; Pass 0 Path 2526
G0 X27.44 Y100.22
G1 X28.44 Y100.22 S300.00 F1000

; Pass 0 Path 2527
G0 X28.44 Y100.12
G1 X27.44 Y100.12 S300.00 F1000

; Pass 0 Path 2528
G0 X27.44 Y100.02
G1 X28.44 Y100.02 S300.00 F1000

; Pass 0 Path 2529
G0 X28.44 Y99.92
G1 X27.44 Y99.92 S300.00 F1000

; Pass 0 Path 2530
G0 X27.44 Y99.82
G1 X28.44 Y99.82 S300.00 F1000

; Pass 0 Path 2531
G0 X28.44 Y99.72
G1 X27.44 Y99.72 S300.00 F1000

; Pass 0 Path 2532
G0 X27.44 Y99.62
G1 X28.44 Y99.62 S300.00 F1000

; Pass 0 Path 2533
G0 X28.44 Y99.52
G1 X27.44 Y99.52 S300.00 F1000

; Pass 0 Path 2534
G0 X27.44 Y99.42
G1 X28.44 Y99.42 S300.00 F1000

; Pass 0 Path 2535
G0 X28.44 Y99.32
G1 X27.44 Y99.32 S300.00 F1000

; Pass 0 Path 2536
G0 X27.44 Y99.22
G1 X28.44 Y99.22 S300.00 F1000

; Pass 0 Path 2537
G0 X28.44 Y99.12
G1 X27.44 Y99.12 S300.00 F1000

; Pass 0 Path 2538
G0 X27.44 Y99.02
G1 X28.44 Y99.02 S300.00 F1000

; Pass 0 Path 2539
G0 X28.44 Y98.92
G1 X27.44 Y98.92 S300.00 F1000

; Pass 0 Path 2540
G0 X27.44 Y98.82
G1 X28.44 Y98.82 S300.00 F1000

; Pass 0 Path 2541
G0 X28.44 Y98.72
G1 X27.44 Y98.72 S300.00 F1000

; Pass 0 Path 2542
G0 X27.44 Y98.62
G1 X28.44 Y98.62 S300.00 F1000

; Pass 0 Path 2543
G0 X28.44 Y98.52
G1 X27.44 Y98.52 S300.00 F1000

; Pass 0 Path 2544
G0 X27.44 Y98.42
G1 X28.44 Y98.42 S300.00 F1000

; Pass 0 Path 2545
G0 X28.44 Y98.32
G1 X27.44 Y98.32 S300.00 F1000

; Pass 0 Path 2546
G0 X27.44 Y98.22
G1 X28.44 Y98.22 S300.00 F1000

; Pass 0 Path 2547
G0 X28.44 Y98.12
G1 X27.44 Y98.12 S300.00 F1000

; Pass 0 Path 2548
G0 X27.44 Y98.02
G1 X28.44 Y98.02 S300.00 F1000

; Pass 0 Path 2549
G0 X28.44 Y97.92
G1 X27.44 Y97.92 S300.00 F1000

; Pass 0 Path 2550
G0 X27.44 Y97.82
G1 X28.44 Y97.82 S300.00 F1000

; Pass 0 Path 2551
G0 X28.44 Y97.72
G1 X27.44 Y97.72 S300.00 F1000

; Pass 0 Path 2552
G0 X27.44 Y97.62
G1 X28.44 Y97.62 S300.00 F1000

; Pass 0 Path 2553
G0 X28.44 Y97.52
G1 X27.44 Y97.52 S300.00 F1000

; Pass 0 Path 2554
G0 X27.44 Y97.42
G1 X28.44 Y97.42 S300.00 F1000

; Pass 0 Path 2555
G0 X28.44 Y97.32
G1 X27.44 Y97.32 S300.00 F1000

; Pass 0 Path 2556
G0 X27.44 Y97.22
G1 X28.44 Y97.22 S300.00 F1000

; Pass 0 Path 2557
G0 X28.44 Y97.12
G1 X27.44 Y97.12 S300.00 F1000

; Pass 0 Path 2558
G0 X27.44 Y97.02
G1 X28.44 Y97.02 S300.00 F1000

; Pass 0 Path 2559
G0 X28.44 Y96.92
G1 X27.44 Y96.92 S300.00 F1000

; Pass 0 Path 2560
G0 X27.44 Y96.82
G1 X28.44 Y96.82 S300.00 F1000

; Pass 0 Path 2561
G0 X28.44 Y96.72
G1 X27.44 Y96.72 S300.00 F1000

; Pass 0 Path 2562
G0 X27.44 Y96.62
G1 X28.44 Y96.62 S300.00 F1000

; Pass 0 Path 2563
G0 X28.44 Y96.52
G1 X27.44 Y96.52 S300.00 F1000

; Pass 0 Path 2564
G0 X27.44 Y96.42
G1 X28.44 Y96.42 S300.00 F1000

; Pass 0 Path 2565
G0 X28.44 Y96.32
G1 X27.44 Y96.32 S300.00 F1000

; Pass 0 Path 2566
G0 X27.44 Y96.22
G1 X28.44 Y96.22 S300.00 F1000

; Pass 0 Path 2567
G0 X28.44 Y96.12
G1 X27.44 Y96.12 S300.00 F1000

; Pass 0 Path 2568
G0 X27.44 Y96.02
G1 X28.44 Y96.02 S300.00 F1000

; Pass 0 Path 2569
G0 X28.44 Y95.92
G1 X27.44 Y95.92 S300.00 F1000

; Pass 0 Path 2570
G0 X27.44 Y95.82
G1 X28.44 Y95.82 S300.00 F1000

; Pass 0 Path 2571
G0 X28.44 Y95.72
G1 X27.44 Y95.72 S300.00 F1000

; Pass 0 Path 2572
G0 X27.44 Y95.62
G1 X28.44 Y95.62 S300.00 F1000

; Pass 0 Path 2573
G0 X28.44 Y95.52
G1 X27.44 Y95.52 S300.00 F1000

; Pass 0 Path 2574
G0 X27.44 Y95.42
G1 X28.44 Y95.42 S300.00 F1000

; Pass 0 Path 2575
G0 X28.44 Y95.32
G1 X27.44 Y95.32 S300.00 F1000

; Pass 0 Path 2576
G0 X27.44 Y95.22
G1 X28.44 Y95.22 S300.00 F1000

; Pass 0 Path 2577
G0 X28.44 Y95.12
G1 X27.44 Y95.12 S300.00 F1000

; Pass 0 Path 2578
G0 X27.44 Y95.02
G1 X28.44 Y95.02 S300.00 F1000

; Pass 0 Path 2579
G0 X28.44 Y94.92
G1 X27.44 Y94.92 S300.00 F1000

; Pass 0 Path 2580
G0 X27.44 Y94.82
G1 X28.44 Y94.82 S300.00 F1000

; Pass 0 Path 2581
G0 X28.44 Y94.72
G1 X27.44 Y94.72 S300.00 F1000

; Pass 0 Path 2582
G0 X27.44 Y94.62
G1 X28.44 Y94.62 S300.00 F1000

; Pass 0 Path 2583
G0 X28.44 Y94.52
G1 X27.44 Y94.52 S300.00 F1000

; Pass 0 Path 2584
G0 X27.44 Y94.42
G1 X28.44 Y94.42 S300.00 F1000

; Pass 0 Path 2585
G0 X28.44 Y94.32
G1 X27.44 Y94.32 S300.00 F1000

; Pass 0 Path 2586
G0 X27.44 Y94.22
G1 X28.44 Y94.22 S300.00 F1000

; Pass 0 Path 2587
G0 X28.44 Y94.12
G1 X27.44 Y94.12 S300.00 F1000

; Pass 0 Path 2588
G0 X27.44 Y94.02
G1 X28.44 Y94.02 S300.00 F1000

; Pass 0 Path 2589
G0 X28.44 Y93.92
G1 X27.44 Y93.92 S300.00 F1000

; Pass 0 Path 2590
G0 X27.44 Y93.82
G1 X28.44 Y93.82 S300.00 F1000

; Pass 0 Path 2591
G0 X28.44 Y93.72
G1 X27.44 Y93.72 S300.00 F1000

; Pass 0 Path 2592
G0 X27.44 Y93.62
G1 X28.44 Y93.62 S300.00 F1000

; Pass 0 Path 2593
G0 X28.44 Y93.52
G1 X27.44 Y93.52 S300.00 F1000

; Pass 0 Path 2594
G0 X27.44 Y93.42
G1 X28.44 Y93.42 S300.00 F1000

; Pass 0 Path 2595
G0 X28.44 Y93.32
G1 X27.44 Y93.32 S300.00 F1000

; Pass 0 Path 2596
G0 X27.44 Y93.22
G1 X28.44 Y93.22 S300.00 F1000

; Pass 0 Path 2597
G0 X28.44 Y93.12
G1 X27.44 Y93.12 S300.00 F1000

; Pass 0 Path 2598
G0 X27.44 Y93.02
G1 X28.44 Y93.02 S300.00 F1000

; Pass 0 Path 2599
G0 X28.44 Y92.92
G1 X27.44 Y92.92 S300.00 F1000

; Pass 0 Path 2600
G0 X27.44 Y92.82
G1 X28.44 Y92.82 S300.00 F1000

; Pass 0 Path 2601
G0 X28.44 Y92.72
G1 X27.44 Y92.72 S300.00 F1000

; Pass 0 Path 2602
G0 X27.44 Y92.62
G1 X28.44 Y92.62 S300.00 F1000

; Pass 0 Path 2603
G0 X28.44 Y92.52
G1 X27.44 Y92.52 S300.00 F1000

; Pass 0 Path 2604
G0 X27.44 Y92.42
G1 X28.44 Y92.42 S300.00 F1000

; Pass 0 Path 2605
G0 X28.44 Y92.32
G1 X27.44 Y92.32 S300.00 F1000

; Pass 0 Path 2606
G0 X27.44 Y92.22
G1 X28.44 Y92.22 S300.00 F1000

; Pass 0 Path 2607
G0 X28.44 Y92.12
G1 X27.44 Y92.12 S300.00 F1000

; Pass 0 Path 2608
G0 X27.44 Y92.02
G1 X28.44 Y92.02 S300.00 F1000

; Pass 0 Path 2609
G0 X28.44 Y91.92
G1 X27.44 Y91.92 S300.00 F1000

; Pass 0 Path 2610
G0 X27.44 Y91.82
G1 X28.44 Y91.82 S300.00 F1000

; Pass 0 Path 2611
G0 X28.44 Y91.72
G1 X27.44 Y91.72 S300.00 F1000

; Pass 0 Path 2612
G0 X27.44 Y91.62
G1 X28.44 Y91.62 S300.00 F1000

; Pass 0 Path 2613
G0 X28.44 Y91.52
G1 X27.44 Y91.52 S300.00 F1000

; Pass 0 Path 2614
G0 X27.44 Y91.42
G1 X28.44 Y91.42 S300.00 F1000

; Pass 0 Path 2615
G0 X28.44 Y91.32
G1 X27.44 Y91.32 S300.00 F1000

; Pass 0 Path 2616
G0 X27.44 Y91.22
G1 X28.44 Y91.22 S300.00 F1000

; Pass 0 Path 2617
G0 X28.44 Y91.12
G1 X27.44 Y91.12 S300.00 F1000

; Pass 0 Path 2618
G0 X27.44 Y91.02
G1 X28.44 Y91.02 S300.00 F1000

; Pass 0 Path 2619
G0 X28.44 Y90.92
G1 X27.44 Y90.92 S300.00 F1000

; Pass 0 Path 2620
G0 X27.44 Y90.82
G1 X28.44 Y90.82 S300.00 F1000

; Pass 0 Path 2621
G0 X28.44 Y90.72
G1 X27.44 Y90.72 S300.00 F1000

; Pass 0 Path 2622
G0 X27.43 Y90.62
G1 X28.43 Y90.62 S300.00 F1000

; Pass 0 Path 2623
G0 X28.42 Y90.52
G1 X27.42 Y90.52 S300.00 F1000

; Pass 0 Path 2624
G0 X27.40 Y90.42
G1 X28.41 Y90.42 S300.00 F1000

; Pass 0 Path 2625
G0 X28.40 Y90.32
G1 X27.38 Y90.32 S300.00 F1000

; Pass 0 Path 2626
G0 X27.36 Y90.22
G1 X28.38 Y90.22 S300.00 F1000

; Pass 0 Path 2627
G0 X28.36 Y90.12
G1 X27.32 Y90.12 S300.00 F1000

; Pass 0 Path 2628
G0 X27.29 Y90.02
G1 X28.33 Y90.02 S300.00 F1000

; Pass 0 Path 2629
G0 X28.31 Y89.92
G1 X27.25 Y89.92 S300.00 F1000

; Pass 0 Path 2630
G0 X27.20 Y89.82
G1 X28.28 Y89.82 S300.00 F1000

; Pass 0 Path 2631
G0 X28.24 Y89.72
G1 X27.14 Y89.72 S300.00 F1000

; Pass 0 Path 2632
G0 X27.08 Y89.62
G1 X28.20 Y89.62 S300.00 F1000

; Pass 0 Path 2633
G0 X28.16 Y89.52
G1 X27.01 Y89.52 S300.00 F1000

; Pass 0 Path 2634
G0 X26.93 Y89.42
G1 X28.11 Y89.42 S300.00 F1000

; Pass 0 Path 2635
G0 X28.06 Y89.32
G1 X26.85 Y89.32 S300.00 F1000

; Pass 0 Path 2636
G0 X26.75 Y89.22
G1 X28.00 Y89.22 S300.00 F1000

; Pass 0 Path 2637
G0 X27.94 Y89.12
G1 X26.63 Y89.12 S300.00 F1000

; Pass 0 Path 2638
G0 X26.50 Y89.02
G1 X27.87 Y89.02 S300.00 F1000

; Pass 0 Path 2639
G0 X27.80 Y88.92
G1 X26.34 Y88.92 S300.00 F1000

; Pass 0 Path 2640
G0 X26.14 Y88.82
G1 X27.73 Y88.82 S300.00 F1000

; Pass 0 Path 2641
G0 X27.64 Y88.72
G1 X25.86 Y88.72 S300.00 F1000

; Pass 0 Path 2642
G0 X25.99 Y87.72
G1 X7.03 Y87.72 S300.00 F1000

; Pass 0 Path 2643
G0 X6.70 Y87.82
G1 X26.32 Y87.82 S300.00 F1000

; Pass 0 Path 2644
G0 X26.57 Y87.92
G1 X6.45 Y87.92 S300.00 F1000

; Pass 0 Path 2645
G0 X6.25 Y88.02
G1 X26.77 Y88.02 S300.00 F1000

; Pass 0 Path 2646
G0 X26.94 Y88.12
G1 X6.08 Y88.12 S300.00 F1000

; Pass 0 Path 2647
G0 X5.93 Y88.22
G1 X27.09 Y88.22 S300.00 F1000

; Pass 0 Path 2648
G0 X27.22 Y88.32
G1 X5.80 Y88.32 S300.00 F1000

; Pass 0 Path 2649
G0 X5.68 Y88.42
G1 X27.34 Y88.42 S300.00 F1000

; Pass 0 Path 2650
G0 X27.45 Y88.52
G1 X5.57 Y88.52 S300.00 F1000

; Pass 0 Path 2651
G0 X5.47 Y88.62
G1 X27.55 Y88.62 S300.00 F1000

; Pass 0 Path 2652
G0 X25.87 Y82.22
G1 X7.15 Y82.22 S300.00 F1000

; Pass 0 Path 2653
G0 X6.77 Y82.12
G1 X26.25 Y82.12 S300.00 F1000

; Pass 0 Path 2654
G0 X26.51 Y82.02
G1 X6.51 Y82.02 S300.00 F1000

; Pass 0 Path 2655
G0 X6.30 Y81.92
G1 X26.72 Y81.92 S300.00 F1000

; Pass 0 Path 2656
G0 X26.90 Y81.82
G1 X6.12 Y81.82 S300.00 F1000

; Pass 0 Path 2657
G0 X5.97 Y81.72
G1 X27.05 Y81.72 S300.00 F1000

; Pass 0 Path 2658
G0 X27.19 Y81.62
G1 X5.83 Y81.62 S300.00 F1000

; Pass 0 Path 2659
G0 X5.71 Y81.52
G1 X27.31 Y81.52 S300.00 F1000

; Pass 0 Path 2660
G0 X27.42 Y81.42
G1 X5.60 Y81.42 S300.00 F1000

; Pass 0 Path 2661
G0 X5.38 Y88.72
G1 X7.16 Y88.72 S300.00 F1000

; Pass 0 Path 2662
G0 X6.88 Y88.82
G1 X5.29 Y88.82 S300.00 F1000

; Pass 0 Path 2663
G0 X5.22 Y88.92
G1 X6.68 Y88.92 S300.00 F1000

; Pass 0 Path 2664
G0 X6.52 Y89.02
G1 X5.14 Y89.02 S300.00 F1000

; Pass 0 Path 2665
G0 X5.08 Y89.12
G1 X6.39 Y89.12 S300.00 F1000

; Pass 0 Path 2666
G0 X6.27 Y89.22
G1 X5.02 Y89.22 S300.00 F1000

; Pass 0 Path 2667
G0 X4.96 Y89.32
G1 X6.17 Y89.32 S300.00 F1000

; Pass 0 Path 2668
G0 X6.09 Y89.42
G1 X4.91 Y89.42 S300.00 F1000

; Pass 0 Path 2669
G0 X4.86 Y89.52
G1 X6.01 Y89.52 S300.00 F1000

; Pass 0 Path 2670
G0 X5.94 Y89.62
G1 X4.82 Y89.62 S300.00 F1000

; Pass 0 Path 2671
G0 X4.78 Y89.72
G1 X5.88 Y89.72 S300.00 F1000

; Pass 0 Path 2672
G0 X5.82 Y89.82
G1 X4.74 Y89.82 S300.00 F1000

; Pass 0 Path 2673
G0 X4.71 Y89.92
G1 X5.77 Y89.92 S300.00 F1000

; Pass 0 Path 2674
G0 X5.73 Y90.02
G1 X4.68 Y90.02 S300.00 F1000

; Pass 0 Path 2675
G0 X4.66 Y90.12
G1 X5.70 Y90.12 S300.00 F1000

; Pass 0 Path 2676
G0 X5.66 Y90.22
G1 X4.64 Y90.22 S300.00 F1000

; Pass 0 Path 2677
G0 X4.62 Y90.32
G1 X5.64 Y90.32 S300.00 F1000

; Pass 0 Path 2678
G0 X5.62 Y90.42
G1 X4.61 Y90.42 S300.00 F1000

; Pass 0 Path 2679
G0 X4.60 Y90.52
G1 X5.60 Y90.52 S300.00 F1000

; Pass 0 Path 2680
G0 X5.59 Y90.62
G1 X4.59 Y90.62 S300.00 F1000

; Pass 0 Path 2681
G0 X4.58 Y90.72
G1 X5.58 Y90.72 S300.00 F1000

; Pass 0 Path 2682
G0 X5.58 Y90.82
G1 X4.58 Y90.82 S300.00 F1000

; Pass 0 Path 2683
G0 X4.58 Y90.92
G1 X5.58 Y90.92 S300.00 F1000

; Pass 0 Path 2684
G0 X5.58 Y91.02
G1 X4.58 Y91.02 S300.00 F1000

; Pass 0 Path 2685
G0 X4.58 Y91.12
G1 X5.58 Y91.12 S300.00 F1000

; Pass 0 Path 2686
G0 X5.58 Y91.22
G1 X4.58 Y91.22 S300.00 F1000

; Pass 0 Path 2687
G0 X4.58 Y91.32
G1 X5.58 Y91.32 S300.00 F1000

; Pass 0 Path 2688
G0 X5.58 Y91.42
G1 X4.58 Y91.42 S300.00 F1000

; Pass 0 Path 2689
G0 X4.58 Y91.52
G1 X5.58 Y91.52 S300.00 F1000

; Pass 0 Path 2690
G0 X5.58 Y91.62
G1 X4.58 Y91.62 S300.00 F1000

; Pass 0 Path 2691
G0 X4.58 Y91.72
G1 X5.58 Y91.72 S300.00 F1000

; Pass 0 Path 2692
G0 X5.58 Y91.82
G1 X4.58 Y91.82 S300.00 F1000

; Pass 0 Path 2693
G0 X4.58 Y91.92
G1 X5.58 Y91.92 S300.00 F1000

; Pass 0 Path 2694
G0 X5.58 Y92.02
G1 X4.58 Y92.02 S300.00 F1000

; Pass 0 Path 2695
G0 X4.58 Y92.12
G1 X5.58 Y92.12 S300.00 F1000

; Pass 0 Path 2696
G0 X5.58 Y92.22
G1 X4.58 Y92.22 S300.00 F1000

; Pass 0 Path 2697
G0 X4.58 Y92.32
G1 X5.58 Y92.32 S300.00 F1000

; Pass 0 Path 2698
G0 X5.58 Y92.42
G1 X4.58 Y92.42 S300.00 F1000

; Pass 0 Path 2699
G0 X4.58 Y92.52
G1 X5.58 Y92.52 S300.00 F1000

; Pass 0 Path 2700
G0 X5.58 Y92.62
G1 X4.58 Y92.62 S300.00 F1000

; Pass 0 Path 2701
G0 X4.58 Y92.72
G1 X5.58 Y92.72 S300.00 F1000

; Pass 0 Path 2702
G0 X5.58 Y92.82
G1 X4.58 Y92.82 S300.00 F1000

; Pass 0 Path 2703
G0 X4.58 Y92.92
G1 X5.58 Y92.92 S300.00 F1000

; Pass 0 Path 2704
G0 X5.58 Y93.02
G1 X4.58 Y93.02 S300.00 F1000

; Pass 0 Path 2705
G0 X4.58 Y93.12
G1 X5.58 Y93.12 S300.00 F1000

; Pass 0 Path 2706
G0 X5.58 Y93.22
G1 X4.58 Y93.22 S300.00 F1000

; Pass 0 Path 2707
G0 X4.58 Y93.32
G1 X5.58 Y93.32 S300.00 F1000

; Pass 0 Path 2708
G0 X5.58 Y93.42
G1 X4.58 Y93.42 S300.00 F1000

; Pass 0 Path 2709
G0 X4.58 Y93.52
G1 X5.58 Y93.52 S300.00 F1000

; Pass 0 Path 2710
G0 X5.58 Y93.62
G1 X4.58 Y93.62 S300.00 F1000

; Pass 0 Path 2711
G0 X4.58 Y93.72
G1 X5.58 Y93.72 S300.00 F1000

; Pass 0 Path 2712
G0 X5.58 Y93.82
G1 X4.58 Y93.82 S300.00 F1000

; Pass 0 Path 2713
G0 X4.58 Y93.92
G1 X5.58 Y93.92 S300.00 F1000

; Pass 0 Path 2714
G0 X5.58 Y94.02
G1 X4.58 Y94.02 S300.00 F1000

; Pass 0 Path 2715
G0 X4.58 Y94.12
G1 X5.58 Y94.12 S300.00 F1000

; Pass 0 Path 2716
G0 X5.58 Y94.22
G1 X4.58 Y94.22 S300.00 F1000

; Pass 0 Path 2717
G0 X4.58 Y94.32
G1 X5.58 Y94.32 S300.00 F1000

; Pass 0 Path 2718
G0 X5.58 Y94.42
G1 X4.58 Y94.42 S300.00 F1000

; Pass 0 Path 2719
G0 X4.58 Y94.52
G1 X5.58 Y94.52 S300.00 F1000

; Pass 0 Path 2720
G0 X5.58 Y94.62
G1 X4.58 Y94.62 S300.00 F1000

; Pass 0 Path 2721
G0 X4.58 Y94.72
G1 X5.58 Y94.72 S300.00 F1000

; Pass 0 Path 2722
G0 X5.58 Y94.82
G1 X4.58 Y94.82 S300.00 F1000

; Pass 0 Path 2723
G0 X4.58 Y94.92
G1 X5.58 Y94.92 S300.00 F1000

; Pass 0 Path 2724
G0 X5.58 Y95.02
G1 X4.58 Y95.02 S300.00 F1000

; Pass 0 Path 2725
G0 X4.58 Y95.12
G1 X5.58 Y95.12 S300.00 F1000

; Pass 0 Path 2726
G0 X5.58 Y95.22
G1 X4.58 Y95.22 S300.00 F1000

; Pass 0 Path 2727
G0 X4.58 Y95.32
G1 X5.58 Y95.32 S300.00 F1000

; Pass 0 Path 2728
G0 X5.58 Y95.42
G1 X4.58 Y95.42 S300.00 F1000

; Pass 0 Path 2729
G0 X4.58 Y95.52
G1 X5.58 Y95.52 S300.00 F1000

; Pass 0 Path 2730
G0 X5.58 Y95.62
G1 X4.58 Y95.62 S300.00 F1000

; Pass 0 Path 2731
G0 X4.58 Y95.72
G1 X5.58 Y95.72 S300.00 F1000

; Pass 0 Path 2732
G0 X5.58 Y95.82
G1 X4.58 Y95.82 S300.00 F1000

; Pass 0 Path 2733
G0 X4.58 Y95.92
G1 X5.58 Y95.92 S300.00 F1000

; Pass 0 Path 2734
G0 X5.58 Y96.02
G1 X4.58 Y96.02 S300.00 F1000

; Pass 0 Path 2735
G0 X4.58 Y96.12
G1 X5.58 Y96.12 S300.00 F1000

; Pass 0 Path 2736
G0 X5.58 Y96.22
G1 X4.58 Y96.22 S300.00 F1000

; Pass 0 Path 2737
G0 X4.58 Y96.32
G1 X5.58 Y96.32 S300.00 F1000

; Pass 0 Path 2738
G0 X5.58 Y96.42
G1 X4.58 Y96.42 S300.00 F1000

; Pass 0 Path 2739
G0 X4.58 Y96.52
G1 X5.58 Y96.52 S300.00 F1000

; Pass 0 Path 2740
G0 X5.58 Y96.62
G1 X4.58 Y96.62 S300.00 F1000

; Pass 0 Path 2741
G0 X4.58 Y96.72
G1 X5.58 Y96.72 S300.00 F1000

; Pass 0 Path 2742
G0 X5.58 Y96.82
G1 X4.58 Y96.82 S300.00 F1000

; Pass 0 Path 2743
G0 X4.58 Y96.92
G1 X5.58 Y96.92 S300.00 F1000

; Pass 0 Path 2744
G0 X5.58 Y97.02
G1 X4.58 Y97.02 S300.00 F1000

; Pass 0 Path 2745
G0 X4.58 Y97.12
G1 X5.58 Y97.12 S300.00 F1000

; Pass 0 Path 2746
G0 X5.58 Y97.22
G1 X4.58 Y97.22 S300.00 F1000

; Pass 0 Path 2747
G0 X4.58 Y97.32
G1 X5.58 Y97.32 S300.00 F1000

; Pass 0 Path 2748
G0 X5.58 Y97.42
G1 X4.58 Y97.42 S300.00 F1000

; Pass 0 Path 2749
G0 X4.58 Y97.52
G1 X5.58 Y97.52 S300.00 F1000

; Pass 0 Path 2750
G0 X5.58 Y97.62
G1 X4.58 Y97.62 S300.00 F1000

; Pass 0 Path 2751
G0 X4.58 Y97.72
G1 X5.58 Y97.72 S300.00 F1000

; Pass 0 Path 2752
G0 X5.58 Y97.82
G1 X4.58 Y97.82 S300.00 F1000

; Pass 0 Path 2753
G0 X4.58 Y97.92
G1 X5.58 Y97.92 S300.00 F1000

; Pass 0 Path 2754
G0 X5.58 Y98.02
G1 X4.58 Y98.02 S300.00 F1000

; Pass 0 Path 2755
G0 X4.58 Y98.12
G1 X5.58 Y98.12 S300.00 F1000

; Pass 0 Path 2756
G0 X5.58 Y98.22
G1 X4.58 Y98.22 S300.00 F1000

; Pass 0 Path 2757
G0 X4.58 Y98.32
G1 X5.58 Y98.32 S300.00 F1000

; Pass 0 Path 2758
G0 X5.58 Y98.42
G1 X4.58 Y98.42 S300.00 F1000

; Pass 0 Path 2759
G0 X4.58 Y98.52
G1 X5.58 Y98.52 S300.00 F1000

; Pass 0 Path 2760
G0 X5.58 Y98.62
G1 X4.58 Y98.62 S300.00 F1000

; Pass 0 Path 2761
G0 X4.58 Y98.72
G1 X5.58 Y98.72 S300.00 F1000

; Pass 0 Path 2762
G0 X5.58 Y98.82
G1 X4.58 Y98.82 S300.00 F1000

; Pass 0 Path 2763
G0 X4.58 Y98.92
G1 X5.58 Y98.92 S300.00 F1000

; Pass 0 Path 2764
G0 X5.58 Y99.02
G1 X4.58 Y99.02 S300.00 F1000

; Pass 0 Path 2765
G0 X4.58 Y99.12
G1 X5.58 Y99.12 S300.00 F1000

; Pass 0 Path 2766
G0 X5.58 Y99.22
G1 X4.58 Y99.22 S300.00 F1000

; Pass 0 Path 2767
G0 X4.58 Y99.32
G1 X5.58 Y99.32 S300.00 F1000

; Pass 0 Path 2768
G0 X5.58 Y99.42
G1 X4.58 Y99.42 S300.00 F1000

; Pass 0 Path 2769
G0 X4.58 Y99.52
G1 X5.58 Y99.52 S300.00 F1000

; Pass 0 Path 2770
G0 X5.58 Y99.62
G1 X4.58 Y99.62 S300.00 F1000

; Pass 0 Path 2771
G0 X4.58 Y99.72
G1 X5.58 Y99.72 S300.00 F1000

; Pass 0 Path 2772
G0 X5.58 Y99.82
G1 X4.58 Y99.82 S300.00 F1000

; Pass 0 Path 2773
G0 X4.58 Y99.92
G1 X5.58 Y99.92 S300.00 F1000

; Pass 0 Path 2774
G0 X5.58 Y100.02
G1 X4.58 Y100.02 S300.00 F1000

; Pass 0 Path 2775
G0 X4.58 Y100.12
G1 X5.58 Y100.12 S300.00 F1000

; Pass 0 Path 2776
G0 X5.58 Y100.22
G1 X4.58 Y100.22 S300.00 F1000

; Pass 0 Path 2777
G0 X4.58 Y100.32
G1 X5.58 Y100.32 S300.00 F1000

; Pass 0 Path 2778
G0 X5.58 Y100.42
G1 X4.58 Y100.42 S300.00 F1000

; Pass 0 Path 2779
G0 X4.58 Y100.52
G1 X5.58 Y100.52 S300.00 F1000

; Pass 0 Path 2780
G0 X5.58 Y100.62
G1 X4.58 Y100.62 S300.00 F1000

; Pass 0 Path 2781
G0 X4.58 Y100.72
G1 X5.58 Y100.72 S300.00 F1000

; Pass 0 Path 2782
G0 X5.58 Y100.82
G1 X4.58 Y100.82 S300.00 F1000

; Pass 0 Path 2783
G0 X4.58 Y100.92
G1 X5.58 Y100.92 S300.00 F1000

; Pass 0 Path 2784
G0 X5.58 Y101.02
G1 X4.58 Y101.02 S300.00 F1000

; Pass 0 Path 2785
G0 X4.58 Y101.12
G1 X5.58 Y101.12 S300.00 F1000

; Pass 0 Path 2786
G0 X5.58 Y101.22
G1 X4.58 Y101.22 S300.00 F1000

; Pass 0 Path 2787
G0 X4.58 Y101.32
G1 X5.58 Y101.32 S300.00 F1000

; Pass 0 Path 2788
G0 X5.58 Y101.42
G1 X4.58 Y101.42 S300.00 F1000

; Pass 0 Path 2789
G0 X4.58 Y101.52
G1 X5.58 Y101.52 S300.00 F1000

; Pass 0 Path 2790
G0 X5.58 Y101.62
G1 X4.58 Y101.62 S300.00 F1000

; Pass 0 Path 2791
G0 X4.58 Y101.72
G1 X5.58 Y101.72 S300.00 F1000

; Pass 0 Path 2792
G0 X5.58 Y101.82
G1 X4.58 Y101.82 S300.00 F1000

; Pass 0 Path 2793
G0 X4.58 Y101.92
G1 X5.58 Y101.92 S300.00 F1000

; Pass 0 Path 2794
G0 X5.58 Y102.02
G1 X4.58 Y102.02 S300.00 F1000

; Pass 0 Path 2795
G0 X4.58 Y102.12
G1 X5.58 Y102.12 S300.00 F1000

; Pass 0 Path 2796
G0 X5.58 Y102.22
G1 X4.58 Y102.22 S300.00 F1000

; Pass 0 Path 2797
G0 X4.58 Y102.32
G1 X5.58 Y102.32 S300.00 F1000

; Pass 0 Path 2798
G0 X5.58 Y102.42
G1 X4.58 Y102.42 S300.00 F1000

; Pass 0 Path 2799
G0 X4.58 Y102.52
G1 X5.58 Y102.52 S300.00 F1000

; Pass 0 Path 2800
G0 X5.58 Y102.62
G1 X4.58 Y102.62 S300.00 F1000

; Pass 0 Path 2801
G0 X4.58 Y102.72
G1 X5.58 Y102.72 S300.00 F1000

; Pass 0 Path 2802
G0 X5.58 Y102.82
G1 X4.58 Y102.82 S300.00 F1000

; Pass 0 Path 2803
G0 X4.58 Y102.92
G1 X5.58 Y102.92 S300.00 F1000

; Pass 0 Path 2804
G0 X5.58 Y103.02
G1 X4.58 Y103.02 S300.00 F1000

; Pass 0 Path 2805
G0 X4.58 Y103.12
G1 X5.58 Y103.12 S300.00 F1000

; Pass 0 Path 2806
G0 X5.58 Y103.22
G1 X4.58 Y103.22 S300.00 F1000

; Pass 0 Path 2807
G0 X4.58 Y103.32
G1 X5.58 Y103.32 S300.00 F1000

; Pass 0 Path 2808
G0 X5.58 Y103.42
G1 X4.58 Y103.42 S300.00 F1000

; Pass 0 Path 2809
G0 X4.58 Y103.52
G1 X5.58 Y103.52 S300.00 F1000

; Pass 0 Path 2810
G0 X5.58 Y103.62
G1 X4.58 Y103.62 S300.00 F1000

; Pass 0 Path 2811
G0 X4.58 Y103.72
G1 X5.58 Y103.72 S300.00 F1000

; Pass 0 Path 2812
G0 X5.58 Y103.82
G1 X4.58 Y103.82 S300.00 F1000

; Pass 0 Path 2813
G0 X4.58 Y103.92
G1 X5.58 Y103.92 S300.00 F1000

; Pass 0 Path 2814
G0 X5.58 Y104.02
G1 X4.58 Y104.02 S300.00 F1000

; Pass 0 Path 2815
G0 X4.58 Y104.12
G1 X5.58 Y104.12 S300.00 F1000

; Pass 0 Path 2816
G0 X5.58 Y104.22
G1 X4.58 Y104.22 S300.00 F1000

; Pass 0 Path 2817
G0 X4.58 Y104.32
G1 X5.58 Y104.32 S300.00 F1000

; Pass 0 Path 2818
G0 X5.58 Y104.42
G1 X4.58 Y104.42 S300.00 F1000

; Pass 0 Path 2819
G0 X4.58 Y104.52
G1 X5.58 Y104.52 S300.00 F1000

; Pass 0 Path 2820
G0 X5.58 Y104.62
G1 X4.58 Y104.62 S300.00 F1000

; Pass 0 Path 2821
G0 X4.58 Y104.72
G1 X5.58 Y104.72 S300.00 F1000

; Pass 0 Path 2822
G0 X5.58 Y104.82
G1 X4.58 Y104.82 S300.00 F1000

; Pass 0 Path 2823
G0 X4.58 Y104.92
G1 X5.58 Y104.92 S300.00 F1000

; Pass 0 Path 2824
G0 X5.58 Y105.02
G1 X4.58 Y105.02 S300.00 F1000

; Pass 0 Path 2825
G0 X4.58 Y105.12
G1 X5.58 Y105.12 S300.00 F1000

; Pass 0 Path 2826
G0 X5.58 Y105.22
G1 X4.58 Y105.22 S300.00 F1000

; Pass 0 Path 2827
G0 X4.58 Y105.32
G1 X5.58 Y105.32 S300.00 F1000

; Pass 0 Path 2828
G0 X5.58 Y105.42
G1 X4.58 Y105.42 S300.00 F1000

; Pass 0 Path 2829
G0 X4.58 Y105.52
G1 X5.58 Y105.52 S300.00 F1000

; Pass 0 Path 2830
G0 X5.58 Y105.62
G1 X4.58 Y105.62 S300.00 F1000

; Pass 0 Path 2831
G0 X4.58 Y105.72
G1 X5.58 Y105.72 S300.00 F1000

; Pass 0 Path 2832
G0 X5.58 Y105.82
G1 X4.58 Y105.82 S300.00 F1000

; Pass 0 Path 2833
G0 X4.58 Y105.92
G1 X5.58 Y105.92 S300.00 F1000

; Pass 0 Path 2834
G0 X5.58 Y106.02
G1 X4.58 Y106.02 S300.00 F1000

; Pass 0 Path 2835
G0 X4.58 Y106.12
G1 X5.58 Y106.12 S300.00 F1000

; Pass 0 Path 2836
G0 X5.58 Y106.22
G1 X4.58 Y106.22 S300.00 F1000

; Pass 0 Path 2837
G0 X4.58 Y106.32
G1 X5.58 Y106.32 S300.00 F1000

; Pass 0 Path 2838
G0 X5.58 Y106.42
G1 X4.58 Y106.42 S300.00 F1000

; Pass 0 Path 2839
G0 X4.58 Y106.52
G1 X5.58 Y106.52 S300.00 F1000

; Pass 0 Path 2840
G0 X5.58 Y106.62
G1 X4.58 Y106.62 S300.00 F1000

; Pass 0 Path 2841
G0 X4.58 Y106.72
G1 X5.58 Y106.72 S300.00 F1000

; Pass 0 Path 2842
G0 X5.58 Y106.82
G1 X4.58 Y106.82 S300.00 F1000

; Pass 0 Path 2843
G0 X4.58 Y106.92
G1 X5.58 Y106.92 S300.00 F1000

; Pass 0 Path 2844
G0 X5.58 Y107.02
G1 X4.58 Y107.02 S300.00 F1000

; Pass 0 Path 2845
G0 X4.58 Y107.12
G1 X5.58 Y107.12 S300.00 F1000

; Pass 0 Path 2846
G0 X5.58 Y107.22
G1 X4.58 Y107.22 S300.00 F1000

; Pass 0 Path 2847
G0 X4.58 Y107.32
G1 X5.58 Y107.32 S300.00 F1000

; Pass 0 Path 2848
G0 X5.58 Y107.42
G1 X4.58 Y107.42 S300.00 F1000

; Pass 0 Path 2849
G0 X4.58 Y107.52
G1 X5.58 Y107.52 S300.00 F1000

; Pass 0 Path 2850
G0 X5.58 Y107.62
G1 X4.58 Y107.62 S300.00 F1000

; Pass 0 Path 2851
G0 X4.58 Y107.72
G1 X5.58 Y107.72 S300.00 F1000

; Pass 0 Path 2852
G0 X5.58 Y107.82
G1 X4.58 Y107.82 S300.00 F1000

; Pass 0 Path 2853
G0 X4.58 Y107.92
G1 X5.58 Y107.92 S300.00 F1000

; Pass 0 Path 2854
G0 X5.58 Y108.02
G1 X4.58 Y108.02 S300.00 F1000

; Pass 0 Path 2855
G0 X4.58 Y108.12
G1 X5.58 Y108.12 S300.00 F1000

; Pass 0 Path 2856
G0 X5.58 Y108.22
G1 X4.58 Y108.22 S300.00 F1000

; Pass 0 Path 2857
G0 X4.58 Y108.32
G1 X5.58 Y108.32 S300.00 F1000

; Pass 0 Path 2858
G0 X5.58 Y108.42
G1 X4.58 Y108.42 S300.00 F1000

; Pass 0 Path 2859
G0 X4.59 Y108.52
G1 X5.59 Y108.52 S300.00 F1000

; Pass 0 Path 2860
G0 X5.60 Y108.62
G1 X4.60 Y108.62 S300.00 F1000

; Pass 0 Path 2861
G0 X4.61 Y108.72
G1 X5.62 Y108.72 S300.00 F1000

; Pass 0 Path 2862
G0 X5.64 Y108.82
G1 X4.62 Y108.82 S300.00 F1000

; Pass 0 Path 2863
G0 X4.64 Y108.92
G1 X5.67 Y108.92 S300.00 F1000

; Pass 0 Path 2864
G0 X5.70 Y109.02
G1 X4.66 Y109.02 S300.00 F1000

; Pass 0 Path 2865
G0 X4.69 Y109.12
G1 X5.74 Y109.12 S300.00 F1000

; Pass 0 Path 2866
G0 X5.78 Y109.22
G1 X4.72 Y109.22 S300.00 F1000

; Pass 0 Path 2867
G0 X4.75 Y109.32
G1 X5.83 Y109.32 S300.00 F1000

; Pass 0 Path 2868
G0 X5.88 Y109.42
G1 X4.79 Y109.42 S300.00 F1000

; Pass 0 Path 2869
G0 X4.82 Y109.52
G1 X5.95 Y109.52 S300.00 F1000

; Pass 0 Path 2870
G0 X6.02 Y109.62
G1 X4.87 Y109.62 S300.00 F1000

; Pass 0 Path 2871
G0 X4.92 Y109.72
G1 X6.10 Y109.72 S300.00 F1000

; Pass 0 Path 2872
G0 X6.19 Y109.82
G1 X4.97 Y109.82 S300.00 F1000

; Pass 0 Path 2873
G0 X5.03 Y109.92
G1 X6.29 Y109.92 S300.00 F1000

; Pass 0 Path 2874
G0 X6.41 Y110.02
G1 X5.09 Y110.02 S300.00 F1000

; Pass 0 Path 2875
G0 X5.15 Y110.12
G1 X6.54 Y110.12 S300.00 F1000

; Pass 0 Path 2876
G0 X6.71 Y110.22
G1 X5.23 Y110.22 S300.00 F1000

; Pass 0 Path 2877
G0 X5.31 Y110.32
G1 X6.91 Y110.32 S300.00 F1000

; Pass 0 Path 2878
G0 X7.21 Y110.42
G1 X5.39 Y110.42 S300.00 F1000

; Pass 0 Path 2879
G0 X5.48 Y110.52
G1 X27.54 Y110.52 S300.00 F1000

; Pass 0 Path 2880
G0 X27.63 Y110.42
G1 X25.81 Y110.42 S300.00 F1000

; Pass 0 Path 2881
G0 X26.11 Y110.32
G1 X27.71 Y110.32 S300.00 F1000

; Pass 0 Path 2882
G0 X27.79 Y110.22
G1 X26.31 Y110.22 S300.00 F1000

; Pass 0 Path 2883
G0 X26.48 Y110.12
G1 X27.87 Y110.12 S300.00 F1000

; Pass 0 Path 2884
G0 X27.93 Y110.02
G1 X26.61 Y110.02 S300.00 F1000

; Pass 0 Path 2885
G0 X26.73 Y109.92
G1 X27.99 Y109.92 S300.00 F1000

; Pass 0 Path 2886
G0 X28.05 Y109.82
G1 X26.83 Y109.82 S300.00 F1000

; Pass 0 Path 2887
G0 X26.92 Y109.72
G1 X28.10 Y109.72 S300.00 F1000

; Pass 0 Path 2888
G0 X28.15 Y109.62
G1 X27.00 Y109.62 S300.00 F1000

; Pass 0 Path 2889
G0 X27.07 Y109.52
G1 X28.19 Y109.52 S300.00 F1000

; Pass 0 Path 2890
G0 X28.23 Y109.42
G1 X27.14 Y109.42 S300.00 F1000

; Pass 0 Path 2891
G0 X27.19 Y109.32
G1 X28.27 Y109.32 S300.00 F1000

; Pass 0 Path 2892
G0 X28.30 Y109.22
G1 X27.24 Y109.22 S300.00 F1000

; Pass 0 Path 2893
G0 X27.28 Y109.12
G1 X28.33 Y109.12 S300.00 F1000

; Pass 0 Path 2894
G0 X28.36 Y109.02
G1 X27.32 Y109.02 S300.00 F1000

; Pass 0 Path 2895
G0 X27.35 Y108.92
G1 X28.38 Y108.92 S300.00 F1000

; Pass 0 Path 2896
G0 X28.40 Y108.82
G1 X27.38 Y108.82 S300.00 F1000

; Pass 0 Path 2897
G0 X27.40 Y108.72
G1 X28.41 Y108.72 S300.00 F1000

; Pass 0 Path 2898
G0 X28.42 Y108.62
G1 X27.42 Y108.62 S300.00 F1000

; Pass 0 Path 2899
G0 X27.43 Y108.52
G1 X28.43 Y108.52 S300.00 F1000

; Pass 0 Path 2900
G0 X28.44 Y108.42
G1 X27.44 Y108.42 S300.00 F1000

; Pass 0 Path 2901
G0 X27.44 Y108.32
G1 X28.44 Y108.32 S300.00 F1000

; Pass 0 Path 2902
G0 X28.44 Y108.22
G1 X27.44 Y108.22 S300.00 F1000

; Pass 0 Path 2903
G0 X27.44 Y108.12
G1 X28.44 Y108.12 S300.00 F1000

; Pass 0 Path 2904
G0 X28.44 Y108.02
G1 X27.44 Y108.02 S300.00 F1000

; Pass 0 Path 2905
G0 X27.44 Y107.92
G1 X28.44 Y107.92 S300.00 F1000

; Pass 0 Path 2906
G0 X28.44 Y107.82
G1 X27.44 Y107.82 S300.00 F1000

; Pass 0 Path 2907
G0 X27.44 Y107.72
G1 X28.44 Y107.72 S300.00 F1000

; Pass 0 Path 2908
G0 X28.44 Y107.62
G1 X27.44 Y107.62 S300.00 F1000

; Pass 0 Path 2909
G0 X27.44 Y107.52
G1 X28.44 Y107.52 S300.00 F1000

; Pass 0 Path 2910
G0 X28.44 Y107.42
G1 X27.44 Y107.42 S300.00 F1000

; Pass 0 Path 2911
G0 X27.44 Y107.32
G1 X28.44 Y107.32 S300.00 F1000

; Pass 0 Path 2912
G0 X28.44 Y107.22
G1 X27.44 Y107.22 S300.00 F1000

; Pass 0 Path 2913
G0 X27.44 Y107.12
G1 X28.44 Y107.12 S300.00 F1000

; Pass 0 Path 2914
G0 X28.44 Y107.02
G1 X27.44 Y107.02 S300.00 F1000

; Pass 0 Path 2915
G0 X27.44 Y106.92
G1 X28.44 Y106.92 S300.00 F1000

; Pass 0 Path 2916
G0 X28.44 Y106.82
G1 X27.44 Y106.82 S300.00 F1000

; Pass 0 Path 2917
G0 X27.43 Y110.62
G1 X5.59 Y110.62 S300.00 F1000

; Pass 0 Path 2918
G0 X5.70 Y110.72
G1 X27.32 Y110.72 S300.00 F1000

; Pass 0 Path 2919
G0 X27.20 Y110.82
G1 X5.82 Y110.82 S300.00 F1000

; Pass 0 Path 2920
G0 X5.95 Y110.92
G1 X27.07 Y110.92 S300.00 F1000

; Pass 0 Path 2921
G0 X26.91 Y111.02
G1 X6.11 Y111.02 S300.00 F1000

; Pass 0 Path 2922
G0 X6.28 Y111.12
G1 X26.74 Y111.12 S300.00 F1000

; Pass 0 Path 2923
G0 X26.53 Y111.22
G1 X6.49 Y111.22 S300.00 F1000

; Pass 0 Path 2924
G0 X6.74 Y111.32
G1 X26.28 Y111.32 S300.00 F1000

; Pass 0 Path 2925
G0 X25.92 Y111.42
G1 X7.10 Y111.42 S300.00 F1000

; Pass 0 Path 2926
G0 X7.08 Y116.92
G1 X25.94 Y116.92 S300.00 F1000

; Pass 0 Path 2927
G0 X26.29 Y117.02
G1 X6.73 Y117.02 S300.00 F1000

; Pass 0 Path 2928
G0 X6.48 Y117.12
G1 X26.54 Y117.12 S300.00 F1000

; Pass 0 Path 2929
G0 X26.75 Y117.22
G1 X6.27 Y117.22 S300.00 F1000

; Pass 0 Path 2930
G0 X6.10 Y117.32
G1 X26.92 Y117.32 S300.00 F1000

; Pass 0 Path 2931
G0 X27.07 Y117.42
G1 X5.95 Y117.42 S300.00 F1000

; Pass 0 Path 2932
G0 X5.81 Y117.52
G1 X27.21 Y117.52 S300.00 F1000

; Pass 0 Path 2933
G0 X27.33 Y117.62
G1 X5.69 Y117.62 S300.00 F1000

; Pass 0 Path 2934
G0 X5.58 Y117.72
G1 X27.44 Y117.72 S300.00 F1000

; Pass 0 Path 2935
G0 X27.54 Y117.82
G1 X5.48 Y117.82 S300.00 F1000

; Pass 0 Path 2936
G0 X5.39 Y117.92
G1 X7.19 Y117.92 S300.00 F1000

; Pass 0 Path 2937
G0 X6.90 Y118.02
G1 X5.30 Y118.02 S300.00 F1000

; Pass 0 Path 2938
G0 X5.22 Y118.12
G1 X6.70 Y118.12 S300.00 F1000

; Pass 0 Path 2939
G0 X6.54 Y118.22
G1 X5.15 Y118.22 S300.00 F1000

; Pass 0 Path 2940
G0 X5.08 Y118.32
G1 X6.40 Y118.32 S300.00 F1000

; Pass 0 Path 2941
G0 X6.28 Y118.42
G1 X5.02 Y118.42 S300.00 F1000

; Pass 0 Path 2942
G0 X4.97 Y118.52
G1 X6.18 Y118.52 S300.00 F1000

; Pass 0 Path 2943
G0 X6.09 Y118.62
G1 X4.91 Y118.62 S300.00 F1000

; Pass 0 Path 2944
G0 X4.87 Y118.72
G1 X6.01 Y118.72 S300.00 F1000

; Pass 0 Path 2945
G0 X5.94 Y118.82
G1 X4.82 Y118.82 S300.00 F1000

; Pass 0 Path 2946
G0 X4.78 Y118.92
G1 X5.88 Y118.92 S300.00 F1000

; Pass 0 Path 2947
G0 X5.83 Y119.02
G1 X4.75 Y119.02 S300.00 F1000

; Pass 0 Path 2948
G0 X4.72 Y119.12
G1 X5.78 Y119.12 S300.00 F1000

; Pass 0 Path 2949
G0 X5.74 Y119.22
G1 X4.69 Y119.22 S300.00 F1000

; Pass 0 Path 2950
G0 X4.66 Y119.32
G1 X5.70 Y119.32 S300.00 F1000

; Pass 0 Path 2951
G0 X5.67 Y119.42
G1 X4.64 Y119.42 S300.00 F1000

; Pass 0 Path 2952
G0 X4.62 Y119.52
G1 X5.64 Y119.52 S300.00 F1000

; Pass 0 Path 2953
G0 X5.62 Y119.62
G1 X4.61 Y119.62 S300.00 F1000

; Pass 0 Path 2954
G0 X4.60 Y119.72
G1 X5.60 Y119.72 S300.00 F1000

; Pass 0 Path 2955
G0 X5.59 Y119.82
G1 X4.59 Y119.82 S300.00 F1000

; Pass 0 Path 2956
G0 X4.58 Y119.92
G1 X5.58 Y119.92 S300.00 F1000

; Pass 0 Path 2957
G0 X5.58 Y120.02
G1 X4.58 Y120.02 S300.00 F1000

; Pass 0 Path 2958
G0 X4.58 Y120.12
G1 X5.58 Y120.12 S300.00 F1000

; Pass 0 Path 2959
G0 X5.58 Y120.22
G1 X4.58 Y120.22 S300.00 F1000

; Pass 0 Path 2960
G0 X4.58 Y120.32
G1 X5.58 Y120.32 S300.00 F1000

; Pass 0 Path 2961
G0 X5.58 Y120.42
G1 X4.58 Y120.42 S300.00 F1000

; Pass 0 Path 2962
G0 X4.58 Y120.52
G1 X5.58 Y120.52 S300.00 F1000

; Pass 0 Path 2963
G0 X5.58 Y120.62
G1 X4.58 Y120.62 S300.00 F1000

; Pass 0 Path 2964
G0 X4.58 Y120.72
G1 X5.58 Y120.72 S300.00 F1000

; Pass 0 Path 2965
G0 X5.58 Y120.82
G1 X4.58 Y120.82 S300.00 F1000

; Pass 0 Path 2966
G0 X4.58 Y120.92
G1 X5.58 Y120.92 S300.00 F1000

; Pass 0 Path 2967
G0 X5.58 Y121.02
G1 X4.58 Y121.02 S300.00 F1000

; Pass 0 Path 2968
G0 X4.58 Y121.12
G1 X5.58 Y121.12 S300.00 F1000

; Pass 0 Path 2969
G0 X5.58 Y121.22
G1 X4.58 Y121.22 S300.00 F1000

; Pass 0 Path 2970
G0 X4.58 Y121.32
G1 X5.58 Y121.32 S300.00 F1000

; Pass 0 Path 2971
G0 X5.58 Y121.42
G1 X4.58 Y121.42 S300.00 F1000

; Pass 0 Path 2972
G0 X4.58 Y121.52
G1 X5.58 Y121.52 S300.00 F1000

; Pass 0 Path 2973
G0 X5.58 Y121.62
G1 X4.58 Y121.62 S300.00 F1000

; Pass 0 Path 2974
G0 X4.58 Y121.72
G1 X5.58 Y121.72 S300.00 F1000

; Pass 0 Path 2975
G0 X5.58 Y121.82
G1 X4.58 Y121.82 S300.00 F1000

; Pass 0 Path 2976
G0 X4.58 Y121.92
G1 X5.58 Y121.92 S300.00 F1000

; Pass 0 Path 2977
G0 X5.58 Y122.02
G1 X4.58 Y122.02 S300.00 F1000

; Pass 0 Path 2978
G0 X4.58 Y122.12
G1 X5.58 Y122.12 S300.00 F1000

; Pass 0 Path 2979
G0 X5.58 Y122.22
G1 X4.58 Y122.22 S300.00 F1000

; Pass 0 Path 2980
G0 X4.58 Y122.32
G1 X5.58 Y122.32 S300.00 F1000

; Pass 0 Path 2981
G0 X5.58 Y122.42
G1 X4.58 Y122.42 S300.00 F1000

; Pass 0 Path 2982
G0 X4.58 Y122.52
G1 X5.58 Y122.52 S300.00 F1000

; Pass 0 Path 2983
G0 X5.58 Y122.62
G1 X4.58 Y122.62 S300.00 F1000

; Pass 0 Path 2984
G0 X4.58 Y122.72
G1 X5.58 Y122.72 S300.00 F1000

; Pass 0 Path 2985
G0 X5.58 Y122.82
G1 X4.58 Y122.82 S300.00 F1000

; Pass 0 Path 2986
G0 X4.58 Y122.92
G1 X5.58 Y122.92 S300.00 F1000

; Pass 0 Path 2987
G0 X5.58 Y123.02
G1 X4.58 Y123.02 S300.00 F1000

; Pass 0 Path 2988
G0 X4.58 Y123.12
G1 X5.58 Y123.12 S300.00 F1000

; Pass 0 Path 2989
G0 X5.58 Y123.22
G1 X4.58 Y123.22 S300.00 F1000

; Pass 0 Path 2990
G0 X4.58 Y123.32
G1 X5.58 Y123.32 S300.00 F1000

; Pass 0 Path 2991
G0 X5.58 Y123.42
G1 X4.58 Y123.42 S300.00 F1000

; Pass 0 Path 2992
G0 X4.58 Y123.52
G1 X5.58 Y123.52 S300.00 F1000

; Pass 0 Path 2993
G0 X5.58 Y123.62
G1 X4.58 Y123.62 S300.00 F1000

; Pass 0 Path 2994
G0 X4.58 Y123.72
G1 X5.58 Y123.72 S300.00 F1000

; Pass 0 Path 2995
G0 X5.58 Y123.82
G1 X4.58 Y123.82 S300.00 F1000

; Pass 0 Path 2996
G0 X4.58 Y123.92
G1 X5.58 Y123.92 S300.00 F1000

; Pass 0 Path 2997
G0 X5.58 Y124.02
G1 X4.58 Y124.02 S300.00 F1000

; Pass 0 Path 2998
G0 X4.58 Y124.12
G1 X5.58 Y124.12 S300.00 F1000

; Pass 0 Path 2999
G0 X5.58 Y124.22
G1 X4.58 Y124.22 S300.00 F1000

; Pass 0 Path 3000
G0 X4.58 Y124.32
G1 X5.58 Y124.32 S300.00 F1000

; Pass 0 Path 3001
G0 X5.58 Y124.42
G1 X4.58 Y124.42 S300.00 F1000

; Pass 0 Path 3002
G0 X4.58 Y124.52
G1 X5.58 Y124.52 S300.00 F1000

; Pass 0 Path 3003
G0 X5.58 Y124.62
G1 X4.58 Y124.62 S300.00 F1000

; Pass 0 Path 3004
G0 X4.58 Y124.72
G1 X5.58 Y124.72 S300.00 F1000

; Pass 0 Path 3005
G0 X5.58 Y124.82
G1 X4.58 Y124.82 S300.00 F1000

; Pass 0 Path 3006
G0 X4.58 Y124.92
G1 X5.58 Y124.92 S300.00 F1000

; Pass 0 Path 3007
G0 X5.58 Y125.02
G1 X4.58 Y125.02 S300.00 F1000

; Pass 0 Path 3008
G0 X4.58 Y125.12
G1 X5.58 Y125.12 S300.00 F1000

; Pass 0 Path 3009
G0 X5.58 Y125.22
G1 X4.58 Y125.22 S300.00 F1000

; Pass 0 Path 3010
G0 X4.58 Y125.32
G1 X5.58 Y125.32 S300.00 F1000

; Pass 0 Path 3011
G0 X5.58 Y125.42
G1 X4.58 Y125.42 S300.00 F1000

; Pass 0 Path 3012
G0 X4.58 Y125.52
G1 X5.58 Y125.52 S300.00 F1000

; Pass 0 Path 3013
G0 X5.58 Y125.62
G1 X4.58 Y125.62 S300.00 F1000

; Pass 0 Path 3014
G0 X4.58 Y125.72
G1 X5.58 Y125.72 S300.00 F1000

; Pass 0 Path 3015
G0 X5.58 Y125.82
G1 X4.58 Y125.82 S300.00 F1000

; Pass 0 Path 3016
G0 X4.58 Y125.92
G1 X5.58 Y125.92 S300.00 F1000

; Pass 0 Path 3017
G0 X5.58 Y126.02
G1 X4.58 Y126.02 S300.00 F1000

; Pass 0 Path 3018
G0 X4.58 Y126.12
G1 X5.58 Y126.12 S300.00 F1000

; Pass 0 Path 3019
G0 X5.58 Y126.22
G1 X4.58 Y126.22 S300.00 F1000

; Pass 0 Path 3020
G0 X4.58 Y126.32
G1 X5.58 Y126.32 S300.00 F1000

; Pass 0 Path 3021
G0 X5.58 Y126.42
G1 X4.58 Y126.42 S300.00 F1000

; Pass 0 Path 3022
G0 X4.58 Y126.52
G1 X5.58 Y126.52 S300.00 F1000

; Pass 0 Path 3023
G0 X5.58 Y126.62
G1 X4.58 Y126.62 S300.00 F1000

; Pass 0 Path 3024
G0 X4.58 Y126.72
G1 X5.58 Y126.72 S300.00 F1000

; Pass 0 Path 3025
G0 X5.58 Y126.82
G1 X4.58 Y126.82 S300.00 F1000

; Pass 0 Path 3026
G0 X4.58 Y126.92
G1 X5.58 Y126.92 S300.00 F1000

; Pass 0 Path 3027
G0 X5.58 Y127.02
G1 X4.58 Y127.02 S300.00 F1000

; Pass 0 Path 3028
G0 X4.58 Y127.12
G1 X5.58 Y127.12 S300.00 F1000

; Pass 0 Path 3029
G0 X5.58 Y127.22
G1 X4.58 Y127.22 S300.00 F1000

; Pass 0 Path 3030
G0 X4.58 Y127.32
G1 X5.58 Y127.32 S300.00 F1000

; Pass 0 Path 3031
G0 X5.58 Y127.42
G1 X4.58 Y127.42 S300.00 F1000

; Pass 0 Path 3032
G0 X4.58 Y127.52
G1 X5.58 Y127.52 S300.00 F1000

; Pass 0 Path 3033
G0 X5.58 Y127.62
G1 X4.58 Y127.62 S300.00 F1000

; Pass 0 Path 3034
G0 X4.58 Y127.72
G1 X5.58 Y127.72 S300.00 F1000

; Pass 0 Path 3035
G0 X5.58 Y127.82
G1 X4.58 Y127.82 S300.00 F1000

; Pass 0 Path 3036
G0 X4.58 Y127.92
G1 X5.58 Y127.92 S300.00 F1000

; Pass 0 Path 3037
G0 X5.58 Y128.02
G1 X4.58 Y128.02 S300.00 F1000

; Pass 0 Path 3038
G0 X4.58 Y128.12
G1 X5.58 Y128.12 S300.00 F1000

; Pass 0 Path 3039
G0 X5.58 Y128.22
G1 X4.58 Y128.22 S300.00 F1000

; Pass 0 Path 3040
G0 X4.58 Y128.32
G1 X5.58 Y128.32 S300.00 F1000

; Pass 0 Path 3041
G0 X5.58 Y128.42
G1 X4.58 Y128.42 S300.00 F1000

; Pass 0 Path 3042
G0 X4.58 Y128.52
G1 X5.58 Y128.52 S300.00 F1000

; Pass 0 Path 3043
G0 X5.58 Y128.62
G1 X4.58 Y128.62 S300.00 F1000

; Pass 0 Path 3044
G0 X4.58 Y128.72
G1 X5.58 Y128.72 S300.00 F1000

; Pass 0 Path 3045
G0 X5.58 Y128.82
G1 X4.58 Y128.82 S300.00 F1000

; Pass 0 Path 3046
G0 X4.58 Y128.92
G1 X5.58 Y128.92 S300.00 F1000

; Pass 0 Path 3047
G0 X5.58 Y129.02
G1 X4.58 Y129.02 S300.00 F1000

; Pass 0 Path 3048
G0 X4.58 Y129.12
G1 X5.58 Y129.12 S300.00 F1000

; Pass 0 Path 3049
G0 X5.58 Y129.22
G1 X4.58 Y129.22 S300.00 F1000

; Pass 0 Path 3050
G0 X4.58 Y129.32
G1 X5.58 Y129.32 S300.00 F1000

; Pass 0 Path 3051
G0 X5.58 Y129.42
G1 X4.58 Y129.42 S300.00 F1000

; Pass 0 Path 3052
G0 X4.58 Y129.52
G1 X5.58 Y129.52 S300.00 F1000

; Pass 0 Path 3053
G0 X5.58 Y129.62
G1 X4.58 Y129.62 S300.00 F1000

; Pass 0 Path 3054
G0 X4.58 Y129.72
G1 X5.58 Y129.72 S300.00 F1000

; Pass 0 Path 3055
G0 X5.58 Y129.82
G1 X4.58 Y129.82 S300.00 F1000

; Pass 0 Path 3056
G0 X4.58 Y129.92
G1 X5.58 Y129.92 S300.00 F1000

; Pass 0 Path 3057
G0 X5.58 Y130.02
G1 X4.58 Y130.02 S300.00 F1000

; Pass 0 Path 3058
G0 X4.58 Y130.12
G1 X5.58 Y130.12 S300.00 F1000

; Pass 0 Path 3059
G0 X5.58 Y130.22
G1 X4.58 Y130.22 S300.00 F1000

; Pass 0 Path 3060
G0 X4.58 Y130.32
G1 X5.58 Y130.32 S300.00 F1000

; Pass 0 Path 3061
G0 X5.58 Y130.42
G1 X4.58 Y130.42 S300.00 F1000

; Pass 0 Path 3062
G0 X4.58 Y130.52
G1 X5.58 Y130.52 S300.00 F1000

; Pass 0 Path 3063
G0 X5.58 Y130.62
G1 X4.58 Y130.62 S300.00 F1000

; Pass 0 Path 3064
G0 X4.58 Y130.72
G1 X5.58 Y130.72 S300.00 F1000

; Pass 0 Path 3065
G0 X5.58 Y130.82
G1 X4.58 Y130.82 S300.00 F1000

; Pass 0 Path 3066
G0 X4.58 Y130.92
G1 X5.58 Y130.92 S300.00 F1000

; Pass 0 Path 3067
G0 X5.58 Y131.02
G1 X4.58 Y131.02 S300.00 F1000

; Pass 0 Path 3068
G0 X4.58 Y131.12
G1 X5.58 Y131.12 S300.00 F1000

; Pass 0 Path 3069
G0 X5.58 Y131.22
G1 X4.58 Y131.22 S300.00 F1000

; Pass 0 Path 3070
G0 X4.58 Y131.32
G1 X5.58 Y131.32 S300.00 F1000

; Pass 0 Path 3071
G0 X5.58 Y131.42
G1 X4.58 Y131.42 S300.00 F1000

; Pass 0 Path 3072
G0 X4.58 Y131.52
G1 X5.58 Y131.52 S300.00 F1000

; Pass 0 Path 3073
G0 X5.58 Y131.62
G1 X4.58 Y131.62 S300.00 F1000

; Pass 0 Path 3074
G0 X4.58 Y131.72
G1 X5.58 Y131.72 S300.00 F1000

; Pass 0 Path 3075
G0 X5.58 Y131.82
G1 X4.58 Y131.82 S300.00 F1000

; Pass 0 Path 3076
G0 X4.58 Y131.92
G1 X5.58 Y131.92 S300.00 F1000

; Pass 0 Path 3077
G0 X5.58 Y132.02
G1 X4.58 Y132.02 S300.00 F1000

; Pass 0 Path 3078
G0 X4.58 Y132.12
G1 X5.58 Y132.12 S300.00 F1000

; Pass 0 Path 3079
G0 X5.58 Y132.22
G1 X4.58 Y132.22 S300.00 F1000

; Pass 0 Path 3080
G0 X4.58 Y132.32
G1 X5.58 Y132.32 S300.00 F1000

; Pass 0 Path 3081
G0 X5.58 Y132.42
G1 X4.58 Y132.42 S300.00 F1000

; Pass 0 Path 3082
G0 X4.58 Y132.52
G1 X5.58 Y132.52 S300.00 F1000

; Pass 0 Path 3083
G0 X5.58 Y132.62
G1 X4.58 Y132.62 S300.00 F1000

; Pass 0 Path 3084
G0 X4.58 Y132.72
G1 X5.58 Y132.72 S300.00 F1000

; Pass 0 Path 3085
G0 X5.58 Y132.82
G1 X4.58 Y132.82 S300.00 F1000

; Pass 0 Path 3086
G0 X4.58 Y132.92
G1 X5.58 Y132.92 S300.00 F1000

; Pass 0 Path 3087
G0 X5.58 Y133.02
G1 X4.58 Y133.02 S300.00 F1000

; Pass 0 Path 3088
G0 X4.58 Y133.12
G1 X5.58 Y133.12 S300.00 F1000

; Pass 0 Path 3089
G0 X5.58 Y133.22
G1 X4.58 Y133.22 S300.00 F1000

; Pass 0 Path 3090
G0 X4.58 Y133.32
G1 X5.58 Y133.32 S300.00 F1000

; Pass 0 Path 3091
G0 X5.58 Y133.42
G1 X4.58 Y133.42 S300.00 F1000

; Pass 0 Path 3092
G0 X4.58 Y133.52
G1 X5.58 Y133.52 S300.00 F1000

; Pass 0 Path 3093
G0 X5.58 Y133.62
G1 X4.58 Y133.62 S300.00 F1000

; Pass 0 Path 3094
G0 X4.58 Y133.72
G1 X5.58 Y133.72 S300.00 F1000

; Pass 0 Path 3095
G0 X5.58 Y133.82
G1 X4.58 Y133.82 S300.00 F1000

; Pass 0 Path 3096
G0 X4.58 Y133.92
G1 X5.58 Y133.92 S300.00 F1000

; Pass 0 Path 3097
G0 X5.58 Y134.02
G1 X4.58 Y134.02 S300.00 F1000

; Pass 0 Path 3098
G0 X4.58 Y134.12
G1 X5.58 Y134.12 S300.00 F1000

; Pass 0 Path 3099
G0 X5.58 Y134.22
G1 X4.58 Y134.22 S300.00 F1000

; Pass 0 Path 3100
G0 X4.58 Y134.32
G1 X5.58 Y134.32 S300.00 F1000

; Pass 0 Path 3101
G0 X5.58 Y134.42
G1 X4.58 Y134.42 S300.00 F1000

; Pass 0 Path 3102
G0 X4.58 Y134.52
G1 X5.58 Y134.52 S300.00 F1000

; Pass 0 Path 3103
G0 X5.58 Y134.62
G1 X4.58 Y134.62 S300.00 F1000

; Pass 0 Path 3104
G0 X4.58 Y134.72
G1 X5.58 Y134.72 S300.00 F1000

; Pass 0 Path 3105
G0 X5.58 Y134.82
G1 X4.58 Y134.82 S300.00 F1000

; Pass 0 Path 3106
G0 X4.58 Y134.92
G1 X5.58 Y134.92 S300.00 F1000

; Pass 0 Path 3107
G0 X5.58 Y135.02
G1 X4.58 Y135.02 S300.00 F1000

; Pass 0 Path 3108
G0 X4.58 Y135.12
G1 X5.58 Y135.12 S300.00 F1000

; Pass 0 Path 3109
G0 X5.58 Y135.22
G1 X4.58 Y135.22 S300.00 F1000

; Pass 0 Path 3110
G0 X4.58 Y135.32
G1 X5.58 Y135.32 S300.00 F1000

; Pass 0 Path 3111
G0 X5.58 Y135.42
G1 X4.58 Y135.42 S300.00 F1000

; Pass 0 Path 3112
G0 X4.58 Y135.52
G1 X5.58 Y135.52 S300.00 F1000

; Pass 0 Path 3113
G0 X5.58 Y135.62
G1 X4.58 Y135.62 S300.00 F1000

; Pass 0 Path 3114
G0 X4.58 Y135.72
G1 X5.58 Y135.72 S300.00 F1000

; Pass 0 Path 3115
G0 X5.58 Y135.82
G1 X4.58 Y135.82 S300.00 F1000

; Pass 0 Path 3116
G0 X4.58 Y135.92
G1 X5.58 Y135.92 S300.00 F1000

; Pass 0 Path 3117
G0 X5.58 Y136.02
G1 X4.58 Y136.02 S300.00 F1000

; Pass 0 Path 3118
G0 X4.58 Y136.12
G1 X5.58 Y136.12 S300.00 F1000

; Pass 0 Path 3119
G0 X5.58 Y136.22
G1 X4.58 Y136.22 S300.00 F1000

; Pass 0 Path 3120
G0 X4.58 Y136.32
G1 X5.58 Y136.32 S300.00 F1000

; Pass 0 Path 3121
G0 X5.58 Y136.42
G1 X4.58 Y136.42 S300.00 F1000

; Pass 0 Path 3122
G0 X4.58 Y136.52
G1 X5.58 Y136.52 S300.00 F1000

; Pass 0 Path 3123
G0 X5.58 Y136.62
G1 X4.58 Y136.62 S300.00 F1000

; Pass 0 Path 3124
G0 X4.58 Y136.72
G1 X5.58 Y136.72 S300.00 F1000

; Pass 0 Path 3125
G0 X5.58 Y136.82
G1 X4.58 Y136.82 S300.00 F1000

; Pass 0 Path 3126
G0 X4.58 Y136.92
G1 X5.58 Y136.92 S300.00 F1000

; Pass 0 Path 3127
G0 X5.58 Y137.02
G1 X4.58 Y137.02 S300.00 F1000

; Pass 0 Path 3128
G0 X4.58 Y137.12
G1 X5.58 Y137.12 S300.00 F1000

; Pass 0 Path 3129
G0 X5.58 Y137.22
G1 X4.58 Y137.22 S300.00 F1000

; Pass 0 Path 3130
G0 X4.58 Y137.32
G1 X5.58 Y137.32 S300.00 F1000

; Pass 0 Path 3131
G0 X5.58 Y137.42
G1 X4.58 Y137.42 S300.00 F1000

; Pass 0 Path 3132
G0 X4.58 Y137.52
G1 X5.58 Y137.52 S300.00 F1000

; Pass 0 Path 3133
G0 X5.58 Y137.62
G1 X4.58 Y137.62 S300.00 F1000

; Pass 0 Path 3134
G0 X4.59 Y137.72
G1 X5.59 Y137.72 S300.00 F1000

; Pass 0 Path 3135
G0 X5.60 Y137.82
G1 X4.60 Y137.82 S300.00 F1000

; Pass 0 Path 3136
G0 X4.61 Y137.92
G1 X5.62 Y137.92 S300.00 F1000

; Pass 0 Path 3137
G0 X5.64 Y138.02
G1 X4.62 Y138.02 S300.00 F1000

; Pass 0 Path 3138
G0 X4.64 Y138.12
G1 X5.67 Y138.12 S300.00 F1000

; Pass 0 Path 3139
G0 X5.70 Y138.22
G1 X4.66 Y138.22 S300.00 F1000

; Pass 0 Path 3140
G0 X4.69 Y138.32
G1 X5.73 Y138.32 S300.00 F1000

; Pass 0 Path 3141
G0 X5.78 Y138.42
G1 X4.71 Y138.42 S300.00 F1000

; Pass 0 Path 3142
G0 X4.75 Y138.52
G1 X5.82 Y138.52 S300.00 F1000

; Pass 0 Path 3143
G0 X5.88 Y138.62
G1 X4.78 Y138.62 S300.00 F1000

; Pass 0 Path 3144
G0 X4.82 Y138.72
G1 X5.94 Y138.72 S300.00 F1000

; Pass 0 Path 3145
G0 X6.01 Y138.82
G1 X4.86 Y138.82 S300.00 F1000

; Pass 0 Path 3146
G0 X4.91 Y138.92
G1 X6.09 Y138.92 S300.00 F1000

; Pass 0 Path 3147
G0 X6.18 Y139.02
G1 X4.96 Y139.02 S300.00 F1000

; Pass 0 Path 3148
G0 X5.02 Y139.12
G1 X6.28 Y139.12 S300.00 F1000

; Pass 0 Path 3149
G0 X6.39 Y139.22
G1 X5.08 Y139.22 S300.00 F1000

; Pass 0 Path 3150
G0 X5.15 Y139.32
G1 X6.53 Y139.32 S300.00 F1000

; Pass 0 Path 3151
G0 X6.69 Y139.42
G1 X5.22 Y139.42 S300.00 F1000

; Pass 0 Path 3152
G0 X5.30 Y139.52
G1 X6.89 Y139.52 S300.00 F1000

; Pass 0 Path 3153
G0 X7.17 Y139.62
G1 X5.38 Y139.62 S300.00 F1000

; Pass 0 Path 3154
G0 X5.47 Y139.72
G1 X27.55 Y139.72 S300.00 F1000

; Pass 0 Path 3155
G0 X27.64 Y139.62
G1 X25.85 Y139.62 S300.00 F1000

; Pass 0 Path 3156
G0 X26.13 Y139.52
G1 X27.72 Y139.52 S300.00 F1000

; Pass 0 Path 3157
G0 X27.80 Y139.42
G1 X26.33 Y139.42 S300.00 F1000

; Pass 0 Path 3158
G0 X26.49 Y139.32
G1 X27.87 Y139.32 S300.00 F1000

; Pass 0 Path 3159
G0 X27.94 Y139.22
G1 X26.63 Y139.22 S300.00 F1000

; Pass 0 Path 3160
G0 X26.74 Y139.12
G1 X28.00 Y139.12 S300.00 F1000

; Pass 0 Path 3161
G0 X28.06 Y139.02
G1 X26.84 Y139.02 S300.00 F1000

; Pass 0 Path 3162
G0 X26.93 Y138.92
G1 X28.11 Y138.92 S300.00 F1000

; Pass 0 Path 3163
G0 X28.16 Y138.82
G1 X27.01 Y138.82 S300.00 F1000

; Pass 0 Path 3164
G0 X27.08 Y138.72
G1 X28.20 Y138.72 S300.00 F1000

; Pass 0 Path 3165
G0 X28.24 Y138.62
G1 X27.14 Y138.62 S300.00 F1000

; Pass 0 Path 3166
G0 X27.20 Y138.52
G1 X28.27 Y138.52 S300.00 F1000

; Pass 0 Path 3167
G0 X28.31 Y138.42
G1 X27.24 Y138.42 S300.00 F1000

; Pass 0 Path 3168
G0 X27.29 Y138.32
G1 X28.33 Y138.32 S300.00 F1000

; Pass 0 Path 3169
G0 X28.36 Y138.22
G1 X27.32 Y138.22 S300.00 F1000

; Pass 0 Path 3170
G0 X27.35 Y138.12
G1 X28.38 Y138.12 S300.00 F1000

; Pass 0 Path 3171
G0 X28.40 Y138.02
G1 X27.38 Y138.02 S300.00 F1000

; Pass 0 Path 3172
G0 X27.40 Y137.92
G1 X28.41 Y137.92 S300.00 F1000

; Pass 0 Path 3173
G0 X28.42 Y137.82
G1 X27.42 Y137.82 S300.00 F1000

; Pass 0 Path 3174
G0 X27.43 Y137.72
G1 X28.43 Y137.72 S300.00 F1000

; Pass 0 Path 3175
G0 X28.44 Y137.62
G1 X27.44 Y137.62 S300.00 F1000

; Pass 0 Path 3176
G0 X27.44 Y137.52
G1 X28.44 Y137.52 S300.00 F1000

; Pass 0 Path 3177
G0 X28.44 Y137.42
G1 X27.44 Y137.42 S300.00 F1000

; Pass 0 Path 3178
G0 X27.44 Y137.32
G1 X28.44 Y137.32 S300.00 F1000

; Pass 0 Path 3179
G0 X28.44 Y137.22
G1 X27.44 Y137.22 S300.00 F1000

; Pass 0 Path 3180
G0 X27.44 Y137.12
G1 X28.44 Y137.12 S300.00 F1000

; Pass 0 Path 3181
G0 X28.44 Y137.02
G1 X27.44 Y137.02 S300.00 F1000

; Pass 0 Path 3182
G0 X27.44 Y136.92
G1 X28.44 Y136.92 S300.00 F1000

; Pass 0 Path 3183
G0 X28.44 Y136.82
G1 X27.44 Y136.82 S300.00 F1000

; Pass 0 Path 3184
G0 X27.44 Y136.72
G1 X28.44 Y136.72 S300.00 F1000

; Pass 0 Path 3185
G0 X28.44 Y136.62
G1 X27.44 Y136.62 S300.00 F1000

; Pass 0 Path 3186
G0 X27.44 Y136.52
G1 X28.44 Y136.52 S300.00 F1000

; Pass 0 Path 3187
G0 X28.44 Y136.42
G1 X27.44 Y136.42 S300.00 F1000

; Pass 0 Path 3188
G0 X27.44 Y136.32
G1 X28.44 Y136.32 S300.00 F1000

; Pass 0 Path 3189
G0 X28.44 Y136.22
G1 X27.44 Y136.22 S300.00 F1000

; Pass 0 Path 3190
G0 X27.44 Y136.12
G1 X28.44 Y136.12 S300.00 F1000

; Pass 0 Path 3191
G0 X28.44 Y136.02
G1 X27.44 Y136.02 S300.00 F1000

; Pass 0 Path 3192
G0 X27.44 Y135.92
G1 X28.44 Y135.92 S300.00 F1000

; Pass 0 Path 3193
G0 X28.44 Y135.82
G1 X27.44 Y135.82 S300.00 F1000

; Pass 0 Path 3194
G0 X27.44 Y135.72
G1 X28.44 Y135.72 S300.00 F1000

; Pass 0 Path 3195
G0 X28.44 Y135.62
G1 X27.44 Y135.62 S300.00 F1000

; Pass 0 Path 3196
G0 X27.44 Y135.52
G1 X28.44 Y135.52 S300.00 F1000

; Pass 0 Path 3197
G0 X28.44 Y135.42
G1 X27.44 Y135.42 S300.00 F1000

; Pass 0 Path 3198
G0 X27.44 Y135.32
G1 X28.44 Y135.32 S300.00 F1000

; Pass 0 Path 3199
G0 X28.44 Y135.22
G1 X27.44 Y135.22 S300.00 F1000

; Pass 0 Path 3200
G0 X27.44 Y135.12
G1 X28.44 Y135.12 S300.00 F1000

; Pass 0 Path 3201
G0 X28.44 Y135.02
G1 X27.44 Y135.02 S300.00 F1000

; Pass 0 Path 3202
G0 X27.44 Y134.92
G1 X28.44 Y134.92 S300.00 F1000

; Pass 0 Path 3203
G0 X28.44 Y134.82
G1 X27.44 Y134.82 S300.00 F1000

; Pass 0 Path 3204
G0 X27.44 Y134.72
G1 X28.44 Y134.72 S300.00 F1000

; Pass 0 Path 3205
G0 X28.44 Y134.62
G1 X27.44 Y134.62 S300.00 F1000

; Pass 0 Path 3206
G0 X27.44 Y134.52
G1 X28.44 Y134.52 S300.00 F1000

; Pass 0 Path 3207
G0 X28.44 Y134.42
G1 X27.44 Y134.42 S300.00 F1000

; Pass 0 Path 3208
G0 X27.44 Y134.32
G1 X28.44 Y134.32 S300.00 F1000

; Pass 0 Path 3209
G0 X28.44 Y134.22
G1 X27.44 Y134.22 S300.00 F1000

; Pass 0 Path 3210
G0 X27.44 Y134.12
G1 X28.44 Y134.12 S300.00 F1000

; Pass 0 Path 3211
G0 X28.44 Y134.02
G1 X27.44 Y134.02 S300.00 F1000

; Pass 0 Path 3212
G0 X27.44 Y133.92
G1 X28.44 Y133.92 S300.00 F1000

; Pass 0 Path 3213
G0 X28.44 Y133.82
G1 X27.44 Y133.82 S300.00 F1000

; Pass 0 Path 3214
G0 X27.44 Y133.72
G1 X28.44 Y133.72 S300.00 F1000

; Pass 0 Path 3215
G0 X28.44 Y133.62
G1 X27.44 Y133.62 S300.00 F1000

; Pass 0 Path 3216
G0 X27.44 Y133.52
G1 X28.44 Y133.52 S300.00 F1000

; Pass 0 Path 3217
G0 X28.44 Y133.42
G1 X27.44 Y133.42 S300.00 F1000

; Pass 0 Path 3218
G0 X27.44 Y133.32
G1 X28.44 Y133.32 S300.00 F1000

; Pass 0 Path 3219
G0 X28.44 Y133.22
G1 X27.44 Y133.22 S300.00 F1000

; Pass 0 Path 3220
G0 X27.44 Y133.12
G1 X28.44 Y133.12 S300.00 F1000

; Pass 0 Path 3221
G0 X28.44 Y133.02
G1 X27.44 Y133.02 S300.00 F1000

; Pass 0 Path 3222
G0 X27.44 Y132.92
G1 X28.44 Y132.92 S300.00 F1000

; Pass 0 Path 3223
G0 X28.44 Y132.82
G1 X27.44 Y132.82 S300.00 F1000

; Pass 0 Path 3224
G0 X27.44 Y132.72
G1 X28.44 Y132.72 S300.00 F1000

; Pass 0 Path 3225
G0 X28.44 Y132.62
G1 X27.44 Y132.62 S300.00 F1000

; Pass 0 Path 3226
G0 X27.44 Y132.52
G1 X28.44 Y132.52 S300.00 F1000

; Pass 0 Path 3227
G0 X28.44 Y132.42
G1 X27.44 Y132.42 S300.00 F1000

; Pass 0 Path 3228
G0 X27.44 Y132.32
G1 X28.44 Y132.32 S300.00 F1000

; Pass 0 Path 3229
G0 X28.44 Y132.22
G1 X27.44 Y132.22 S300.00 F1000

; Pass 0 Path 3230
G0 X27.44 Y132.12
G1 X28.44 Y132.12 S300.00 F1000

; Pass 0 Path 3231
G0 X28.44 Y132.02
G1 X27.44 Y132.02 S300.00 F1000

; Pass 0 Path 3232
G0 X27.44 Y131.92
G1 X28.44 Y131.92 S300.00 F1000

; Pass 0 Path 3233
G0 X28.44 Y131.82
G1 X27.44 Y131.82 S300.00 F1000

; Pass 0 Path 3234
G0 X27.44 Y131.72
G1 X28.44 Y131.72 S300.00 F1000

; Pass 0 Path 3235
G0 X28.44 Y131.62
G1 X27.44 Y131.62 S300.00 F1000

; Pass 0 Path 3236
G0 X27.44 Y131.52
G1 X28.44 Y131.52 S300.00 F1000

; Pass 0 Path 3237
G0 X28.44 Y131.42
G1 X27.44 Y131.42 S300.00 F1000

; Pass 0 Path 3238
G0 X27.44 Y131.32
G1 X28.44 Y131.32 S300.00 F1000

; Pass 0 Path 3239
G0 X28.44 Y131.22
G1 X27.44 Y131.22 S300.00 F1000

; Pass 0 Path 3240
G0 X27.44 Y131.12
G1 X28.44 Y131.12 S300.00 F1000

; Pass 0 Path 3241
G0 X28.44 Y131.02
G1 X27.44 Y131.02 S300.00 F1000

; Pass 0 Path 3242
G0 X27.44 Y130.92
G1 X28.44 Y130.92 S300.00 F1000

; Pass 0 Path 3243
G0 X28.44 Y130.82
G1 X27.44 Y130.82 S300.00 F1000

; Pass 0 Path 3244
G0 X27.44 Y130.72
G1 X28.44 Y130.72 S300.00 F1000

; Pass 0 Path 3245
G0 X28.44 Y130.62
G1 X27.44 Y130.62 S300.00 F1000

; Pass 0 Path 3246
G0 X27.44 Y130.52
G1 X28.44 Y130.52 S300.00 F1000

; Pass 0 Path 3247
G0 X28.44 Y130.42
G1 X27.44 Y130.42 S300.00 F1000

; Pass 0 Path 3248
G0 X27.44 Y130.32
G1 X28.44 Y130.32 S300.00 F1000

; Pass 0 Path 3249
G0 X28.44 Y130.22
G1 X27.44 Y130.22 S300.00 F1000

; Pass 0 Path 3250
G0 X27.44 Y130.12
G1 X28.44 Y130.12 S300.00 F1000

; Pass 0 Path 3251
G0 X28.44 Y130.02
G1 X27.44 Y130.02 S300.00 F1000

; Pass 0 Path 3252
G0 X27.44 Y129.92
G1 X28.44 Y129.92 S300.00 F1000

; Pass 0 Path 3253
G0 X28.44 Y129.82
G1 X27.44 Y129.82 S300.00 F1000

; Pass 0 Path 3254
G0 X27.44 Y129.72
G1 X28.44 Y129.72 S300.00 F1000

; Pass 0 Path 3255
G0 X28.44 Y129.62
G1 X27.44 Y129.62 S300.00 F1000

; Pass 0 Path 3256
G0 X27.44 Y129.52
G1 X28.44 Y129.52 S300.00 F1000

; Pass 0 Path 3257
G0 X28.44 Y129.42
G1 X27.44 Y129.42 S300.00 F1000

; Pass 0 Path 3258
G0 X27.44 Y129.32
G1 X28.44 Y129.32 S300.00 F1000

; Pass 0 Path 3259
G0 X28.44 Y129.22
G1 X27.44 Y129.22 S300.00 F1000

; Pass 0 Path 3260
G0 X27.44 Y129.12
G1 X28.44 Y129.12 S300.00 F1000

; Pass 0 Path 3261
G0 X28.44 Y129.02
G1 X27.44 Y129.02 S300.00 F1000

; Pass 0 Path 3262
G0 X27.44 Y128.92
G1 X28.44 Y128.92 S300.00 F1000

; Pass 0 Path 3263
G0 X28.44 Y128.82
G1 X27.44 Y128.82 S300.00 F1000

; Pass 0 Path 3264
G0 X27.44 Y128.72
G1 X28.44 Y128.72 S300.00 F1000

; Pass 0 Path 3265
G0 X28.44 Y128.62
G1 X27.44 Y128.62 S300.00 F1000

; Pass 0 Path 3266
G0 X27.44 Y128.52
G1 X28.44 Y128.52 S300.00 F1000

; Pass 0 Path 3267
G0 X28.44 Y128.42
G1 X27.44 Y128.42 S300.00 F1000

; Pass 0 Path 3268
G0 X27.44 Y128.32
G1 X28.44 Y128.32 S300.00 F1000

; Pass 0 Path 3269
G0 X28.44 Y128.22
G1 X27.44 Y128.22 S300.00 F1000

; Pass 0 Path 3270
G0 X27.44 Y128.12
G1 X28.44 Y128.12 S300.00 F1000

; Pass 0 Path 3271
G0 X28.44 Y128.02
G1 X27.44 Y128.02 S300.00 F1000

; Pass 0 Path 3272
G0 X27.44 Y127.92
G1 X28.44 Y127.92 S300.00 F1000

; Pass 0 Path 3273
G0 X28.44 Y127.82
G1 X27.44 Y127.82 S300.00 F1000

; Pass 0 Path 3274
G0 X27.44 Y127.72
G1 X28.44 Y127.72 S300.00 F1000

; Pass 0 Path 3275
G0 X28.44 Y127.62
G1 X27.44 Y127.62 S300.00 F1000

; Pass 0 Path 3276
G0 X27.44 Y127.52
G1 X28.44 Y127.52 S300.00 F1000

; Pass 0 Path 3277
G0 X28.44 Y127.42
G1 X27.44 Y127.42 S300.00 F1000

; Pass 0 Path 3278
G0 X27.44 Y127.32
G1 X28.44 Y127.32 S300.00 F1000

; Pass 0 Path 3279
G0 X28.44 Y127.22
G1 X27.44 Y127.22 S300.00 F1000

; Pass 0 Path 3280
G0 X27.44 Y127.12
G1 X28.44 Y127.12 S300.00 F1000

; Pass 0 Path 3281
G0 X28.44 Y127.02
G1 X27.44 Y127.02 S300.00 F1000

; Pass 0 Path 3282
G0 X27.44 Y126.92
G1 X28.44 Y126.92 S300.00 F1000

; Pass 0 Path 3283
G0 X28.44 Y126.82
G1 X27.44 Y126.82 S300.00 F1000

; Pass 0 Path 3284
G0 X27.44 Y126.72
G1 X28.44 Y126.72 S300.00 F1000

; Pass 0 Path 3285
G0 X28.44 Y126.62
G1 X27.44 Y126.62 S300.00 F1000

; Pass 0 Path 3286
G0 X27.44 Y126.52
G1 X28.44 Y126.52 S300.00 F1000

; Pass 0 Path 3287
G0 X28.44 Y126.42
G1 X27.44 Y126.42 S300.00 F1000

; Pass 0 Path 3288
G0 X27.44 Y126.32
G1 X28.44 Y126.32 S300.00 F1000

; Pass 0 Path 3289
G0 X28.44 Y126.22
G1 X27.44 Y126.22 S300.00 F1000

; Pass 0 Path 3290
G0 X27.44 Y126.12
G1 X28.44 Y126.12 S300.00 F1000

; Pass 0 Path 3291
G0 X28.44 Y126.02
G1 X27.44 Y126.02 S300.00 F1000

; Pass 0 Path 3292
G0 X27.44 Y125.92
G1 X28.44 Y125.92 S300.00 F1000

; Pass 0 Path 3293
G0 X28.44 Y125.82
G1 X27.44 Y125.82 S300.00 F1000

; Pass 0 Path 3294
G0 X27.44 Y125.72
G1 X28.44 Y125.72 S300.00 F1000

; Pass 0 Path 3295
G0 X28.44 Y125.62
G1 X27.44 Y125.62 S300.00 F1000

; Pass 0 Path 3296
G0 X27.44 Y125.52
G1 X28.44 Y125.52 S300.00 F1000

; Pass 0 Path 3297
G0 X28.44 Y125.42
G1 X27.44 Y125.42 S300.00 F1000

; Pass 0 Path 3298
G0 X27.44 Y125.32
G1 X28.44 Y125.32 S300.00 F1000

; Pass 0 Path 3299
G0 X28.44 Y125.22
G1 X27.44 Y125.22 S300.00 F1000

; Pass 0 Path 3300
G0 X27.44 Y125.12
G1 X28.44 Y125.12 S300.00 F1000

; Pass 0 Path 3301
G0 X28.44 Y125.02
G1 X27.44 Y125.02 S300.00 F1000

; Pass 0 Path 3302
G0 X27.44 Y124.92
G1 X28.44 Y124.92 S300.00 F1000

; Pass 0 Path 3303
G0 X28.44 Y124.82
G1 X27.44 Y124.82 S300.00 F1000

; Pass 0 Path 3304
G0 X27.44 Y124.72
G1 X28.44 Y124.72 S300.00 F1000

; Pass 0 Path 3305
G0 X28.44 Y124.62
G1 X27.44 Y124.62 S300.00 F1000

; Pass 0 Path 3306
G0 X27.44 Y124.52
G1 X28.44 Y124.52 S300.00 F1000

; Pass 0 Path 3307
G0 X28.44 Y124.42
G1 X27.44 Y124.42 S300.00 F1000

; Pass 0 Path 3308
G0 X27.44 Y124.32
G1 X28.44 Y124.32 S300.00 F1000

; Pass 0 Path 3309
G0 X28.44 Y124.22
G1 X27.44 Y124.22 S300.00 F1000

; Pass 0 Path 3310
G0 X27.44 Y124.12
G1 X28.44 Y124.12 S300.00 F1000

; Pass 0 Path 3311
G0 X28.44 Y124.02
G1 X27.44 Y124.02 S300.00 F1000

; Pass 0 Path 3312
G0 X27.44 Y123.92
G1 X28.44 Y123.92 S300.00 F1000

; Pass 0 Path 3313
G0 X28.44 Y123.82
G1 X27.44 Y123.82 S300.00 F1000

; Pass 0 Path 3314
G0 X27.44 Y123.72
G1 X28.44 Y123.72 S300.00 F1000

; Pass 0 Path 3315
G0 X28.44 Y123.62
G1 X27.44 Y123.62 S300.00 F1000

; Pass 0 Path 3316
G0 X27.44 Y123.52
G1 X28.44 Y123.52 S300.00 F1000

; Pass 0 Path 3317
G0 X28.44 Y123.42
G1 X27.44 Y123.42 S300.00 F1000

; Pass 0 Path 3318
G0 X27.44 Y123.32
G1 X28.44 Y123.32 S300.00 F1000

; Pass 0 Path 3319
G0 X28.44 Y123.22
G1 X27.44 Y123.22 S300.00 F1000

; Pass 0 Path 3320
G0 X27.44 Y123.12
G1 X28.44 Y123.12 S300.00 F1000

; Pass 0 Path 3321
G0 X28.44 Y123.02
G1 X27.44 Y123.02 S300.00 F1000

; Pass 0 Path 3322
G0 X27.44 Y122.92
G1 X28.44 Y122.92 S300.00 F1000

; Pass 0 Path 3323
G0 X28.44 Y122.82
G1 X27.44 Y122.82 S300.00 F1000

; Pass 0 Path 3324
G0 X27.44 Y122.72
G1 X28.44 Y122.72 S300.00 F1000

; Pass 0 Path 3325
G0 X28.44 Y122.62
G1 X27.44 Y122.62 S300.00 F1000

; Pass 0 Path 3326
G0 X27.44 Y122.52
G1 X28.44 Y122.52 S300.00 F1000

; Pass 0 Path 3327
G0 X28.44 Y122.42
G1 X27.44 Y122.42 S300.00 F1000

; Pass 0 Path 3328
G0 X27.44 Y122.32
G1 X28.44 Y122.32 S300.00 F1000

; Pass 0 Path 3329
G0 X28.44 Y122.22
G1 X27.44 Y122.22 S300.00 F1000

; Pass 0 Path 3330
G0 X27.44 Y122.12
G1 X28.44 Y122.12 S300.00 F1000

; Pass 0 Path 3331
G0 X28.44 Y122.02
G1 X27.44 Y122.02 S300.00 F1000

; Pass 0 Path 3332
G0 X27.44 Y121.92
G1 X28.44 Y121.92 S300.00 F1000

; Pass 0 Path 3333
G0 X28.44 Y121.82
G1 X27.44 Y121.82 S300.00 F1000

; Pass 0 Path 3334
G0 X27.44 Y121.72
G1 X28.44 Y121.72 S300.00 F1000

; Pass 0 Path 3335
G0 X28.44 Y121.62
G1 X27.44 Y121.62 S300.00 F1000

; Pass 0 Path 3336
G0 X27.44 Y121.52
G1 X28.44 Y121.52 S300.00 F1000

; Pass 0 Path 3337
G0 X28.44 Y121.42
G1 X27.44 Y121.42 S300.00 F1000

; Pass 0 Path 3338
G0 X27.44 Y121.32
G1 X28.44 Y121.32 S300.00 F1000

; Pass 0 Path 3339
G0 X28.44 Y121.22
G1 X27.44 Y121.22 S300.00 F1000

; Pass 0 Path 3340
G0 X27.44 Y121.12
G1 X28.44 Y121.12 S300.00 F1000

; Pass 0 Path 3341
G0 X28.44 Y121.02
G1 X27.44 Y121.02 S300.00 F1000

; Pass 0 Path 3342
G0 X27.44 Y120.92
G1 X28.44 Y120.92 S300.00 F1000

; Pass 0 Path 3343
G0 X28.44 Y120.82
G1 X27.44 Y120.82 S300.00 F1000

; Pass 0 Path 3344
G0 X27.44 Y120.72
G1 X28.44 Y120.72 S300.00 F1000

; Pass 0 Path 3345
G0 X28.44 Y120.62
G1 X27.44 Y120.62 S300.00 F1000

; Pass 0 Path 3346
G0 X27.44 Y120.52
G1 X28.44 Y120.52 S300.00 F1000

; Pass 0 Path 3347
G0 X28.44 Y120.42
G1 X27.44 Y120.42 S300.00 F1000

; Pass 0 Path 3348
G0 X27.44 Y120.32
G1 X28.44 Y120.32 S300.00 F1000

; Pass 0 Path 3349
G0 X28.44 Y120.22
G1 X27.44 Y120.22 S300.00 F1000

; Pass 0 Path 3350
G0 X27.44 Y120.12
G1 X28.44 Y120.12 S300.00 F1000

; Pass 0 Path 3351
G0 X28.44 Y120.02
G1 X27.44 Y120.02 S300.00 F1000

; Pass 0 Path 3352
G0 X27.44 Y119.92
G1 X28.44 Y119.92 S300.00 F1000

; Pass 0 Path 3353
G0 X28.43 Y119.82
G1 X27.43 Y119.82 S300.00 F1000

; Pass 0 Path 3354
G0 X27.42 Y119.72
G1 X28.42 Y119.72 S300.00 F1000

; Pass 0 Path 3355
G0 X28.41 Y119.62
G1 X27.40 Y119.62 S300.00 F1000

; Pass 0 Path 3356
G0 X27.38 Y119.52
G1 X28.40 Y119.52 S300.00 F1000

; Pass 0 Path 3357
G0 X28.38 Y119.42
G1 X27.35 Y119.42 S300.00 F1000

; Pass 0 Path 3358
G0 X27.32 Y119.32
G1 X28.36 Y119.32 S300.00 F1000

; Pass 0 Path 3359
G0 X28.33 Y119.22
G1 X27.28 Y119.22 S300.00 F1000

; Pass 0 Path 3360
G0 X27.24 Y119.12
G1 X28.30 Y119.12 S300.00 F1000

; Pass 0 Path 3361
G0 X28.27 Y119.02
G1 X27.19 Y119.02 S300.00 F1000

; Pass 0 Path 3362
G0 X27.14 Y118.92
G1 X28.24 Y118.92 S300.00 F1000

; Pass 0 Path 3363
G0 X28.20 Y118.82
G1 X27.08 Y118.82 S300.00 F1000

; Pass 0 Path 3364
G0 X27.01 Y118.72
G1 X28.15 Y118.72 S300.00 F1000

; Pass 0 Path 3365
G0 X28.11 Y118.62
G1 X26.93 Y118.62 S300.00 F1000

; Pass 0 Path 3366
G0 X26.84 Y118.52
G1 X28.05 Y118.52 S300.00 F1000

; Pass 0 Path 3367
G0 X28.00 Y118.42
G1 X26.73 Y118.42 S300.00 F1000

; Pass 0 Path 3368
G0 X26.62 Y118.32
G1 X27.94 Y118.32 S300.00 F1000

; Pass 0 Path 3369
G0 X27.87 Y118.22
G1 X26.48 Y118.22 S300.00 F1000

; Pass 0 Path 3370
G0 X26.32 Y118.12
G1 X27.80 Y118.12 S300.00 F1000

; Pass 0 Path 3371
G0 X27.72 Y118.02
G1 X26.12 Y118.02 S300.00 F1000

; Pass 0 Path 3372
G0 X25.83 Y117.92
G1 X27.63 Y117.92 S300.00 F1000

; Pass 0 Path 3373
G0 X32.52 Y117.92
G1 X33.52 Y117.92 S300.00 F1000

; Pass 0 Path 3374
G0 X33.52 Y117.82
G1 X32.52 Y117.82 S300.00 F1000

; Pass 0 Path 3375
G0 X32.52 Y117.72
G1 X33.52 Y117.72 S300.00 F1000

; Pass 0 Path 3376
G0 X33.52 Y117.62
G1 X32.52 Y117.62 S300.00 F1000

; Pass 0 Path 3377
G0 X32.52 Y117.52
G1 X33.52 Y117.52 S300.00 F1000

; Pass 0 Path 3378
G0 X33.52 Y117.42
G1 X32.52 Y117.42 S300.00 F1000

; Pass 0 Path 3379
G0 X32.52 Y117.32
G1 X33.52 Y117.32 S300.00 F1000

; Pass 0 Path 3380
G0 X33.52 Y117.22
G1 X32.52 Y117.22 S300.00 F1000

; Pass 0 Path 3381
G0 X32.52 Y117.12
G1 X33.52 Y117.12 S300.00 F1000

; Pass 0 Path 3382
G0 X33.52 Y117.02
G1 X32.52 Y117.02 S300.00 F1000

; Pass 0 Path 3383
G0 X32.52 Y116.92
G1 X33.52 Y116.92 S300.00 F1000

; Pass 0 Path 3384
G0 X33.52 Y116.82
G1 X32.52 Y116.82 S300.00 F1000

; Pass 0 Path 3385
G0 X32.52 Y116.72
G1 X33.52 Y116.72 S300.00 F1000

; Pass 0 Path 3386
G0 X33.52 Y116.62
G1 X32.52 Y116.62 S300.00 F1000

; Pass 0 Path 3387
G0 X32.52 Y116.52
G1 X33.52 Y116.52 S300.00 F1000

; Pass 0 Path 3388
G0 X33.52 Y116.42
G1 X32.52 Y116.42 S300.00 F1000

; Pass 0 Path 3389
G0 X32.52 Y116.32
G1 X33.52 Y116.32 S300.00 F1000

; Pass 0 Path 3390
G0 X33.52 Y116.22
G1 X32.52 Y116.22 S300.00 F1000

; Pass 0 Path 3391
G0 X32.52 Y116.12
G1 X33.52 Y116.12 S300.00 F1000

; Pass 0 Path 3392
G0 X33.52 Y116.02
G1 X32.52 Y116.02 S300.00 F1000

; Pass 0 Path 3393
G0 X32.52 Y115.92
G1 X33.52 Y115.92 S300.00 F1000

; Pass 0 Path 3394
G0 X33.52 Y115.82
G1 X32.52 Y115.82 S300.00 F1000

; Pass 0 Path 3395
G0 X32.52 Y115.72
G1 X33.52 Y115.72 S300.00 F1000

; Pass 0 Path 3396
G0 X33.52 Y115.62
G1 X32.52 Y115.62 S300.00 F1000

; Pass 0 Path 3397
G0 X32.52 Y115.52
G1 X33.52 Y115.52 S300.00 F1000

; Pass 0 Path 3398
G0 X33.52 Y115.42
G1 X32.52 Y115.42 S300.00 F1000

; Pass 0 Path 3399
G0 X32.52 Y115.32
G1 X33.52 Y115.32 S300.00 F1000

; Pass 0 Path 3400
G0 X33.52 Y115.22
G1 X32.52 Y115.22 S300.00 F1000

; Pass 0 Path 3401
G0 X32.52 Y115.12
G1 X33.52 Y115.12 S300.00 F1000

; Pass 0 Path 3402
G0 X33.52 Y115.02
G1 X32.52 Y115.02 S300.00 F1000

; Pass 0 Path 3403
G0 X32.52 Y114.92
G1 X33.52 Y114.92 S300.00 F1000

; Pass 0 Path 3404
G0 X33.52 Y114.82
G1 X32.52 Y114.82 S300.00 F1000

; Pass 0 Path 3405
G0 X32.52 Y114.72
G1 X33.52 Y114.72 S300.00 F1000

; Pass 0 Path 3406
G0 X33.53 Y114.62
G1 X32.53 Y114.62 S300.00 F1000

; Pass 0 Path 3407
G0 X32.53 Y114.52
G1 X33.54 Y114.52 S300.00 F1000

; Pass 0 Path 3408
G0 X33.55 Y114.42
G1 X32.54 Y114.42 S300.00 F1000

; Pass 0 Path 3409
G0 X32.56 Y114.32
G1 X33.58 Y114.32 S300.00 F1000

; Pass 0 Path 3410
G0 X33.60 Y114.22
G1 X32.58 Y114.22 S300.00 F1000

; Pass 0 Path 3411
G0 X32.60 Y114.12
G1 X33.63 Y114.12 S300.00 F1000

; Pass 0 Path 3412
G0 X33.67 Y114.02
G1 X32.62 Y114.02 S300.00 F1000

; Pass 0 Path 3413
G0 X32.65 Y113.92
G1 X33.72 Y113.92 S300.00 F1000

; Pass 0 Path 3414
G0 X33.77 Y113.82
G1 X32.68 Y113.82 S300.00 F1000

; Pass 0 Path 3415
G0 X32.72 Y113.72
G1 X33.82 Y113.72 S300.00 F1000

; Pass 0 Path 3416
G0 X33.89 Y113.62
G1 X32.76 Y113.62 S300.00 F1000

; Pass 0 Path 3417
G0 X32.80 Y113.52
G1 X33.97 Y113.52 S300.00 F1000

; Pass 0 Path 3418
G0 X34.05 Y113.42
G1 X32.85 Y113.42 S300.00 F1000

; Pass 0 Path 3419
G0 X32.91 Y113.32
G1 X34.15 Y113.32 S300.00 F1000

; Pass 0 Path 3420
G0 X34.26 Y113.22
G1 X32.97 Y113.22 S300.00 F1000

; Pass 0 Path 3421
G0 X33.03 Y113.12
G1 X34.40 Y113.12 S300.00 F1000

; Pass 0 Path 3422
G0 X34.56 Y113.02
G1 X33.10 Y113.02 S300.00 F1000

; Pass 0 Path 3423
G0 X33.18 Y112.92
G1 X34.77 Y112.92 S300.00 F1000

; Pass 0 Path 3424
G0 X35.08 Y112.82
G1 X33.26 Y112.82 S300.00 F1000

; Pass 0 Path 3425
G0 X33.35 Y112.72
G1 X93.65 Y112.72 S300.00 F1000

; Pass 0 Path 3426
G0 X93.74 Y112.82
G1 X91.92 Y112.82 S300.00 F1000

; Pass 0 Path 3427
G0 X92.23 Y112.92
G1 X93.82 Y112.92 S300.00 F1000

; Pass 0 Path 3428
G0 X93.90 Y113.02
G1 X92.44 Y113.02 S300.00 F1000

; Pass 0 Path 3429
G0 X92.60 Y113.12
G1 X93.97 Y113.12 S300.00 F1000

; Pass 0 Path 3430
G0 X94.03 Y113.22
G1 X92.74 Y113.22 S300.00 F1000

; Pass 0 Path 3431
G0 X92.85 Y113.32
G1 X94.09 Y113.32 S300.00 F1000

; Pass 0 Path 3432
G0 X94.15 Y113.42
G1 X92.95 Y113.42 S300.00 F1000

; Pass 0 Path 3433
G0 X93.03 Y113.52
G1 X94.20 Y113.52 S300.00 F1000

; Pass 0 Path 3434
G0 X94.24 Y113.62
G1 X93.11 Y113.62 S300.00 F1000

; Pass 0 Path 3435
G0 X93.18 Y113.72
G1 X94.28 Y113.72 S300.00 F1000

; Pass 0 Path 3436
G0 X94.32 Y113.82
G1 X93.23 Y113.82 S300.00 F1000

; Pass 0 Path 3437
G0 X93.28 Y113.92
G1 X94.35 Y113.92 S300.00 F1000

; Pass 0 Path 3438
G0 X94.38 Y114.02
G1 X93.33 Y114.02 S300.00 F1000

; Pass 0 Path 3439
G0 X93.37 Y114.12
G1 X94.40 Y114.12 S300.00 F1000

; Pass 0 Path 3440
G0 X94.42 Y114.22
G1 X93.40 Y114.22 S300.00 F1000

; Pass 0 Path 3441
G0 X93.42 Y114.32
G1 X94.44 Y114.32 S300.00 F1000

; Pass 0 Path 3442
G0 X94.46 Y114.42
G1 X93.45 Y114.42 S300.00 F1000

; Pass 0 Path 3443
G0 X93.46 Y114.52
G1 X94.47 Y114.52 S300.00 F1000

; Pass 0 Path 3444
G0 X94.47 Y114.62
G1 X93.47 Y114.62 S300.00 F1000

; Pass 0 Path 3445
G0 X93.48 Y114.72
G1 X94.48 Y114.72 S300.00 F1000

; Pass 0 Path 3446
G0 X94.48 Y114.82
G1 X93.48 Y114.82 S300.00 F1000

; Pass 0 Path 3447
G0 X93.48 Y114.92
G1 X94.48 Y114.92 S300.00 F1000

; Pass 0 Path 3448
G0 X94.48 Y115.02
G1 X93.48 Y115.02 S300.00 F1000

; Pass 0 Path 3449
G0 X93.48 Y115.12
G1 X94.48 Y115.12 S300.00 F1000

; Pass 0 Path 3450
G0 X94.48 Y115.22
G1 X93.48 Y115.22 S300.00 F1000

; Pass 0 Path 3451
G0 X93.48 Y115.32
G1 X94.48 Y115.32 S300.00 F1000

; Pass 0 Path 3452
G0 X94.48 Y115.42
G1 X93.48 Y115.42 S300.00 F1000

; Pass 0 Path 3453
G0 X93.48 Y115.52
G1 X94.48 Y115.52 S300.00 F1000

; Pass 0 Path 3454
G0 X94.48 Y115.62
G1 X93.48 Y115.62 S300.00 F1000

; Pass 0 Path 3455
G0 X93.48 Y115.72
G1 X94.48 Y115.72 S300.00 F1000

; Pass 0 Path 3456
G0 X94.48 Y115.82
G1 X93.48 Y115.82 S300.00 F1000

; Pass 0 Path 3457
G0 X93.48 Y115.92
G1 X94.48 Y115.92 S300.00 F1000

; Pass 0 Path 3458
G0 X94.48 Y116.02
G1 X93.48 Y116.02 S300.00 F1000

; Pass 0 Path 3459
G0 X93.48 Y116.12
G1 X94.48 Y116.12 S300.00 F1000

; Pass 0 Path 3460
G0 X94.48 Y116.22
G1 X93.48 Y116.22 S300.00 F1000

; Pass 0 Path 3461
G0 X93.48 Y116.32
G1 X94.48 Y116.32 S300.00 F1000

; Pass 0 Path 3462
G0 X94.48 Y116.42
G1 X93.48 Y116.42 S300.00 F1000

; Pass 0 Path 3463
G0 X93.48 Y116.52
G1 X94.48 Y116.52 S300.00 F1000

; Pass 0 Path 3464
G0 X94.48 Y116.62
G1 X93.48 Y116.62 S300.00 F1000

; Pass 0 Path 3465
G0 X93.48 Y116.72
G1 X94.48 Y116.72 S300.00 F1000

; Pass 0 Path 3466
G0 X94.48 Y116.82
G1 X93.48 Y116.82 S300.00 F1000

; Pass 0 Path 3467
G0 X94.48 Y116.92
G1 X85.68 Y116.92 S300.00 F1000

; Pass 0 Path 3468
G0 X85.34 Y117.02
G1 X94.48 Y117.02 S300.00 F1000

; Pass 0 Path 3469
G0 X94.48 Y117.12
G1 X85.09 Y117.12 S300.00 F1000

; Pass 0 Path 3470
G0 X84.90 Y117.22
G1 X94.48 Y117.22 S300.00 F1000

; Pass 0 Path 3471
G0 X94.48 Y117.32
G1 X84.73 Y117.32 S300.00 F1000

; Pass 0 Path 3472
G0 X84.58 Y117.42
G1 X94.47 Y117.42 S300.00 F1000

; Pass 0 Path 3473
G0 X94.45 Y117.52
G1 X84.45 Y117.52 S300.00 F1000

; Pass 0 Path 3474
G0 X84.33 Y117.62
G1 X94.40 Y117.62 S300.00 F1000

; Pass 0 Path 3475
G0 X94.31 Y117.72
G1 X84.23 Y117.72 S300.00 F1000

; Pass 0 Path 3476
G0 X84.13 Y117.82
G1 X94.13 Y117.82 S300.00 F1000

; Pass 0 Path 3477
G0 X93.55 Y112.62
G1 X33.45 Y112.62 S300.00 F1000

; Pass 0 Path 3478
G0 X33.56 Y112.52
G1 X93.44 Y112.52 S300.00 F1000

; Pass 0 Path 3479
G0 X93.32 Y112.42
G1 X33.68 Y112.42 S300.00 F1000

; Pass 0 Path 3480
G0 X33.81 Y112.32
G1 X93.19 Y112.32 S300.00 F1000

; Pass 0 Path 3481
G0 X93.04 Y112.22
G1 X33.96 Y112.22 S300.00 F1000

; Pass 0 Path 3482
G0 X34.13 Y112.12
G1 X92.87 Y112.12 S300.00 F1000

; Pass 0 Path 3483
G0 X92.66 Y112.02
G1 X34.34 Y112.02 S300.00 F1000

; Pass 0 Path 3484
G0 X34.60 Y111.92
G1 X92.40 Y111.92 S300.00 F1000

; Pass 0 Path 3485
G0 X92.02 Y111.82
G1 X34.98 Y111.82 S300.00 F1000

; Pass 0 Path 3486
G0 X33.52 Y118.02
G1 X32.52 Y118.02 S300.00 F1000

; Pass 0 Path 3487
G0 X32.52 Y118.12
G1 X33.52 Y118.12 S300.00 F1000

; Pass 0 Path 3488
G0 X33.52 Y118.22
G1 X32.52 Y118.22 S300.00 F1000

; Pass 0 Path 3489
G0 X32.52 Y118.32
G1 X33.52 Y118.32 S300.00 F1000

; Pass 0 Path 3490
G0 X33.52 Y118.42
G1 X32.52 Y118.42 S300.00 F1000

; Pass 0 Path 3491
G0 X32.52 Y118.52
G1 X33.52 Y118.52 S300.00 F1000

; Pass 0 Path 3492
G0 X33.52 Y118.62
G1 X32.52 Y118.62 S300.00 F1000

; Pass 0 Path 3493
G0 X32.52 Y118.72
G1 X33.52 Y118.72 S300.00 F1000

; Pass 0 Path 3494
G0 X33.52 Y118.82
G1 X32.52 Y118.82 S300.00 F1000

; Pass 0 Path 3495
G0 X32.52 Y118.92
G1 X33.52 Y118.92 S300.00 F1000

; Pass 0 Path 3496
G0 X33.52 Y119.02
G1 X32.52 Y119.02 S300.00 F1000

; Pass 0 Path 3497
G0 X32.52 Y119.12
G1 X33.52 Y119.12 S300.00 F1000

; Pass 0 Path 3498
G0 X33.52 Y119.22
G1 X32.52 Y119.22 S300.00 F1000

; Pass 0 Path 3499
G0 X32.52 Y119.32
G1 X33.52 Y119.32 S300.00 F1000

; Pass 0 Path 3500
G0 X33.52 Y119.42
G1 X32.52 Y119.42 S300.00 F1000

; Pass 0 Path 3501
G0 X32.52 Y119.52
G1 X33.52 Y119.52 S300.00 F1000

; Pass 0 Path 3502
G0 X33.52 Y119.62
G1 X32.52 Y119.62 S300.00 F1000

; Pass 0 Path 3503
G0 X32.52 Y119.72
G1 X33.52 Y119.72 S300.00 F1000

; Pass 0 Path 3504
G0 X33.52 Y119.82
G1 X32.52 Y119.82 S300.00 F1000

; Pass 0 Path 3505
G0 X32.52 Y119.92
G1 X33.52 Y119.92 S300.00 F1000

; Pass 0 Path 3506
G0 X33.52 Y120.02
G1 X32.52 Y120.02 S300.00 F1000

; Pass 0 Path 3507
G0 X32.52 Y120.12
G1 X33.52 Y120.12 S300.00 F1000

; Pass 0 Path 3508
G0 X33.52 Y120.22
G1 X32.52 Y120.22 S300.00 F1000

; Pass 0 Path 3509
G0 X32.52 Y120.32
G1 X33.52 Y120.32 S300.00 F1000

; Pass 0 Path 3510
G0 X33.52 Y120.42
G1 X32.52 Y120.42 S300.00 F1000

; Pass 0 Path 3511
G0 X32.52 Y120.52
G1 X33.52 Y120.52 S300.00 F1000

; Pass 0 Path 3512
G0 X33.52 Y120.62
G1 X32.52 Y120.62 S300.00 F1000

; Pass 0 Path 3513
G0 X32.52 Y120.72
G1 X33.52 Y120.72 S300.00 F1000

; Pass 0 Path 3514
G0 X33.52 Y120.82
G1 X32.52 Y120.82 S300.00 F1000

; Pass 0 Path 3515
G0 X32.52 Y120.92
G1 X33.52 Y120.92 S300.00 F1000

; Pass 0 Path 3516
G0 X33.52 Y121.02
G1 X32.52 Y121.02 S300.00 F1000

; Pass 0 Path 3517
G0 X32.52 Y121.12
G1 X33.52 Y121.12 S300.00 F1000

; Pass 0 Path 3518
G0 X33.52 Y121.22
G1 X32.52 Y121.22 S300.00 F1000

; Pass 0 Path 3519
G0 X32.52 Y121.32
G1 X33.52 Y121.32 S300.00 F1000

; Pass 0 Path 3520
G0 X33.52 Y121.42
G1 X32.52 Y121.42 S300.00 F1000

; Pass 0 Path 3521
G0 X32.52 Y121.52
G1 X33.52 Y121.52 S300.00 F1000

; Pass 0 Path 3522
G0 X33.52 Y121.62
G1 X32.52 Y121.62 S300.00 F1000

; Pass 0 Path 3523
G0 X32.52 Y121.72
G1 X33.52 Y121.72 S300.00 F1000

; Pass 0 Path 3524
G0 X33.52 Y121.82
G1 X32.52 Y121.82 S300.00 F1000

; Pass 0 Path 3525
G0 X32.52 Y121.92
G1 X33.52 Y121.92 S300.00 F1000

; Pass 0 Path 3526
G0 X33.52 Y122.02
G1 X32.52 Y122.02 S300.00 F1000

; Pass 0 Path 3527
G0 X32.52 Y122.12
G1 X33.52 Y122.12 S300.00 F1000

; Pass 0 Path 3528
G0 X33.52 Y122.22
G1 X32.52 Y122.22 S300.00 F1000

; Pass 0 Path 3529
G0 X32.52 Y122.32
G1 X33.52 Y122.32 S300.00 F1000

; Pass 0 Path 3530
G0 X33.52 Y122.42
G1 X32.52 Y122.42 S300.00 F1000

; Pass 0 Path 3531
G0 X32.52 Y122.52
G1 X33.52 Y122.52 S300.00 F1000

; Pass 0 Path 3532
G0 X33.52 Y122.62
G1 X32.52 Y122.62 S300.00 F1000

; Pass 0 Path 3533
G0 X32.52 Y122.72
G1 X33.52 Y122.72 S300.00 F1000

; Pass 0 Path 3534
G0 X33.52 Y122.82
G1 X32.52 Y122.82 S300.00 F1000

; Pass 0 Path 3535
G0 X32.52 Y122.92
G1 X33.52 Y122.92 S300.00 F1000

; Pass 0 Path 3536
G0 X33.52 Y123.02
G1 X32.52 Y123.02 S300.00 F1000

; Pass 0 Path 3537
G0 X32.52 Y123.12
G1 X33.52 Y123.12 S300.00 F1000

; Pass 0 Path 3538
G0 X33.52 Y123.22
G1 X32.52 Y123.22 S300.00 F1000

; Pass 0 Path 3539
G0 X32.52 Y123.32
G1 X33.52 Y123.32 S300.00 F1000

; Pass 0 Path 3540
G0 X33.52 Y123.42
G1 X32.52 Y123.42 S300.00 F1000

; Pass 0 Path 3541
G0 X32.52 Y123.52
G1 X33.52 Y123.52 S300.00 F1000

; Pass 0 Path 3542
G0 X33.52 Y123.62
G1 X32.52 Y123.62 S300.00 F1000

; Pass 0 Path 3543
G0 X32.52 Y123.72
G1 X33.52 Y123.72 S300.00 F1000

; Pass 0 Path 3544
G0 X33.52 Y123.82
G1 X32.52 Y123.82 S300.00 F1000

; Pass 0 Path 3545
G0 X32.52 Y123.92
G1 X33.52 Y123.92 S300.00 F1000

; Pass 0 Path 3546
G0 X33.52 Y124.02
G1 X32.52 Y124.02 S300.00 F1000

; Pass 0 Path 3547
G0 X32.52 Y124.12
G1 X33.52 Y124.12 S300.00 F1000

; Pass 0 Path 3548
G0 X33.52 Y124.22
G1 X32.52 Y124.22 S300.00 F1000

; Pass 0 Path 3549
G0 X32.52 Y124.32
G1 X33.52 Y124.32 S300.00 F1000

; Pass 0 Path 3550
G0 X33.52 Y124.42
G1 X32.52 Y124.42 S300.00 F1000

; Pass 0 Path 3551
G0 X32.52 Y124.52
G1 X33.52 Y124.52 S300.00 F1000

; Pass 0 Path 3552
G0 X33.52 Y124.62
G1 X32.52 Y124.62 S300.00 F1000

; Pass 0 Path 3553
G0 X32.52 Y124.72
G1 X33.52 Y124.72 S300.00 F1000

; Pass 0 Path 3554
G0 X33.52 Y124.82
G1 X32.52 Y124.82 S300.00 F1000

; Pass 0 Path 3555
G0 X32.52 Y124.92
G1 X33.52 Y124.92 S300.00 F1000

; Pass 0 Path 3556
G0 X33.52 Y125.02
G1 X32.52 Y125.02 S300.00 F1000

; Pass 0 Path 3557
G0 X32.52 Y125.12
G1 X33.52 Y125.12 S300.00 F1000

; Pass 0 Path 3558
G0 X33.52 Y125.22
G1 X32.52 Y125.22 S300.00 F1000

; Pass 0 Path 3559
G0 X32.52 Y125.32
G1 X33.52 Y125.32 S300.00 F1000

; Pass 0 Path 3560
G0 X33.52 Y125.42
G1 X32.52 Y125.42 S300.00 F1000

; Pass 0 Path 3561
G0 X32.52 Y125.52
G1 X33.52 Y125.52 S300.00 F1000

; Pass 0 Path 3562
G0 X33.52 Y125.62
G1 X32.52 Y125.62 S300.00 F1000

; Pass 0 Path 3563
G0 X32.52 Y125.72
G1 X33.52 Y125.72 S300.00 F1000

; Pass 0 Path 3564
G0 X33.52 Y125.82
G1 X32.52 Y125.82 S300.00 F1000

; Pass 0 Path 3565
G0 X32.52 Y125.92
G1 X33.52 Y125.92 S300.00 F1000

; Pass 0 Path 3566
G0 X33.52 Y126.02
G1 X32.52 Y126.02 S300.00 F1000

; Pass 0 Path 3567
G0 X32.52 Y126.12
G1 X33.52 Y126.12 S300.00 F1000

; Pass 0 Path 3568
G0 X33.52 Y126.22
G1 X32.52 Y126.22 S300.00 F1000

; Pass 0 Path 3569
G0 X32.52 Y126.32
G1 X33.52 Y126.32 S300.00 F1000

; Pass 0 Path 3570
G0 X33.52 Y126.42
G1 X32.52 Y126.42 S300.00 F1000

; Pass 0 Path 3571
G0 X32.52 Y126.52
G1 X33.52 Y126.52 S300.00 F1000

; Pass 0 Path 3572
G0 X33.52 Y126.62
G1 X32.52 Y126.62 S300.00 F1000

; Pass 0 Path 3573
G0 X32.52 Y126.72
G1 X33.52 Y126.72 S300.00 F1000

; Pass 0 Path 3574
G0 X33.52 Y126.82
G1 X32.52 Y126.82 S300.00 F1000

; Pass 0 Path 3575
G0 X32.52 Y126.92
G1 X33.52 Y126.92 S300.00 F1000

; Pass 0 Path 3576
G0 X33.52 Y127.02
G1 X32.52 Y127.02 S300.00 F1000

; Pass 0 Path 3577
G0 X32.52 Y127.12
G1 X33.52 Y127.12 S300.00 F1000

; Pass 0 Path 3578
G0 X33.52 Y127.22
G1 X32.52 Y127.22 S300.00 F1000

; Pass 0 Path 3579
G0 X32.52 Y127.32
G1 X33.52 Y127.32 S300.00 F1000

; Pass 0 Path 3580
G0 X33.52 Y127.42
G1 X32.52 Y127.42 S300.00 F1000

; Pass 0 Path 3581
G0 X32.52 Y127.52
G1 X33.52 Y127.52 S300.00 F1000

; Pass 0 Path 3582
G0 X33.52 Y127.62
G1 X32.52 Y127.62 S300.00 F1000

; Pass 0 Path 3583
G0 X32.52 Y127.72
G1 X33.52 Y127.72 S300.00 F1000

; Pass 0 Path 3584
G0 X33.52 Y127.82
G1 X32.52 Y127.82 S300.00 F1000

; Pass 0 Path 3585
G0 X32.52 Y127.92
G1 X33.52 Y127.92 S300.00 F1000

; Pass 0 Path 3586
G0 X33.52 Y128.02
G1 X32.52 Y128.02 S300.00 F1000

; Pass 0 Path 3587
G0 X32.52 Y128.12
G1 X33.52 Y128.12 S300.00 F1000

; Pass 0 Path 3588
G0 X33.52 Y128.22
G1 X32.52 Y128.22 S300.00 F1000

; Pass 0 Path 3589
G0 X32.52 Y128.32
G1 X33.52 Y128.32 S300.00 F1000

; Pass 0 Path 3590
G0 X33.52 Y128.42
G1 X32.52 Y128.42 S300.00 F1000

; Pass 0 Path 3591
G0 X32.52 Y128.52
G1 X33.52 Y128.52 S300.00 F1000

; Pass 0 Path 3592
G0 X33.52 Y128.62
G1 X32.52 Y128.62 S300.00 F1000

; Pass 0 Path 3593
G0 X32.52 Y128.72
G1 X33.52 Y128.72 S300.00 F1000

; Pass 0 Path 3594
G0 X33.52 Y128.82
G1 X32.52 Y128.82 S300.00 F1000

; Pass 0 Path 3595
G0 X32.52 Y128.92
G1 X33.52 Y128.92 S300.00 F1000

; Pass 0 Path 3596
G0 X33.52 Y129.02
G1 X32.52 Y129.02 S300.00 F1000

; Pass 0 Path 3597
G0 X32.52 Y129.12
G1 X33.52 Y129.12 S300.00 F1000

; Pass 0 Path 3598
G0 X33.52 Y129.22
G1 X32.52 Y129.22 S300.00 F1000

; Pass 0 Path 3599
G0 X32.52 Y129.32
G1 X33.52 Y129.32 S300.00 F1000

; Pass 0 Path 3600
G0 X33.52 Y129.42
G1 X32.52 Y129.42 S300.00 F1000

; Pass 0 Path 3601
G0 X32.52 Y129.52
G1 X33.52 Y129.52 S300.00 F1000

; Pass 0 Path 3602
G0 X33.52 Y129.62
G1 X32.52 Y129.62 S300.00 F1000

; Pass 0 Path 3603
G0 X32.52 Y129.72
G1 X33.52 Y129.72 S300.00 F1000

; Pass 0 Path 3604
G0 X33.52 Y129.82
G1 X32.52 Y129.82 S300.00 F1000

; Pass 0 Path 3605
G0 X32.52 Y129.92
G1 X33.52 Y129.92 S300.00 F1000

; Pass 0 Path 3606
G0 X33.52 Y130.02
G1 X32.52 Y130.02 S300.00 F1000

; Pass 0 Path 3607
G0 X32.52 Y130.12
G1 X33.52 Y130.12 S300.00 F1000

; Pass 0 Path 3608
G0 X33.52 Y130.22
G1 X32.52 Y130.22 S300.00 F1000

; Pass 0 Path 3609
G0 X32.52 Y130.32
G1 X33.52 Y130.32 S300.00 F1000

; Pass 0 Path 3610
G0 X33.52 Y130.42
G1 X32.52 Y130.42 S300.00 F1000

; Pass 0 Path 3611
G0 X32.52 Y130.52
G1 X33.52 Y130.52 S300.00 F1000

; Pass 0 Path 3612
G0 X33.52 Y130.62
G1 X32.52 Y130.62 S300.00 F1000

; Pass 0 Path 3613
G0 X32.52 Y130.72
G1 X33.52 Y130.72 S300.00 F1000

; Pass 0 Path 3614
G0 X33.52 Y130.82
G1 X32.52 Y130.82 S300.00 F1000

; Pass 0 Path 3615
G0 X32.52 Y130.92
G1 X33.52 Y130.92 S300.00 F1000

; Pass 0 Path 3616
G0 X33.52 Y131.02
G1 X32.52 Y131.02 S300.00 F1000

; Pass 0 Path 3617
G0 X32.52 Y131.12
G1 X33.52 Y131.12 S300.00 F1000

; Pass 0 Path 3618
G0 X33.52 Y131.22
G1 X32.52 Y131.22 S300.00 F1000

; Pass 0 Path 3619
G0 X32.52 Y131.32
G1 X33.52 Y131.32 S300.00 F1000

; Pass 0 Path 3620
G0 X33.52 Y131.42
G1 X32.52 Y131.42 S300.00 F1000

; Pass 0 Path 3621
G0 X32.52 Y131.52
G1 X33.52 Y131.52 S300.00 F1000

; Pass 0 Path 3622
G0 X33.52 Y131.62
G1 X32.52 Y131.62 S300.00 F1000

; Pass 0 Path 3623
G0 X32.52 Y131.72
G1 X33.52 Y131.72 S300.00 F1000

; Pass 0 Path 3624
G0 X33.52 Y131.82
G1 X32.52 Y131.82 S300.00 F1000

; Pass 0 Path 3625
G0 X32.52 Y131.92
G1 X33.52 Y131.92 S300.00 F1000

; Pass 0 Path 3626
G0 X33.52 Y132.02
G1 X32.52 Y132.02 S300.00 F1000

; Pass 0 Path 3627
G0 X32.52 Y132.12
G1 X33.52 Y132.12 S300.00 F1000

; Pass 0 Path 3628
G0 X33.52 Y132.22
G1 X32.52 Y132.22 S300.00 F1000

; Pass 0 Path 3629
G0 X32.52 Y132.32
G1 X33.52 Y132.32 S300.00 F1000

; Pass 0 Path 3630
G0 X33.52 Y132.42
G1 X32.52 Y132.42 S300.00 F1000

; Pass 0 Path 3631
G0 X32.52 Y132.52
G1 X33.52 Y132.52 S300.00 F1000

; Pass 0 Path 3632
G0 X33.52 Y132.62
G1 X32.52 Y132.62 S300.00 F1000

; Pass 0 Path 3633
G0 X32.52 Y132.72
G1 X33.52 Y132.72 S300.00 F1000

; Pass 0 Path 3634
G0 X33.52 Y132.82
G1 X32.52 Y132.82 S300.00 F1000

; Pass 0 Path 3635
G0 X32.52 Y132.92
G1 X33.52 Y132.92 S300.00 F1000

; Pass 0 Path 3636
G0 X33.52 Y133.02
G1 X32.52 Y133.02 S300.00 F1000

; Pass 0 Path 3637
G0 X32.52 Y133.12
G1 X33.52 Y133.12 S300.00 F1000

; Pass 0 Path 3638
G0 X33.52 Y133.22
G1 X32.52 Y133.22 S300.00 F1000

; Pass 0 Path 3639
G0 X32.52 Y133.32
G1 X33.52 Y133.32 S300.00 F1000

; Pass 0 Path 3640
G0 X33.52 Y133.42
G1 X32.52 Y133.42 S300.00 F1000

; Pass 0 Path 3641
G0 X32.52 Y133.52
G1 X33.52 Y133.52 S300.00 F1000

; Pass 0 Path 3642
G0 X33.52 Y133.62
G1 X32.52 Y133.62 S300.00 F1000

; Pass 0 Path 3643
G0 X32.52 Y133.72
G1 X33.52 Y133.72 S300.00 F1000

; Pass 0 Path 3644
G0 X33.52 Y133.82
G1 X32.52 Y133.82 S300.00 F1000

; Pass 0 Path 3645
G0 X32.52 Y133.92
G1 X33.52 Y133.92 S300.00 F1000

; Pass 0 Path 3646
G0 X33.52 Y134.02
G1 X32.52 Y134.02 S300.00 F1000

; Pass 0 Path 3647
G0 X32.52 Y134.12
G1 X33.52 Y134.12 S300.00 F1000

; Pass 0 Path 3648
G0 X33.52 Y134.22
G1 X32.52 Y134.22 S300.00 F1000

; Pass 0 Path 3649
G0 X32.52 Y134.32
G1 X33.52 Y134.32 S300.00 F1000

; Pass 0 Path 3650
G0 X33.52 Y134.42
G1 X32.52 Y134.42 S300.00 F1000

; Pass 0 Path 3651
G0 X32.52 Y134.52
G1 X33.52 Y134.52 S300.00 F1000

; Pass 0 Path 3652
G0 X33.52 Y134.62
G1 X32.52 Y134.62 S300.00 F1000

; Pass 0 Path 3653
G0 X32.52 Y134.72
G1 X33.52 Y134.72 S300.00 F1000

; Pass 0 Path 3654
G0 X33.52 Y134.82
G1 X32.52 Y134.82 S300.00 F1000

; Pass 0 Path 3655
G0 X32.52 Y134.92
G1 X33.52 Y134.92 S300.00 F1000

; Pass 0 Path 3656
G0 X33.52 Y135.02
G1 X32.52 Y135.02 S300.00 F1000

; Pass 0 Path 3657
G0 X32.52 Y135.12
G1 X33.52 Y135.12 S300.00 F1000

; Pass 0 Path 3658
G0 X33.52 Y135.22
G1 X32.52 Y135.22 S300.00 F1000

; Pass 0 Path 3659
G0 X32.52 Y135.32
G1 X33.52 Y135.32 S300.00 F1000

; Pass 0 Path 3660
G0 X33.52 Y135.42
G1 X32.52 Y135.42 S300.00 F1000

; Pass 0 Path 3661
G0 X32.52 Y135.52
G1 X33.52 Y135.52 S300.00 F1000

; Pass 0 Path 3662
G0 X33.52 Y135.62
G1 X32.52 Y135.62 S300.00 F1000

; Pass 0 Path 3663
G0 X32.52 Y135.72
G1 X33.52 Y135.72 S300.00 F1000

; Pass 0 Path 3664
G0 X33.52 Y135.82
G1 X32.52 Y135.82 S300.00 F1000

; Pass 0 Path 3665
G0 X32.52 Y135.92
G1 X33.52 Y135.92 S300.00 F1000

; Pass 0 Path 3666
G0 X33.52 Y136.02
G1 X32.52 Y136.02 S300.00 F1000

; Pass 0 Path 3667
G0 X32.52 Y136.12
G1 X33.52 Y136.12 S300.00 F1000

; Pass 0 Path 3668
G0 X33.52 Y136.22
G1 X32.52 Y136.22 S300.00 F1000

; Pass 0 Path 3669
G0 X32.52 Y136.32
G1 X33.52 Y136.32 S300.00 F1000

; Pass 0 Path 3670
G0 X33.52 Y136.42
G1 X32.52 Y136.42 S300.00 F1000

; Pass 0 Path 3671
G0 X32.52 Y136.52
G1 X33.52 Y136.52 S300.00 F1000

; Pass 0 Path 3672
G0 X33.52 Y136.62
G1 X32.52 Y136.62 S300.00 F1000

; Pass 0 Path 3673
G0 X32.52 Y136.72
G1 X33.52 Y136.72 S300.00 F1000

; Pass 0 Path 3674
G0 X33.52 Y136.82
G1 X32.52 Y136.82 S300.00 F1000

; Pass 0 Path 3675
G0 X32.52 Y136.92
G1 X33.52 Y136.92 S300.00 F1000

; Pass 0 Path 3676
G0 X33.52 Y137.02
G1 X32.52 Y137.02 S300.00 F1000

; Pass 0 Path 3677
G0 X32.52 Y137.12
G1 X33.52 Y137.12 S300.00 F1000

; Pass 0 Path 3678
G0 X33.52 Y137.22
G1 X32.52 Y137.22 S300.00 F1000

; Pass 0 Path 3679
G0 X32.52 Y137.32
G1 X33.52 Y137.32 S300.00 F1000

; Pass 0 Path 3680
G0 X33.52 Y137.42
G1 X32.52 Y137.42 S300.00 F1000

; Pass 0 Path 3681
G0 X32.52 Y137.52
G1 X33.52 Y137.52 S300.00 F1000

; Pass 0 Path 3682
G0 X33.52 Y137.62
G1 X32.52 Y137.62 S300.00 F1000

; Pass 0 Path 3683
G0 X32.52 Y137.72
G1 X33.52 Y137.72 S300.00 F1000

; Pass 0 Path 3684
G0 X33.52 Y137.82
G1 X32.52 Y137.82 S300.00 F1000

; Pass 0 Path 3685
G0 X32.52 Y137.92
G1 X33.52 Y137.92 S300.00 F1000

; Pass 0 Path 3686
G0 X33.52 Y138.02
G1 X32.52 Y138.02 S300.00 F1000

; Pass 0 Path 3687
G0 X32.52 Y138.12
G1 X33.52 Y138.12 S300.00 F1000

; Pass 0 Path 3688
G0 X33.52 Y138.22
G1 X32.52 Y138.22 S300.00 F1000

; Pass 0 Path 3689
G0 X32.52 Y138.32
G1 X33.52 Y138.32 S300.00 F1000

; Pass 0 Path 3690
G0 X33.52 Y138.42
G1 X32.52 Y138.42 S300.00 F1000

; Pass 0 Path 3691
G0 X32.52 Y138.52
G1 X33.52 Y138.52 S300.00 F1000

; Pass 0 Path 3692
G0 X33.52 Y138.62
G1 X32.52 Y138.62 S300.00 F1000

; Pass 0 Path 3693
G0 X32.52 Y138.72
G1 X33.52 Y138.72 S300.00 F1000

; Pass 0 Path 3694
G0 X33.52 Y138.82
G1 X32.52 Y138.82 S300.00 F1000

; Pass 0 Path 3695
G0 X32.52 Y138.92
G1 X33.52 Y138.92 S300.00 F1000

; Pass 0 Path 3696
G0 X33.52 Y139.02
G1 X32.52 Y139.02 S300.00 F1000

; Pass 0 Path 3697
G0 X32.52 Y139.12
G1 X33.52 Y139.12 S300.00 F1000

; Pass 0 Path 3698
G0 X33.52 Y139.22
G1 X32.52 Y139.22 S300.00 F1000

; Pass 0 Path 3699
G0 X32.52 Y139.32
G1 X33.52 Y139.32 S300.00 F1000

; Pass 0 Path 3700
G0 X33.52 Y139.42
G1 X32.52 Y139.42 S300.00 F1000

; Pass 0 Path 3701
G0 X32.52 Y139.52
G1 X33.52 Y139.52 S300.00 F1000

; Pass 0 Path 3702
G0 X33.52 Y139.62
G1 X32.52 Y139.62 S300.00 F1000

; Pass 0 Path 3703
G0 X32.52 Y139.72
G1 X33.52 Y139.72 S300.00 F1000

; Pass 0 Path 3704
G0 X33.52 Y139.82
G1 X32.52 Y139.82 S300.00 F1000

; Pass 0 Path 3705
G0 X32.52 Y139.92
G1 X33.52 Y139.92 S300.00 F1000

; Pass 0 Path 3706
G0 X33.52 Y140.02
G1 X32.52 Y140.02 S300.00 F1000

; Pass 0 Path 3707
G0 X32.52 Y140.12
G1 X33.52 Y140.12 S300.00 F1000

; Pass 0 Path 3708
G0 X33.52 Y140.22
G1 X32.52 Y140.22 S300.00 F1000

; Pass 0 Path 3709
G0 X32.52 Y140.32
G1 X33.52 Y140.32 S300.00 F1000

; Pass 0 Path 3710
G0 X33.53 Y140.42
G1 X32.53 Y140.42 S300.00 F1000

; Pass 0 Path 3711
G0 X32.54 Y140.52
G1 X33.54 Y140.52 S300.00 F1000

; Pass 0 Path 3712
G0 X33.56 Y140.62
G1 X32.55 Y140.62 S300.00 F1000

; Pass 0 Path 3713
G0 X32.56 Y140.72
G1 X33.58 Y140.72 S300.00 F1000

; Pass 0 Path 3714
G0 X33.61 Y140.82
G1 X32.58 Y140.82 S300.00 F1000

; Pass 0 Path 3715
G0 X32.61 Y140.92
G1 X33.65 Y140.92 S300.00 F1000

; Pass 0 Path 3716
G0 X33.69 Y141.02
G1 X32.63 Y141.02 S300.00 F1000

; Pass 0 Path 3717
G0 X32.66 Y141.12
G1 X33.73 Y141.12 S300.00 F1000

; Pass 0 Path 3718
G0 X33.79 Y141.22
G1 X32.70 Y141.22 S300.00 F1000

; Pass 0 Path 3719
G0 X32.73 Y141.32
G1 X33.85 Y141.32 S300.00 F1000

; Pass 0 Path 3720
G0 X33.92 Y141.42
G1 X32.77 Y141.42 S300.00 F1000

; Pass 0 Path 3721
G0 X32.82 Y141.52
G1 X33.99 Y141.52 S300.00 F1000

; Pass 0 Path 3722
G0 X34.08 Y141.62
G1 X32.87 Y141.62 S300.00 F1000

; Pass 0 Path 3723
G0 X32.93 Y141.72
G1 X34.19 Y141.72 S300.00 F1000

; Pass 0 Path 3724
G0 X34.31 Y141.82
G1 X32.99 Y141.82 S300.00 F1000

; Pass 0 Path 3725
G0 X33.05 Y141.92
G1 X34.45 Y141.92 S300.00 F1000

; Pass 0 Path 3726
G0 X34.62 Y142.02
G1 X33.12 Y142.02 S300.00 F1000

; Pass 0 Path 3727
G0 X33.20 Y142.12
G1 X34.85 Y142.12 S300.00 F1000

; Pass 0 Path 3728
G0 X35.24 Y142.22
G1 X33.29 Y142.22 S300.00 F1000

; Pass 0 Path 3729
G0 X33.38 Y142.32
G1 X93.62 Y142.32 S300.00 F1000

; Pass 0 Path 3730
G0 X93.71 Y142.22
G1 X91.76 Y142.22 S300.00 F1000

; Pass 0 Path 3731
G0 X92.15 Y142.12
G1 X93.80 Y142.12 S300.00 F1000

; Pass 0 Path 3732
G0 X93.88 Y142.02
G1 X92.38 Y142.02 S300.00 F1000

; Pass 0 Path 3733
G0 X92.55 Y141.92
G1 X93.95 Y141.92 S300.00 F1000

; Pass 0 Path 3734
G0 X94.01 Y141.82
G1 X92.69 Y141.82 S300.00 F1000

; Pass 0 Path 3735
G0 X92.81 Y141.72
G1 X94.07 Y141.72 S300.00 F1000

; Pass 0 Path 3736
G0 X94.13 Y141.62
G1 X92.92 Y141.62 S300.00 F1000

; Pass 0 Path 3737
G0 X93.01 Y141.52
G1 X94.18 Y141.52 S300.00 F1000

; Pass 0 Path 3738
G0 X94.23 Y141.42
G1 X93.08 Y141.42 S300.00 F1000

; Pass 0 Path 3739
G0 X93.15 Y141.32
G1 X94.27 Y141.32 S300.00 F1000

; Pass 0 Path 3740
G0 X94.30 Y141.22
G1 X93.21 Y141.22 S300.00 F1000

; Pass 0 Path 3741
G0 X93.27 Y141.12
G1 X94.34 Y141.12 S300.00 F1000

; Pass 0 Path 3742
G0 X94.37 Y141.02
G1 X93.31 Y141.02 S300.00 F1000

; Pass 0 Path 3743
G0 X93.35 Y140.92
G1 X94.39 Y140.92 S300.00 F1000

; Pass 0 Path 3744
G0 X94.42 Y140.82
G1 X93.39 Y140.82 S300.00 F1000

; Pass 0 Path 3745
G0 X93.42 Y140.72
G1 X94.44 Y140.72 S300.00 F1000

; Pass 0 Path 3746
G0 X94.45 Y140.62
G1 X93.44 Y140.62 S300.00 F1000

; Pass 0 Path 3747
G0 X93.46 Y140.52
G1 X94.46 Y140.52 S300.00 F1000

; Pass 0 Path 3748
G0 X94.47 Y140.42
G1 X93.47 Y140.42 S300.00 F1000

; Pass 0 Path 3749
G0 X93.48 Y140.32
G1 X94.48 Y140.32 S300.00 F1000

; Pass 0 Path 3750
G0 X94.48 Y140.22
G1 X93.48 Y140.22 S300.00 F1000

; Pass 0 Path 3751
G0 X93.48 Y140.12
G1 X94.48 Y140.12 S300.00 F1000

; Pass 0 Path 3752
G0 X94.48 Y140.02
G1 X93.48 Y140.02 S300.00 F1000

; Pass 0 Path 3753
G0 X93.48 Y139.92
G1 X94.48 Y139.92 S300.00 F1000

; Pass 0 Path 3754
G0 X94.48 Y139.82
G1 X93.48 Y139.82 S300.00 F1000

; Pass 0 Path 3755
G0 X93.48 Y139.72
G1 X94.48 Y139.72 S300.00 F1000

; Pass 0 Path 3756
G0 X94.48 Y139.62
G1 X93.48 Y139.62 S300.00 F1000

; Pass 0 Path 3757
G0 X93.48 Y139.52
G1 X94.48 Y139.52 S300.00 F1000

; Pass 0 Path 3758
G0 X94.48 Y139.42
G1 X93.48 Y139.42 S300.00 F1000

; Pass 0 Path 3759
G0 X93.48 Y139.32
G1 X94.48 Y139.32 S300.00 F1000

; Pass 0 Path 3760
G0 X94.48 Y139.22
G1 X93.48 Y139.22 S300.00 F1000

; Pass 0 Path 3761
G0 X93.48 Y139.12
G1 X94.48 Y139.12 S300.00 F1000

; Pass 0 Path 3762
G0 X94.48 Y139.02
G1 X93.48 Y139.02 S300.00 F1000

; Pass 0 Path 3763
G0 X93.48 Y138.92
G1 X94.48 Y138.92 S300.00 F1000

; Pass 0 Path 3764
G0 X94.48 Y138.82
G1 X93.48 Y138.82 S300.00 F1000

; Pass 0 Path 3765
G0 X93.48 Y138.72
G1 X94.48 Y138.72 S300.00 F1000

; Pass 0 Path 3766
G0 X94.48 Y138.62
G1 X93.48 Y138.62 S300.00 F1000

; Pass 0 Path 3767
G0 X93.48 Y138.52
G1 X94.48 Y138.52 S300.00 F1000

; Pass 0 Path 3768
G0 X94.48 Y138.42
G1 X93.48 Y138.42 S300.00 F1000

; Pass 0 Path 3769
G0 X93.48 Y138.32
G1 X94.48 Y138.32 S300.00 F1000

; Pass 0 Path 3770
G0 X94.48 Y138.22
G1 X93.48 Y138.22 S300.00 F1000

; Pass 0 Path 3771
G0 X94.48 Y138.12
G1 X85.85 Y138.12 S300.00 F1000

; Pass 0 Path 3772
G0 X85.44 Y138.02
G1 X94.48 Y138.02 S300.00 F1000

; Pass 0 Path 3773
G0 X94.48 Y137.92
G1 X85.17 Y137.92 S300.00 F1000

; Pass 0 Path 3774
G0 X84.96 Y137.82
G1 X94.48 Y137.82 S300.00 F1000

; Pass 0 Path 3775
G0 X94.48 Y137.72
G1 X84.78 Y137.72 S300.00 F1000

; Pass 0 Path 3776
G0 X84.63 Y137.62
G1 X94.48 Y137.62 S300.00 F1000

; Pass 0 Path 3777
G0 X94.46 Y137.52
G1 X84.49 Y137.52 S300.00 F1000

; Pass 0 Path 3778
G0 X84.37 Y137.42
G1 X94.42 Y137.42 S300.00 F1000

; Pass 0 Path 3779
G0 X94.34 Y137.32
G1 X84.26 Y137.32 S300.00 F1000

; Pass 0 Path 3780
G0 X84.16 Y137.22
G1 X94.21 Y137.22 S300.00 F1000

; Pass 0 Path 3781
G0 X93.52 Y142.42
G1 X33.48 Y142.42 S300.00 F1000

; Pass 0 Path 3782
G0 X33.59 Y142.52
G1 X93.41 Y142.52 S300.00 F1000

; Pass 0 Path 3783
G0 X93.28 Y142.62
G1 X33.72 Y142.62 S300.00 F1000

; Pass 0 Path 3784
G0 X33.86 Y142.72
G1 X93.14 Y142.72 S300.00 F1000

; Pass 0 Path 3785
G0 X92.99 Y142.82
G1 X34.01 Y142.82 S300.00 F1000

; Pass 0 Path 3786
G0 X34.20 Y142.92
G1 X92.80 Y142.92 S300.00 F1000

; Pass 0 Path 3787
G0 X92.58 Y143.02
G1 X34.42 Y143.02 S300.00 F1000

; Pass 0 Path 3788
G0 X34.70 Y143.12
G1 X92.30 Y143.12 S300.00 F1000

; Pass 0 Path 3789
G0 X91.82 Y143.22
G1 X35.18 Y143.22 S300.00 F1000

; Pass 0 Path 3790
G0 X34.80 Y147.42
G1 X92.20 Y147.42 S300.00 F1000

; Pass 0 Path 3791
G0 X92.51 Y147.52
G1 X34.49 Y147.52 S300.00 F1000

; Pass 0 Path 3792
G0 X34.25 Y147.62
G1 X92.75 Y147.62 S300.00 F1000

; Pass 0 Path 3793
G0 X92.94 Y147.72
G1 X34.06 Y147.72 S300.00 F1000

; Pass 0 Path 3794
G0 X33.90 Y147.82
G1 X93.10 Y147.82 S300.00 F1000

; Pass 0 Path 3795
G0 X93.25 Y147.92
G1 X33.75 Y147.92 S300.00 F1000

; Pass 0 Path 3796
G0 X33.63 Y148.02
G1 X93.37 Y148.02 S300.00 F1000

; Pass 0 Path 3797
G0 X93.49 Y148.12
G1 X33.51 Y148.12 S300.00 F1000

; Pass 0 Path 3798
G0 X33.41 Y148.22
G1 X93.59 Y148.22 S300.00 F1000

; Pass 0 Path 3799
G0 X93.69 Y148.32
G1 X33.31 Y148.32 S300.00 F1000

; Pass 0 Path 3800
G0 X33.22 Y148.42
G1 X34.93 Y148.42 S300.00 F1000

; Pass 0 Path 3801
G0 X34.68 Y148.52
G1 X33.14 Y148.52 S300.00 F1000

; Pass 0 Path 3802
G0 X33.07 Y148.62
G1 X34.49 Y148.62 S300.00 F1000

; Pass 0 Path 3803
G0 X34.34 Y148.72
G1 X33.00 Y148.72 S300.00 F1000

; Pass 0 Path 3804
G0 X32.94 Y148.82
G1 X34.22 Y148.82 S300.00 F1000

; Pass 0 Path 3805
G0 X34.11 Y148.92
G1 X32.88 Y148.92 S300.00 F1000

; Pass 0 Path 3806
G0 X32.83 Y149.02
G1 X34.02 Y149.02 S300.00 F1000

; Pass 0 Path 3807
G0 X33.93 Y149.12
G1 X32.79 Y149.12 S300.00 F1000

; Pass 0 Path 3808
G0 X32.74 Y149.22
G1 X33.86 Y149.22 S300.00 F1000

; Pass 0 Path 3809
G0 X33.80 Y149.32
G1 X32.70 Y149.32 S300.00 F1000

; Pass 0 Path 3810
G0 X32.67 Y149.42
G1 X33.75 Y149.42 S300.00 F1000

; Pass 0 Path 3811
G0 X33.70 Y149.52
G1 X32.64 Y149.52 S300.00 F1000

; Pass 0 Path 3812
G0 X32.61 Y149.62
G1 X33.66 Y149.62 S300.00 F1000

; Pass 0 Path 3813
G0 X33.62 Y149.72
G1 X32.59 Y149.72 S300.00 F1000

; Pass 0 Path 3814
G0 X32.57 Y149.82
G1 X33.59 Y149.82 S300.00 F1000

; Pass 0 Path 3815
G0 X33.57 Y149.92
G1 X32.55 Y149.92 S300.00 F1000

; Pass 0 Path 3816
G0 X32.54 Y150.02
G1 X33.55 Y150.02 S300.00 F1000

; Pass 0 Path 3817
G0 X33.53 Y150.12
G1 X32.53 Y150.12 S300.00 F1000

; Pass 0 Path 3818
G0 X32.52 Y150.22
G1 X33.52 Y150.22 S300.00 F1000

; Pass 0 Path 3819
G0 X33.52 Y150.32
G1 X32.52 Y150.32 S300.00 F1000

; Pass 0 Path 3820
G0 X32.52 Y150.42
G1 X33.52 Y150.42 S300.00 F1000

; Pass 0 Path 3821
G0 X33.52 Y150.52
G1 X32.52 Y150.52 S300.00 F1000

; Pass 0 Path 3822
G0 X32.52 Y150.62
G1 X33.52 Y150.62 S300.00 F1000

; Pass 0 Path 3823
G0 X33.52 Y150.72
G1 X32.52 Y150.72 S300.00 F1000

; Pass 0 Path 3824
G0 X32.52 Y150.82
G1 X33.52 Y150.82 S300.00 F1000

; Pass 0 Path 3825
G0 X33.52 Y150.92
G1 X32.52 Y150.92 S300.00 F1000

; Pass 0 Path 3826
G0 X32.52 Y151.02
G1 X33.52 Y151.02 S300.00 F1000

; Pass 0 Path 3827
G0 X33.52 Y151.12
G1 X32.52 Y151.12 S300.00 F1000

; Pass 0 Path 3828
G0 X32.52 Y151.22
G1 X33.52 Y151.22 S300.00 F1000

; Pass 0 Path 3829
G0 X33.52 Y151.32
G1 X32.52 Y151.32 S300.00 F1000

; Pass 0 Path 3830
G0 X32.52 Y151.42
G1 X33.52 Y151.42 S300.00 F1000

; Pass 0 Path 3831
G0 X33.52 Y151.52
G1 X32.52 Y151.52 S300.00 F1000

; Pass 0 Path 3832
G0 X32.52 Y151.62
G1 X33.52 Y151.62 S300.00 F1000

; Pass 0 Path 3833
G0 X33.52 Y151.72
G1 X32.52 Y151.72 S300.00 F1000

; Pass 0 Path 3834
G0 X32.52 Y151.82
G1 X33.52 Y151.82 S300.00 F1000

; Pass 0 Path 3835
G0 X33.52 Y151.92
G1 X32.52 Y151.92 S300.00 F1000

; Pass 0 Path 3836
G0 X32.52 Y152.02
G1 X33.52 Y152.02 S300.00 F1000

; Pass 0 Path 3837
G0 X33.52 Y152.12
G1 X32.52 Y152.12 S300.00 F1000

; Pass 0 Path 3838
G0 X32.52 Y152.22
G1 X33.52 Y152.22 S300.00 F1000

; Pass 0 Path 3839
G0 X33.52 Y152.32
G1 X32.52 Y152.32 S300.00 F1000

; Pass 0 Path 3840
G0 X32.52 Y152.42
G1 X33.52 Y152.42 S300.00 F1000

; Pass 0 Path 3841
G0 X33.52 Y152.52
G1 X32.52 Y152.52 S300.00 F1000

; Pass 0 Path 3842
G0 X32.52 Y152.62
G1 X33.52 Y152.62 S300.00 F1000

; Pass 0 Path 3843
G0 X33.52 Y152.72
G1 X32.52 Y152.72 S300.00 F1000

; Pass 0 Path 3844
G0 X32.52 Y152.82
G1 X33.52 Y152.82 S300.00 F1000

; Pass 0 Path 3845
G0 X33.52 Y152.92
G1 X32.52 Y152.92 S300.00 F1000

; Pass 0 Path 3846
G0 X32.52 Y153.02
G1 X33.52 Y153.02 S300.00 F1000

; Pass 0 Path 3847
G0 X33.52 Y153.12
G1 X32.52 Y153.12 S300.00 F1000

; Pass 0 Path 3848
G0 X32.52 Y153.22
G1 X33.52 Y153.22 S300.00 F1000

; Pass 0 Path 3849
G0 X33.52 Y153.32
G1 X32.52 Y153.32 S300.00 F1000

; Pass 0 Path 3850
G0 X32.52 Y153.42
G1 X33.52 Y153.42 S300.00 F1000

; Pass 0 Path 3851
G0 X33.52 Y153.52
G1 X32.52 Y153.52 S300.00 F1000

; Pass 0 Path 3852
G0 X32.52 Y153.62
G1 X33.52 Y153.62 S300.00 F1000

; Pass 0 Path 3853
G0 X33.52 Y153.72
G1 X32.52 Y153.72 S300.00 F1000

; Pass 0 Path 3854
G0 X32.52 Y153.82
G1 X33.52 Y153.82 S300.00 F1000

; Pass 0 Path 3855
G0 X33.52 Y153.92
G1 X32.52 Y153.92 S300.00 F1000

; Pass 0 Path 3856
G0 X32.52 Y154.02
G1 X33.52 Y154.02 S300.00 F1000

; Pass 0 Path 3857
G0 X33.52 Y154.12
G1 X32.52 Y154.12 S300.00 F1000

; Pass 0 Path 3858
G0 X32.52 Y154.22
G1 X33.52 Y154.22 S300.00 F1000

; Pass 0 Path 3859
G0 X33.52 Y154.32
G1 X32.52 Y154.32 S300.00 F1000

; Pass 0 Path 3860
G0 X32.52 Y154.42
G1 X33.52 Y154.42 S300.00 F1000

; Pass 0 Path 3861
G0 X33.52 Y154.52
G1 X32.52 Y154.52 S300.00 F1000

; Pass 0 Path 3862
G0 X32.52 Y154.62
G1 X33.52 Y154.62 S300.00 F1000

; Pass 0 Path 3863
G0 X33.52 Y154.72
G1 X32.52 Y154.72 S300.00 F1000

; Pass 0 Path 3864
G0 X32.52 Y154.82
G1 X33.52 Y154.82 S300.00 F1000

; Pass 0 Path 3865
G0 X33.52 Y154.92
G1 X32.52 Y154.92 S300.00 F1000

; Pass 0 Path 3866
G0 X32.52 Y155.02
G1 X33.52 Y155.02 S300.00 F1000

; Pass 0 Path 3867
G0 X33.52 Y155.12
G1 X32.52 Y155.12 S300.00 F1000

; Pass 0 Path 3868
G0 X32.52 Y155.22
G1 X33.52 Y155.22 S300.00 F1000

; Pass 0 Path 3869
G0 X33.52 Y155.32
G1 X32.52 Y155.32 S300.00 F1000

; Pass 0 Path 3870
G0 X32.52 Y155.42
G1 X33.52 Y155.42 S300.00 F1000

; Pass 0 Path 3871
G0 X33.52 Y155.52
G1 X32.52 Y155.52 S300.00 F1000

; Pass 0 Path 3872
G0 X32.52 Y155.62
G1 X33.52 Y155.62 S300.00 F1000

; Pass 0 Path 3873
G0 X33.52 Y155.72
G1 X32.52 Y155.72 S300.00 F1000

; Pass 0 Path 3874
G0 X32.52 Y155.82
G1 X33.52 Y155.82 S300.00 F1000

; Pass 0 Path 3875
G0 X33.52 Y155.92
G1 X32.52 Y155.92 S300.00 F1000

; Pass 0 Path 3876
G0 X32.52 Y156.02
G1 X33.52 Y156.02 S300.00 F1000

; Pass 0 Path 3877
G0 X33.52 Y156.12
G1 X32.52 Y156.12 S300.00 F1000

; Pass 0 Path 3878
G0 X32.52 Y156.22
G1 X33.52 Y156.22 S300.00 F1000

; Pass 0 Path 3879
G0 X33.52 Y156.32
G1 X32.52 Y156.32 S300.00 F1000

; Pass 0 Path 3880
G0 X32.52 Y156.42
G1 X33.52 Y156.42 S300.00 F1000

; Pass 0 Path 3881
G0 X33.52 Y156.52
G1 X32.52 Y156.52 S300.00 F1000

; Pass 0 Path 3882
G0 X32.52 Y156.62
G1 X33.52 Y156.62 S300.00 F1000

; Pass 0 Path 3883
G0 X33.52 Y156.72
G1 X32.52 Y156.72 S300.00 F1000

; Pass 0 Path 3884
G0 X32.52 Y156.82
G1 X33.52 Y156.82 S300.00 F1000

; Pass 0 Path 3885
G0 X33.52 Y156.92
G1 X32.52 Y156.92 S300.00 F1000

; Pass 0 Path 3886
G0 X32.52 Y157.02
G1 X33.52 Y157.02 S300.00 F1000

; Pass 0 Path 3887
G0 X33.52 Y157.12
G1 X32.52 Y157.12 S300.00 F1000

; Pass 0 Path 3888
G0 X32.52 Y157.22
G1 X33.52 Y157.22 S300.00 F1000

; Pass 0 Path 3889
G0 X33.52 Y157.32
G1 X32.52 Y157.32 S300.00 F1000

; Pass 0 Path 3890
G0 X32.52 Y157.42
G1 X33.52 Y157.42 S300.00 F1000

; Pass 0 Path 3891
G0 X33.52 Y157.52
G1 X32.52 Y157.52 S300.00 F1000

; Pass 0 Path 3892
G0 X32.52 Y157.62
G1 X33.52 Y157.62 S300.00 F1000

; Pass 0 Path 3893
G0 X33.52 Y157.72
G1 X32.52 Y157.72 S300.00 F1000

; Pass 0 Path 3894
G0 X32.52 Y157.82
G1 X33.52 Y157.82 S300.00 F1000

; Pass 0 Path 3895
G0 X33.52 Y157.92
G1 X32.52 Y157.92 S300.00 F1000

; Pass 0 Path 3896
G0 X32.52 Y158.02
G1 X33.52 Y158.02 S300.00 F1000

; Pass 0 Path 3897
G0 X33.52 Y158.12
G1 X32.52 Y158.12 S300.00 F1000

; Pass 0 Path 3898
G0 X32.52 Y158.22
G1 X33.52 Y158.22 S300.00 F1000

; Pass 0 Path 3899
G0 X33.52 Y158.32
G1 X32.52 Y158.32 S300.00 F1000

; Pass 0 Path 3900
G0 X32.52 Y158.42
G1 X33.52 Y158.42 S300.00 F1000

; Pass 0 Path 3901
G0 X33.52 Y158.52
G1 X32.52 Y158.52 S300.00 F1000

; Pass 0 Path 3902
G0 X32.52 Y158.62
G1 X33.52 Y158.62 S300.00 F1000

; Pass 0 Path 3903
G0 X33.52 Y158.72
G1 X32.52 Y158.72 S300.00 F1000

; Pass 0 Path 3904
G0 X32.52 Y158.82
G1 X33.52 Y158.82 S300.00 F1000

; Pass 0 Path 3905
G0 X33.52 Y158.92
G1 X32.52 Y158.92 S300.00 F1000

; Pass 0 Path 3906
G0 X32.52 Y159.02
G1 X33.52 Y159.02 S300.00 F1000

; Pass 0 Path 3907
G0 X33.52 Y159.12
G1 X32.52 Y159.12 S300.00 F1000

; Pass 0 Path 3908
G0 X32.52 Y159.22
G1 X33.52 Y159.22 S300.00 F1000

; Pass 0 Path 3909
G0 X33.52 Y159.32
G1 X32.52 Y159.32 S300.00 F1000

; Pass 0 Path 3910
G0 X32.52 Y159.42
G1 X33.52 Y159.42 S300.00 F1000

; Pass 0 Path 3911
G0 X33.52 Y159.52
G1 X32.52 Y159.52 S300.00 F1000

; Pass 0 Path 3912
G0 X32.52 Y159.62
G1 X33.52 Y159.62 S300.00 F1000

; Pass 0 Path 3913
G0 X33.52 Y159.72
G1 X32.52 Y159.72 S300.00 F1000

; Pass 0 Path 3914
G0 X32.52 Y159.82
G1 X33.52 Y159.82 S300.00 F1000

; Pass 0 Path 3915
G0 X33.52 Y159.92
G1 X32.52 Y159.92 S300.00 F1000

; Pass 0 Path 3916
G0 X32.52 Y160.02
G1 X33.52 Y160.02 S300.00 F1000

; Pass 0 Path 3917
G0 X33.52 Y160.12
G1 X32.52 Y160.12 S300.00 F1000

; Pass 0 Path 3918
G0 X32.52 Y160.22
G1 X33.52 Y160.22 S300.00 F1000

; Pass 0 Path 3919
G0 X33.52 Y160.32
G1 X32.52 Y160.32 S300.00 F1000

; Pass 0 Path 3920
G0 X32.52 Y160.42
G1 X33.52 Y160.42 S300.00 F1000

; Pass 0 Path 3921
G0 X33.52 Y160.52
G1 X32.52 Y160.52 S300.00 F1000

; Pass 0 Path 3922
G0 X32.52 Y160.62
G1 X33.52 Y160.62 S300.00 F1000

; Pass 0 Path 3923
G0 X33.52 Y160.72
G1 X32.52 Y160.72 S300.00 F1000

; Pass 0 Path 3924
G0 X32.52 Y160.82
G1 X33.52 Y160.82 S300.00 F1000

; Pass 0 Path 3925
G0 X33.52 Y160.92
G1 X32.52 Y160.92 S300.00 F1000

; Pass 0 Path 3926
G0 X32.52 Y161.02
G1 X33.52 Y161.02 S300.00 F1000

; Pass 0 Path 3927
G0 X33.52 Y161.12
G1 X32.52 Y161.12 S300.00 F1000

; Pass 0 Path 3928
G0 X32.52 Y161.22
G1 X33.52 Y161.22 S300.00 F1000

; Pass 0 Path 3929
G0 X33.52 Y161.32
G1 X32.52 Y161.32 S300.00 F1000

; Pass 0 Path 3930
G0 X32.52 Y161.42
G1 X33.52 Y161.42 S300.00 F1000

; Pass 0 Path 3931
G0 X33.52 Y161.52
G1 X32.52 Y161.52 S300.00 F1000

; Pass 0 Path 3932
G0 X32.52 Y161.62
G1 X33.52 Y161.62 S300.00 F1000

; Pass 0 Path 3933
G0 X33.52 Y161.72
G1 X32.52 Y161.72 S300.00 F1000

; Pass 0 Path 3934
G0 X32.52 Y161.82
G1 X33.52 Y161.82 S300.00 F1000

; Pass 0 Path 3935
G0 X33.52 Y161.92
G1 X32.52 Y161.92 S300.00 F1000

; Pass 0 Path 3936
G0 X32.52 Y162.02
G1 X33.52 Y162.02 S300.00 F1000

; Pass 0 Path 3937
G0 X33.52 Y162.12
G1 X32.52 Y162.12 S300.00 F1000

; Pass 0 Path 3938
G0 X32.52 Y162.22
G1 X33.52 Y162.22 S300.00 F1000

; Pass 0 Path 3939
G0 X33.52 Y162.32
G1 X32.52 Y162.32 S300.00 F1000

; Pass 0 Path 3940
G0 X32.52 Y162.42
G1 X33.52 Y162.42 S300.00 F1000

; Pass 0 Path 3941
G0 X33.52 Y162.52
G1 X32.52 Y162.52 S300.00 F1000

; Pass 0 Path 3942
G0 X32.52 Y162.62
G1 X33.52 Y162.62 S300.00 F1000

; Pass 0 Path 3943
G0 X33.52 Y162.72
G1 X32.52 Y162.72 S300.00 F1000

; Pass 0 Path 3944
G0 X32.52 Y162.82
G1 X33.52 Y162.82 S300.00 F1000

; Pass 0 Path 3945
G0 X33.52 Y162.92
G1 X32.52 Y162.92 S300.00 F1000

; Pass 0 Path 3946
G0 X32.52 Y163.02
G1 X33.52 Y163.02 S300.00 F1000

; Pass 0 Path 3947
G0 X33.52 Y163.12
G1 X32.52 Y163.12 S300.00 F1000

; Pass 0 Path 3948
G0 X32.52 Y163.22
G1 X33.52 Y163.22 S300.00 F1000

; Pass 0 Path 3949
G0 X33.52 Y163.32
G1 X32.52 Y163.32 S300.00 F1000

; Pass 0 Path 3950
G0 X32.52 Y163.42
G1 X33.52 Y163.42 S300.00 F1000

; Pass 0 Path 3951
G0 X33.52 Y163.52
G1 X32.52 Y163.52 S300.00 F1000

; Pass 0 Path 3952
G0 X32.52 Y163.62
G1 X33.52 Y163.62 S300.00 F1000

; Pass 0 Path 3953
G0 X33.52 Y163.72
G1 X32.52 Y163.72 S300.00 F1000

; Pass 0 Path 3954
G0 X32.52 Y163.82
G1 X33.52 Y163.82 S300.00 F1000

; Pass 0 Path 3955
G0 X33.52 Y163.92
G1 X32.52 Y163.92 S300.00 F1000

; Pass 0 Path 3956
G0 X32.52 Y164.02
G1 X33.52 Y164.02 S300.00 F1000

; Pass 0 Path 3957
G0 X33.52 Y164.12
G1 X32.52 Y164.12 S300.00 F1000

; Pass 0 Path 3958
G0 X32.52 Y164.22
G1 X33.52 Y164.22 S300.00 F1000

; Pass 0 Path 3959
G0 X33.52 Y164.32
G1 X32.52 Y164.32 S300.00 F1000

; Pass 0 Path 3960
G0 X32.52 Y164.42
G1 X33.52 Y164.42 S300.00 F1000

; Pass 0 Path 3961
G0 X33.52 Y164.52
G1 X32.52 Y164.52 S300.00 F1000

; Pass 0 Path 3962
G0 X32.52 Y164.62
G1 X33.52 Y164.62 S300.00 F1000

; Pass 0 Path 3963
G0 X33.52 Y164.72
G1 X32.52 Y164.72 S300.00 F1000

; Pass 0 Path 3964
G0 X32.52 Y164.82
G1 X33.52 Y164.82 S300.00 F1000

; Pass 0 Path 3965
G0 X33.52 Y164.92
G1 X32.52 Y164.92 S300.00 F1000

; Pass 0 Path 3966
G0 X32.52 Y165.02
G1 X33.52 Y165.02 S300.00 F1000

; Pass 0 Path 3967
G0 X33.52 Y165.12
G1 X32.52 Y165.12 S300.00 F1000

; Pass 0 Path 3968
G0 X32.52 Y165.22
G1 X33.52 Y165.22 S300.00 F1000

; Pass 0 Path 3969
G0 X33.52 Y165.32
G1 X32.52 Y165.32 S300.00 F1000

; Pass 0 Path 3970
G0 X32.52 Y165.42
G1 X33.52 Y165.42 S300.00 F1000

; Pass 0 Path 3971
G0 X33.52 Y165.52
G1 X32.52 Y165.52 S300.00 F1000

; Pass 0 Path 3972
G0 X32.52 Y165.62
G1 X33.52 Y165.62 S300.00 F1000

; Pass 0 Path 3973
G0 X33.52 Y165.72
G1 X32.52 Y165.72 S300.00 F1000

; Pass 0 Path 3974
G0 X32.52 Y165.82
G1 X33.52 Y165.82 S300.00 F1000

; Pass 0 Path 3975
G0 X33.52 Y165.92
G1 X32.52 Y165.92 S300.00 F1000

; Pass 0 Path 3976
G0 X32.52 Y166.02
G1 X33.52 Y166.02 S300.00 F1000

; Pass 0 Path 3977
G0 X33.52 Y166.12
G1 X32.52 Y166.12 S300.00 F1000

; Pass 0 Path 3978
G0 X32.52 Y166.22
G1 X33.52 Y166.22 S300.00 F1000

; Pass 0 Path 3979
G0 X33.52 Y166.32
G1 X32.52 Y166.32 S300.00 F1000

; Pass 0 Path 3980
G0 X32.52 Y166.42
G1 X33.52 Y166.42 S300.00 F1000

; Pass 0 Path 3981
G0 X33.52 Y166.52
G1 X32.52 Y166.52 S300.00 F1000

; Pass 0 Path 3982
G0 X32.52 Y166.62
G1 X33.52 Y166.62 S300.00 F1000

; Pass 0 Path 3983
G0 X33.52 Y166.72
G1 X32.52 Y166.72 S300.00 F1000

; Pass 0 Path 3984
G0 X32.52 Y166.82
G1 X33.52 Y166.82 S300.00 F1000

; Pass 0 Path 3985
G0 X33.52 Y166.92
G1 X32.52 Y166.92 S300.00 F1000

; Pass 0 Path 3986
G0 X32.52 Y167.02
G1 X33.52 Y167.02 S300.00 F1000

; Pass 0 Path 3987
G0 X33.52 Y167.12
G1 X32.52 Y167.12 S300.00 F1000

; Pass 0 Path 3988
G0 X32.52 Y167.22
G1 X33.52 Y167.22 S300.00 F1000

; Pass 0 Path 3989
G0 X33.52 Y167.32
G1 X32.52 Y167.32 S300.00 F1000

; Pass 0 Path 3990
G0 X32.52 Y167.42
G1 X33.52 Y167.42 S300.00 F1000

; Pass 0 Path 3991
G0 X33.52 Y167.52
G1 X32.52 Y167.52 S300.00 F1000

; Pass 0 Path 3992
G0 X32.52 Y167.62
G1 X33.52 Y167.62 S300.00 F1000

; Pass 0 Path 3993
G0 X33.52 Y167.72
G1 X32.52 Y167.72 S300.00 F1000

; Pass 0 Path 3994
G0 X32.52 Y167.82
G1 X33.52 Y167.82 S300.00 F1000

; Pass 0 Path 3995
G0 X33.52 Y167.92
G1 X32.52 Y167.92 S300.00 F1000

; Pass 0 Path 3996
G0 X32.52 Y168.02
G1 X33.52 Y168.02 S300.00 F1000

; Pass 0 Path 3997
G0 X33.52 Y168.12
G1 X32.52 Y168.12 S300.00 F1000

; Pass 0 Path 3998
G0 X32.52 Y168.22
G1 X33.52 Y168.22 S300.00 F1000

; Pass 0 Path 3999
G0 X33.52 Y168.32
G1 X32.52 Y168.32 S300.00 F1000

; Pass 0 Path 4000
G0 X32.52 Y168.42
G1 X33.52 Y168.42 S300.00 F1000

; Pass 0 Path 4001
G0 X33.52 Y168.52
G1 X32.52 Y168.52 S300.00 F1000

; Pass 0 Path 4002
G0 X32.52 Y168.62
G1 X33.52 Y168.62 S300.00 F1000

; Pass 0 Path 4003
G0 X33.52 Y168.72
G1 X32.52 Y168.72 S300.00 F1000

; Pass 0 Path 4004
G0 X32.52 Y168.82
G1 X33.52 Y168.82 S300.00 F1000

; Pass 0 Path 4005
G0 X33.52 Y168.92
G1 X32.52 Y168.92 S300.00 F1000

; Pass 0 Path 4006
G0 X32.52 Y169.02
G1 X33.52 Y169.02 S300.00 F1000

; Pass 0 Path 4007
G0 X33.52 Y169.12
G1 X32.52 Y169.12 S300.00 F1000

; Pass 0 Path 4008
G0 X32.52 Y169.22
G1 X33.52 Y169.22 S300.00 F1000

; Pass 0 Path 4009
G0 X33.52 Y169.32
G1 X32.52 Y169.32 S300.00 F1000

; Pass 0 Path 4010
G0 X32.52 Y169.42
G1 X33.52 Y169.42 S300.00 F1000

; Pass 0 Path 4011
G0 X33.52 Y169.52
G1 X32.52 Y169.52 S300.00 F1000

; Pass 0 Path 4012
G0 X32.52 Y169.62
G1 X33.52 Y169.62 S300.00 F1000

; Pass 0 Path 4013
G0 X33.52 Y169.72
G1 X32.52 Y169.72 S300.00 F1000

; Pass 0 Path 4014
G0 X32.52 Y169.82
G1 X33.52 Y169.82 S300.00 F1000

; Pass 0 Path 4015
G0 X33.52 Y169.92
G1 X32.52 Y169.92 S300.00 F1000

; Pass 0 Path 4016
G0 X32.52 Y170.02
G1 X33.52 Y170.02 S300.00 F1000

; Pass 0 Path 4017
G0 X33.52 Y170.12
G1 X32.52 Y170.12 S300.00 F1000

; Pass 0 Path 4018
G0 X32.52 Y170.22
G1 X33.52 Y170.22 S300.00 F1000

; Pass 0 Path 4019
G0 X33.52 Y170.32
G1 X32.52 Y170.32 S300.00 F1000

; Pass 0 Path 4020
G0 X32.52 Y170.42
G1 X33.52 Y170.42 S300.00 F1000

; Pass 0 Path 4021
G0 X33.52 Y170.52
G1 X32.52 Y170.52 S300.00 F1000

; Pass 0 Path 4022
G0 X32.52 Y170.62
G1 X33.52 Y170.62 S300.00 F1000

; Pass 0 Path 4023
G0 X33.52 Y170.72
G1 X32.52 Y170.72 S300.00 F1000

; Pass 0 Path 4024
G0 X32.52 Y170.82
G1 X33.52 Y170.82 S300.00 F1000

; Pass 0 Path 4025
G0 X33.52 Y170.92
G1 X32.52 Y170.92 S300.00 F1000

; Pass 0 Path 4026
G0 X32.52 Y171.02
G1 X33.52 Y171.02 S300.00 F1000

; Pass 0 Path 4027
G0 X33.52 Y171.12
G1 X32.52 Y171.12 S300.00 F1000

; Pass 0 Path 4028
G0 X32.52 Y171.22
G1 X33.52 Y171.22 S300.00 F1000

; Pass 0 Path 4029
G0 X33.52 Y171.32
G1 X32.52 Y171.32 S300.00 F1000

; Pass 0 Path 4030
G0 X32.52 Y171.42
G1 X33.52 Y171.42 S300.00 F1000

; Pass 0 Path 4031
G0 X33.52 Y171.52
G1 X32.52 Y171.52 S300.00 F1000

; Pass 0 Path 4032
G0 X32.52 Y171.62
G1 X33.52 Y171.62 S300.00 F1000

; Pass 0 Path 4033
G0 X33.52 Y171.72
G1 X32.52 Y171.72 S300.00 F1000

; Pass 0 Path 4034
G0 X32.52 Y171.82
G1 X33.52 Y171.82 S300.00 F1000

; Pass 0 Path 4035
G0 X33.52 Y171.92
G1 X32.52 Y171.92 S300.00 F1000

; Pass 0 Path 4036
G0 X32.52 Y172.02
G1 X33.52 Y172.02 S300.00 F1000

; Pass 0 Path 4037
G0 X33.52 Y172.12
G1 X32.52 Y172.12 S300.00 F1000

; Pass 0 Path 4038
G0 X32.52 Y172.22
G1 X33.52 Y172.22 S300.00 F1000

; Pass 0 Path 4039
G0 X33.52 Y172.32
G1 X32.52 Y172.32 S300.00 F1000

; Pass 0 Path 4040
G0 X32.52 Y172.42
G1 X33.52 Y172.42 S300.00 F1000

; Pass 0 Path 4041
G0 X33.52 Y172.52
G1 X32.52 Y172.52 S300.00 F1000

; Pass 0 Path 4042
G0 X32.52 Y172.62
G1 X33.52 Y172.62 S300.00 F1000

; Pass 0 Path 4043
G0 X33.52 Y172.72
G1 X32.52 Y172.72 S300.00 F1000

; Pass 0 Path 4044
G0 X32.52 Y172.82
G1 X33.52 Y172.82 S300.00 F1000

; Pass 0 Path 4045
G0 X33.52 Y172.92
G1 X32.52 Y172.92 S300.00 F1000

; Pass 0 Path 4046
G0 X32.52 Y173.02
G1 X33.52 Y173.02 S300.00 F1000

; Pass 0 Path 4047
G0 X33.52 Y173.12
G1 X32.52 Y173.12 S300.00 F1000

; Pass 0 Path 4048
G0 X32.52 Y173.22
G1 X33.52 Y173.22 S300.00 F1000

; Pass 0 Path 4049
G0 X33.52 Y173.32
G1 X32.52 Y173.32 S300.00 F1000

; Pass 0 Path 4050
G0 X32.52 Y173.42
G1 X33.52 Y173.42 S300.00 F1000

; Pass 0 Path 4051
G0 X33.52 Y173.52
G1 X32.52 Y173.52 S300.00 F1000

; Pass 0 Path 4052
G0 X32.52 Y173.62
G1 X33.52 Y173.62 S300.00 F1000

; Pass 0 Path 4053
G0 X33.52 Y173.72
G1 X32.52 Y173.72 S300.00 F1000

; Pass 0 Path 4054
G0 X32.52 Y173.82
G1 X33.52 Y173.82 S300.00 F1000

; Pass 0 Path 4055
G0 X33.52 Y173.92
G1 X32.52 Y173.92 S300.00 F1000

; Pass 0 Path 4056
G0 X32.52 Y174.02
G1 X33.52 Y174.02 S300.00 F1000

; Pass 0 Path 4057
G0 X33.52 Y174.12
G1 X32.52 Y174.12 S300.00 F1000

; Pass 0 Path 4058
G0 X32.52 Y174.22
G1 X33.52 Y174.22 S300.00 F1000

; Pass 0 Path 4059
G0 X33.52 Y174.32
G1 X32.52 Y174.32 S300.00 F1000

; Pass 0 Path 4060
G0 X32.52 Y174.42
G1 X33.52 Y174.42 S300.00 F1000

; Pass 0 Path 4061
G0 X33.52 Y174.52
G1 X32.52 Y174.52 S300.00 F1000

; Pass 0 Path 4062
G0 X32.52 Y174.62
G1 X33.52 Y174.62 S300.00 F1000

; Pass 0 Path 4063
G0 X33.52 Y174.72
G1 X32.52 Y174.72 S300.00 F1000

; Pass 0 Path 4064
G0 X32.52 Y174.82
G1 X33.52 Y174.82 S300.00 F1000

; Pass 0 Path 4065
G0 X33.52 Y174.92
G1 X32.52 Y174.92 S300.00 F1000

; Pass 0 Path 4066
G0 X32.52 Y175.02
G1 X33.52 Y175.02 S300.00 F1000

; Pass 0 Path 4067
G0 X33.52 Y175.12
G1 X32.52 Y175.12 S300.00 F1000

; Pass 0 Path 4068
G0 X32.52 Y175.22
G1 X33.52 Y175.22 S300.00 F1000

; Pass 0 Path 4069
G0 X33.52 Y175.32
G1 X32.52 Y175.32 S300.00 F1000

; Pass 0 Path 4070
G0 X32.52 Y175.42
G1 X33.52 Y175.42 S300.00 F1000

; Pass 0 Path 4071
G0 X33.52 Y175.52
G1 X32.52 Y175.52 S300.00 F1000

; Pass 0 Path 4072
G0 X32.52 Y175.62
G1 X33.52 Y175.62 S300.00 F1000

; Pass 0 Path 4073
G0 X33.52 Y175.72
G1 X32.52 Y175.72 S300.00 F1000

; Pass 0 Path 4074
G0 X32.52 Y175.82
G1 X33.52 Y175.82 S300.00 F1000

; Pass 0 Path 4075
G0 X33.53 Y175.92
G1 X32.52 Y175.92 S300.00 F1000

; Pass 0 Path 4076
G0 X32.53 Y176.02
G1 X33.53 Y176.02 S300.00 F1000

; Pass 0 Path 4077
G0 X33.55 Y176.12
G1 X32.54 Y176.12 S300.00 F1000

; Pass 0 Path 4078
G0 X32.55 Y176.22
G1 X33.57 Y176.22 S300.00 F1000

; Pass 0 Path 4079
G0 X33.59 Y176.32
G1 X32.57 Y176.32 S300.00 F1000

; Pass 0 Path 4080
G0 X32.59 Y176.42
G1 X33.62 Y176.42 S300.00 F1000

; Pass 0 Path 4081
G0 X33.66 Y176.52
G1 X32.61 Y176.52 S300.00 F1000

; Pass 0 Path 4082
G0 X32.64 Y176.62
G1 X33.70 Y176.62 S300.00 F1000

; Pass 0 Path 4083
G0 X33.75 Y176.72
G1 X32.67 Y176.72 S300.00 F1000

; Pass 0 Path 4084
G0 X32.71 Y176.82
G1 X33.81 Y176.82 S300.00 F1000

; Pass 0 Path 4085
G0 X33.87 Y176.92
G1 X32.75 Y176.92 S300.00 F1000

; Pass 0 Path 4086
G0 X32.79 Y177.02
G1 X33.94 Y177.02 S300.00 F1000

; Pass 0 Path 4087
G0 X34.03 Y177.12
G1 X32.84 Y177.12 S300.00 F1000

; Pass 0 Path 4088
G0 X32.89 Y177.22
G1 X34.12 Y177.22 S300.00 F1000

; Pass 0 Path 4089
G0 X34.23 Y177.32
G1 X32.95 Y177.32 S300.00 F1000

; Pass 0 Path 4090
G0 X33.01 Y177.42
G1 X34.36 Y177.42 S300.00 F1000

; Pass 0 Path 4091
G0 X34.51 Y177.52
G1 X33.08 Y177.52 S300.00 F1000

; Pass 0 Path 4092
G0 X33.15 Y177.62
G1 X34.70 Y177.62 S300.00 F1000

; Pass 0 Path 4093
G0 X34.97 Y177.72
G1 X33.24 Y177.72 S300.00 F1000

; Pass 0 Path 4094
G0 X33.32 Y177.82
G1 X93.68 Y177.82 S300.00 F1000

; Pass 0 Path 4095
G0 X93.76 Y177.72
G1 X92.03 Y177.72 S300.00 F1000

; Pass 0 Path 4096
G0 X92.30 Y177.62
G1 X93.85 Y177.62 S300.00 F1000

; Pass 0 Path 4097
G0 X93.92 Y177.52
G1 X92.49 Y177.52 S300.00 F1000

; Pass 0 Path 4098
G0 X92.64 Y177.42
G1 X93.99 Y177.42 S300.00 F1000

; Pass 0 Path 4099
G0 X94.05 Y177.32
G1 X92.77 Y177.32 S300.00 F1000

; Pass 0 Path 4100
G0 X92.88 Y177.22
G1 X94.11 Y177.22 S300.00 F1000

; Pass 0 Path 4101
G0 X94.16 Y177.12
G1 X92.97 Y177.12 S300.00 F1000

; Pass 0 Path 4102
G0 X93.06 Y177.02
G1 X94.21 Y177.02 S300.00 F1000

; Pass 0 Path 4103
G0 X94.25 Y176.92
G1 X93.13 Y176.92 S300.00 F1000

; Pass 0 Path 4104
G0 X93.19 Y176.82
G1 X94.29 Y176.82 S300.00 F1000

; Pass 0 Path 4105
G0 X94.33 Y176.72
G1 X93.25 Y176.72 S300.00 F1000

; Pass 0 Path 4106
G0 X93.30 Y176.62
G1 X94.36 Y176.62 S300.00 F1000

; Pass 0 Path 4107
G0 X94.39 Y176.52
G1 X93.34 Y176.52 S300.00 F1000

; Pass 0 Path 4108
G0 X93.38 Y176.42
G1 X94.41 Y176.42 S300.00 F1000

; Pass 0 Path 4109
G0 X94.43 Y176.32
G1 X93.41 Y176.32 S300.00 F1000

; Pass 0 Path 4110
G0 X93.43 Y176.22
G1 X94.45 Y176.22 S300.00 F1000

; Pass 0 Path 4111
G0 X94.46 Y176.12
G1 X93.45 Y176.12 S300.00 F1000

; Pass 0 Path 4112
G0 X93.47 Y176.02
G1 X94.47 Y176.02 S300.00 F1000

; Pass 0 Path 4113
G0 X94.48 Y175.92
G1 X93.47 Y175.92 S300.00 F1000

; Pass 0 Path 4114
G0 X93.48 Y175.82
G1 X94.48 Y175.82 S300.00 F1000

; Pass 0 Path 4115
G0 X94.48 Y175.72
G1 X93.48 Y175.72 S300.00 F1000

; Pass 0 Path 4116
G0 X93.48 Y175.62
G1 X94.48 Y175.62 S300.00 F1000

; Pass 0 Path 4117
G0 X94.48 Y175.52
G1 X93.48 Y175.52 S300.00 F1000

; Pass 0 Path 4118
G0 X93.48 Y175.42
G1 X94.48 Y175.42 S300.00 F1000

; Pass 0 Path 4119
G0 X94.48 Y175.32
G1 X93.48 Y175.32 S300.00 F1000

; Pass 0 Path 4120
G0 X93.48 Y175.22
G1 X94.48 Y175.22 S300.00 F1000

; Pass 0 Path 4121
G0 X94.48 Y175.12
G1 X93.48 Y175.12 S300.00 F1000

; Pass 0 Path 4122
G0 X93.48 Y175.02
G1 X94.48 Y175.02 S300.00 F1000

; Pass 0 Path 4123
G0 X94.48 Y174.92
G1 X93.48 Y174.92 S300.00 F1000

; Pass 0 Path 4124
G0 X93.48 Y174.82
G1 X94.48 Y174.82 S300.00 F1000

; Pass 0 Path 4125
G0 X94.48 Y174.72
G1 X93.48 Y174.72 S300.00 F1000

; Pass 0 Path 4126
G0 X93.48 Y174.62
G1 X94.48 Y174.62 S300.00 F1000

; Pass 0 Path 4127
G0 X94.48 Y174.52
G1 X93.48 Y174.52 S300.00 F1000

; Pass 0 Path 4128
G0 X93.48 Y174.42
G1 X94.48 Y174.42 S300.00 F1000

; Pass 0 Path 4129
G0 X94.48 Y174.32
G1 X93.48 Y174.32 S300.00 F1000

; Pass 0 Path 4130
G0 X93.48 Y174.22
G1 X94.48 Y174.22 S300.00 F1000

; Pass 0 Path 4131
G0 X94.48 Y174.12
G1 X93.48 Y174.12 S300.00 F1000

; Pass 0 Path 4132
G0 X93.48 Y174.02
G1 X94.48 Y174.02 S300.00 F1000

; Pass 0 Path 4133
G0 X94.48 Y173.92
G1 X93.48 Y173.92 S300.00 F1000

; Pass 0 Path 4134
G0 X93.48 Y173.82
G1 X94.48 Y173.82 S300.00 F1000

; Pass 0 Path 4135
G0 X94.48 Y173.72
G1 X86.24 Y173.72 S300.00 F1000

; Pass 0 Path 4136
G0 X85.58 Y173.62
G1 X94.48 Y173.62 S300.00 F1000

; Pass 0 Path 4137
G0 X94.48 Y173.52
G1 X85.27 Y173.52 S300.00 F1000

; Pass 0 Path 4138
G0 X85.04 Y173.42
G1 X94.48 Y173.42 S300.00 F1000

; Pass 0 Path 4139
G0 X94.48 Y173.32
G1 X84.85 Y173.32 S300.00 F1000

; Pass 0 Path 4140
G0 X84.69 Y173.22
G1 X94.48 Y173.22 S300.00 F1000

; Pass 0 Path 4141
G0 X94.47 Y173.12
G1 X84.55 Y173.12 S300.00 F1000

; Pass 0 Path 4142
G0 X84.42 Y173.02
G1 X94.44 Y173.02 S300.00 F1000

; Pass 0 Path 4143
G0 X94.38 Y172.92
G1 X84.30 Y172.92 S300.00 F1000

; Pass 0 Path 4144
G0 X84.20 Y172.82
G1 X94.28 Y172.82 S300.00 F1000

; Pass 0 Path 4145
G0 X93.58 Y177.92
G1 X33.42 Y177.92 S300.00 F1000

; Pass 0 Path 4146
G0 X33.53 Y178.02
G1 X93.47 Y178.02 S300.00 F1000

; Pass 0 Path 4147
G0 X93.36 Y178.12
G1 X33.64 Y178.12 S300.00 F1000

; Pass 0 Path 4148
G0 X33.77 Y178.22
G1 X93.23 Y178.22 S300.00 F1000

; Pass 0 Path 4149
G0 X93.08 Y178.32
G1 X33.92 Y178.32 S300.00 F1000

; Pass 0 Path 4150
G0 X34.08 Y178.42
G1 X92.92 Y178.42 S300.00 F1000

; Pass 0 Path 4151
G0 X92.72 Y178.52
G1 X34.28 Y178.52 S300.00 F1000

; Pass 0 Path 4152
G0 X34.52 Y178.62
G1 X92.48 Y178.62 S300.00 F1000

; Pass 0 Path 4153
G0 X92.15 Y178.72
G1 X34.85 Y178.72 S300.00 F1000

; Pass 0 Path 4154
G0 X28.44 Y178.72
G1 X27.44 Y178.72 S300.00 F1000

; Pass 0 Path 4155
G0 X27.44 Y178.62
G1 X28.44 Y178.62 S300.00 F1000

; Pass 0 Path 4156
G0 X28.44 Y178.52
G1 X27.44 Y178.52 S300.00 F1000

; Pass 0 Path 4157
G0 X27.44 Y178.42
G1 X28.44 Y178.42 S300.00 F1000

; Pass 0 Path 4158
G0 X28.44 Y178.32
G1 X27.44 Y178.32 S300.00 F1000

; Pass 0 Path 4159
G0 X27.43 Y178.22
G1 X28.43 Y178.22 S300.00 F1000

; Pass 0 Path 4160
G0 X28.42 Y178.12
G1 X27.41 Y178.12 S300.00 F1000

; Pass 0 Path 4161
G0 X27.40 Y178.02
G1 X28.41 Y178.02 S300.00 F1000

; Pass 0 Path 4162
G0 X28.39 Y177.92
G1 X27.37 Y177.92 S300.00 F1000

; Pass 0 Path 4163
G0 X27.35 Y177.82
G1 X28.37 Y177.82 S300.00 F1000

; Pass 0 Path 4164
G0 X28.35 Y177.72
G1 X27.31 Y177.72 S300.00 F1000

; Pass 0 Path 4165
G0 X27.28 Y177.62
G1 X28.33 Y177.62 S300.00 F1000

; Pass 0 Path 4166
G0 X28.30 Y177.52
G1 X27.23 Y177.52 S300.00 F1000

; Pass 0 Path 4167
G0 X27.18 Y177.42
G1 X28.27 Y177.42 S300.00 F1000

; Pass 0 Path 4168
G0 X28.23 Y177.32
G1 X27.13 Y177.32 S300.00 F1000

; Pass 0 Path 4169
G0 X27.06 Y177.22
G1 X28.19 Y177.22 S300.00 F1000

; Pass 0 Path 4170
G0 X28.14 Y177.12
G1 X26.99 Y177.12 S300.00 F1000

; Pass 0 Path 4171
G0 X26.91 Y177.02
G1 X28.10 Y177.02 S300.00 F1000

; Pass 0 Path 4172
G0 X28.04 Y176.92
G1 X26.82 Y176.92 S300.00 F1000

; Pass 0 Path 4173
G0 X26.71 Y176.82
G1 X27.98 Y176.82 S300.00 F1000

; Pass 0 Path 4174
G0 X27.92 Y176.72
G1 X26.59 Y176.72 S300.00 F1000

; Pass 0 Path 4175
G0 X26.45 Y176.62
G1 X27.85 Y176.62 S300.00 F1000

; Pass 0 Path 4176
G0 X27.78 Y176.52
G1 X26.28 Y176.52 S300.00 F1000

; Pass 0 Path 4177
G0 X26.07 Y176.42
G1 X27.70 Y176.42 S300.00 F1000

; Pass 0 Path 4178
G0 X27.61 Y176.32
G1 X25.74 Y176.32 S300.00 F1000

; Pass 0 Path 4179
G0 X25.84 Y175.32
G1 X7.18 Y175.32 S300.00 F1000

; Pass 0 Path 4180
G0 X6.79 Y175.42
G1 X26.23 Y175.42 S300.00 F1000

; Pass 0 Path 4181
G0 X26.50 Y175.52
G1 X6.52 Y175.52 S300.00 F1000

; Pass 0 Path 4182
G0 X6.31 Y175.62
G1 X26.71 Y175.62 S300.00 F1000

; Pass 0 Path 4183
G0 X26.89 Y175.72
G1 X6.13 Y175.72 S300.00 F1000

; Pass 0 Path 4184
G0 X5.98 Y175.82
G1 X27.04 Y175.82 S300.00 F1000

; Pass 0 Path 4185
G0 X27.18 Y175.92
G1 X5.84 Y175.92 S300.00 F1000

; Pass 0 Path 4186
G0 X5.72 Y176.02
G1 X27.30 Y176.02 S300.00 F1000

; Pass 0 Path 4187
G0 X27.42 Y176.12
G1 X5.60 Y176.12 S300.00 F1000

; Pass 0 Path 4188
G0 X5.50 Y176.22
G1 X27.52 Y176.22 S300.00 F1000

; Pass 0 Path 4189
G0 X27.44 Y178.82
G1 X28.44 Y178.82 S300.00 F1000

; Pass 0 Path 4190
G0 X28.44 Y178.92
G1 X27.44 Y178.92 S300.00 F1000

; Pass 0 Path 4191
G0 X27.44 Y179.02
G1 X28.44 Y179.02 S300.00 F1000

; Pass 0 Path 4192
G0 X28.44 Y179.12
G1 X27.44 Y179.12 S300.00 F1000

; Pass 0 Path 4193
G0 X27.44 Y179.22
G1 X28.44 Y179.22 S300.00 F1000

; Pass 0 Path 4194
G0 X28.44 Y179.32
G1 X27.44 Y179.32 S300.00 F1000

; Pass 0 Path 4195
G0 X27.44 Y179.42
G1 X28.44 Y179.42 S300.00 F1000

; Pass 0 Path 4196
G0 X28.44 Y179.52
G1 X27.44 Y179.52 S300.00 F1000

; Pass 0 Path 4197
G0 X27.44 Y179.62
G1 X28.44 Y179.62 S300.00 F1000

; Pass 0 Path 4198
G0 X28.44 Y179.72
G1 X27.44 Y179.72 S300.00 F1000

; Pass 0 Path 4199
G0 X27.44 Y179.82
G1 X28.44 Y179.82 S300.00 F1000

; Pass 0 Path 4200
G0 X28.44 Y179.92
G1 X27.44 Y179.92 S300.00 F1000

; Pass 0 Path 4201
G0 X27.44 Y180.02
G1 X28.44 Y180.02 S300.00 F1000

; Pass 0 Path 4202
G0 X28.44 Y180.12
G1 X27.44 Y180.12 S300.00 F1000

; Pass 0 Path 4203
G0 X27.44 Y180.22
G1 X28.44 Y180.22 S300.00 F1000

; Pass 0 Path 4204
G0 X28.44 Y180.32
G1 X27.44 Y180.32 S300.00 F1000

; Pass 0 Path 4205
G0 X27.44 Y180.42
G1 X28.44 Y180.42 S300.00 F1000

; Pass 0 Path 4206
G0 X28.44 Y180.52
G1 X27.44 Y180.52 S300.00 F1000

; Pass 0 Path 4207
G0 X27.44 Y180.62
G1 X28.44 Y180.62 S300.00 F1000

; Pass 0 Path 4208
G0 X28.44 Y180.72
G1 X27.44 Y180.72 S300.00 F1000

; Pass 0 Path 4209
G0 X27.44 Y180.82
G1 X28.44 Y180.82 S300.00 F1000

; Pass 0 Path 4210
G0 X28.44 Y180.92
G1 X27.44 Y180.92 S300.00 F1000

; Pass 0 Path 4211
G0 X27.44 Y181.02
G1 X28.44 Y181.02 S300.00 F1000

; Pass 0 Path 4212
G0 X28.44 Y181.12
G1 X27.44 Y181.12 S300.00 F1000

; Pass 0 Path 4213
G0 X27.44 Y181.22
G1 X28.44 Y181.22 S300.00 F1000

; Pass 0 Path 4214
G0 X28.44 Y181.32
G1 X27.44 Y181.32 S300.00 F1000

; Pass 0 Path 4215
G0 X27.44 Y181.42
G1 X28.44 Y181.42 S300.00 F1000

; Pass 0 Path 4216
G0 X28.44 Y181.52
G1 X27.44 Y181.52 S300.00 F1000

; Pass 0 Path 4217
G0 X27.44 Y181.62
G1 X28.44 Y181.62 S300.00 F1000

; Pass 0 Path 4218
G0 X28.44 Y181.72
G1 X27.44 Y181.72 S300.00 F1000

; Pass 0 Path 4219
G0 X27.44 Y181.82
G1 X28.44 Y181.82 S300.00 F1000

; Pass 0 Path 4220
G0 X28.44 Y181.92
G1 X27.44 Y181.92 S300.00 F1000

; Pass 0 Path 4221
G0 X27.44 Y182.02
G1 X28.44 Y182.02 S300.00 F1000

; Pass 0 Path 4222
G0 X28.44 Y182.12
G1 X27.44 Y182.12 S300.00 F1000

; Pass 0 Path 4223
G0 X27.44 Y182.22
G1 X28.44 Y182.22 S300.00 F1000

; Pass 0 Path 4224
G0 X28.44 Y182.32
G1 X27.44 Y182.32 S300.00 F1000

; Pass 0 Path 4225
G0 X27.44 Y182.42
G1 X28.44 Y182.42 S300.00 F1000

; Pass 0 Path 4226
G0 X28.44 Y182.52
G1 X27.44 Y182.52 S300.00 F1000

; Pass 0 Path 4227
G0 X27.44 Y182.62
G1 X28.44 Y182.62 S300.00 F1000

; Pass 0 Path 4228
G0 X28.44 Y182.72
G1 X27.44 Y182.72 S300.00 F1000

; Pass 0 Path 4229
G0 X27.44 Y182.82
G1 X28.44 Y182.82 S300.00 F1000

; Pass 0 Path 4230
G0 X28.44 Y182.92
G1 X27.44 Y182.92 S300.00 F1000

; Pass 0 Path 4231
G0 X27.44 Y183.02
G1 X28.44 Y183.02 S300.00 F1000

; Pass 0 Path 4232
G0 X28.44 Y183.12
G1 X27.44 Y183.12 S300.00 F1000

; Pass 0 Path 4233
G0 X27.44 Y183.22
G1 X28.44 Y183.22 S300.00 F1000

; Pass 0 Path 4234
G0 X28.44 Y183.32
G1 X27.44 Y183.32 S300.00 F1000

; Pass 0 Path 4235
G0 X27.44 Y183.42
G1 X28.44 Y183.42 S300.00 F1000

; Pass 0 Path 4236
G0 X28.44 Y183.52
G1 X27.44 Y183.52 S300.00 F1000

; Pass 0 Path 4237
G0 X27.44 Y183.62
G1 X28.44 Y183.62 S300.00 F1000

; Pass 0 Path 4238
G0 X28.44 Y183.72
G1 X27.44 Y183.72 S300.00 F1000

; Pass 0 Path 4239
G0 X27.44 Y183.82
G1 X28.44 Y183.82 S300.00 F1000

; Pass 0 Path 4240
G0 X28.44 Y183.92
G1 X27.44 Y183.92 S300.00 F1000

; Pass 0 Path 4241
G0 X27.44 Y184.02
G1 X28.44 Y184.02 S300.00 F1000

; Pass 0 Path 4242
G0 X28.44 Y184.12
G1 X27.44 Y184.12 S300.00 F1000

; Pass 0 Path 4243
G0 X27.44 Y184.22
G1 X28.44 Y184.22 S300.00 F1000

; Pass 0 Path 4244
G0 X28.44 Y184.32
G1 X27.44 Y184.32 S300.00 F1000

; Pass 0 Path 4245
G0 X27.44 Y184.42
G1 X28.44 Y184.42 S300.00 F1000

; Pass 0 Path 4246
G0 X28.44 Y184.52
G1 X27.44 Y184.52 S300.00 F1000

; Pass 0 Path 4247
G0 X27.44 Y184.62
G1 X28.44 Y184.62 S300.00 F1000

; Pass 0 Path 4248
G0 X28.44 Y184.72
G1 X27.44 Y184.72 S300.00 F1000

; Pass 0 Path 4249
G0 X27.44 Y184.82
G1 X28.44 Y184.82 S300.00 F1000

; Pass 0 Path 4250
G0 X28.44 Y184.92
G1 X27.44 Y184.92 S300.00 F1000

; Pass 0 Path 4251
G0 X27.44 Y185.02
G1 X28.44 Y185.02 S300.00 F1000

; Pass 0 Path 4252
G0 X28.44 Y185.12
G1 X27.44 Y185.12 S300.00 F1000

; Pass 0 Path 4253
G0 X27.44 Y185.22
G1 X28.44 Y185.22 S300.00 F1000

; Pass 0 Path 4254
G0 X28.44 Y185.32
G1 X27.44 Y185.32 S300.00 F1000

; Pass 0 Path 4255
G0 X27.44 Y185.42
G1 X28.44 Y185.42 S300.00 F1000

; Pass 0 Path 4256
G0 X28.44 Y185.52
G1 X27.44 Y185.52 S300.00 F1000

; Pass 0 Path 4257
G0 X27.44 Y185.62
G1 X28.44 Y185.62 S300.00 F1000

; Pass 0 Path 4258
G0 X28.44 Y185.72
G1 X27.44 Y185.72 S300.00 F1000

; Pass 0 Path 4259
G0 X27.44 Y185.82
G1 X28.44 Y185.82 S300.00 F1000

; Pass 0 Path 4260
G0 X28.44 Y185.92
G1 X27.44 Y185.92 S300.00 F1000

; Pass 0 Path 4261
G0 X27.44 Y186.02
G1 X28.44 Y186.02 S300.00 F1000

; Pass 0 Path 4262
G0 X28.44 Y186.12
G1 X27.44 Y186.12 S300.00 F1000

; Pass 0 Path 4263
G0 X27.44 Y186.22
G1 X28.44 Y186.22 S300.00 F1000

; Pass 0 Path 4264
G0 X28.44 Y186.32
G1 X27.44 Y186.32 S300.00 F1000

; Pass 0 Path 4265
G0 X27.44 Y186.42
G1 X28.44 Y186.42 S300.00 F1000

; Pass 0 Path 4266
G0 X28.44 Y186.52
G1 X27.44 Y186.52 S300.00 F1000

; Pass 0 Path 4267
G0 X27.44 Y186.62
G1 X28.44 Y186.62 S300.00 F1000

; Pass 0 Path 4268
G0 X28.44 Y186.72
G1 X27.44 Y186.72 S300.00 F1000

; Pass 0 Path 4269
G0 X27.44 Y186.82
G1 X28.44 Y186.82 S300.00 F1000

; Pass 0 Path 4270
G0 X28.44 Y186.92
G1 X27.44 Y186.92 S300.00 F1000

; Pass 0 Path 4271
G0 X27.44 Y187.02
G1 X28.44 Y187.02 S300.00 F1000

; Pass 0 Path 4272
G0 X28.44 Y187.12
G1 X27.44 Y187.12 S300.00 F1000

; Pass 0 Path 4273
G0 X27.44 Y187.22
G1 X28.44 Y187.22 S300.00 F1000

; Pass 0 Path 4274
G0 X28.44 Y187.32
G1 X27.44 Y187.32 S300.00 F1000

; Pass 0 Path 4275
G0 X27.44 Y187.42
G1 X28.44 Y187.42 S300.00 F1000

; Pass 0 Path 4276
G0 X28.44 Y187.52
G1 X27.44 Y187.52 S300.00 F1000

; Pass 0 Path 4277
G0 X27.44 Y187.62
G1 X28.44 Y187.62 S300.00 F1000

; Pass 0 Path 4278
G0 X28.44 Y187.72
G1 X27.44 Y187.72 S300.00 F1000

; Pass 0 Path 4279
G0 X27.44 Y187.82
G1 X28.44 Y187.82 S300.00 F1000

; Pass 0 Path 4280
G0 X28.44 Y187.92
G1 X27.44 Y187.92 S300.00 F1000

; Pass 0 Path 4281
G0 X27.44 Y188.02
G1 X28.44 Y188.02 S300.00 F1000

; Pass 0 Path 4282
G0 X28.44 Y188.12
G1 X27.44 Y188.12 S300.00 F1000

; Pass 0 Path 4283
G0 X27.44 Y188.22
G1 X28.44 Y188.22 S300.00 F1000

; Pass 0 Path 4284
G0 X28.44 Y188.32
G1 X27.44 Y188.32 S300.00 F1000

; Pass 0 Path 4285
G0 X27.44 Y188.42
G1 X28.44 Y188.42 S300.00 F1000

; Pass 0 Path 4286
G0 X28.44 Y188.52
G1 X27.44 Y188.52 S300.00 F1000

; Pass 0 Path 4287
G0 X27.44 Y188.62
G1 X28.44 Y188.62 S300.00 F1000

; Pass 0 Path 4288
G0 X28.44 Y188.72
G1 X27.44 Y188.72 S300.00 F1000

; Pass 0 Path 4289
G0 X27.44 Y188.82
G1 X28.44 Y188.82 S300.00 F1000

; Pass 0 Path 4290
G0 X28.44 Y188.92
G1 X27.44 Y188.92 S300.00 F1000

; Pass 0 Path 4291
G0 X27.44 Y189.02
G1 X28.44 Y189.02 S300.00 F1000

; Pass 0 Path 4292
G0 X28.44 Y189.12
G1 X27.44 Y189.12 S300.00 F1000

; Pass 0 Path 4293
G0 X27.44 Y189.22
G1 X28.44 Y189.22 S300.00 F1000

; Pass 0 Path 4294
G0 X28.44 Y189.32
G1 X27.44 Y189.32 S300.00 F1000

; Pass 0 Path 4295
G0 X27.44 Y189.42
G1 X28.44 Y189.42 S300.00 F1000

; Pass 0 Path 4296
G0 X28.44 Y189.52
G1 X27.44 Y189.52 S300.00 F1000

; Pass 0 Path 4297
G0 X27.44 Y189.62
G1 X28.44 Y189.62 S300.00 F1000

; Pass 0 Path 4298
G0 X28.44 Y189.72
G1 X27.44 Y189.72 S300.00 F1000

; Pass 0 Path 4299
G0 X27.44 Y189.82
G1 X28.44 Y189.82 S300.00 F1000

; Pass 0 Path 4300
G0 X28.44 Y189.92
G1 X27.44 Y189.92 S300.00 F1000

; Pass 0 Path 4301
G0 X27.44 Y190.02
G1 X28.44 Y190.02 S300.00 F1000

; Pass 0 Path 4302
G0 X28.44 Y190.12
G1 X27.44 Y190.12 S300.00 F1000

; Pass 0 Path 4303
G0 X27.44 Y190.22
G1 X28.44 Y190.22 S300.00 F1000

; Pass 0 Path 4304
G0 X28.44 Y190.32
G1 X27.44 Y190.32 S300.00 F1000

; Pass 0 Path 4305
G0 X27.44 Y190.42
G1 X28.44 Y190.42 S300.00 F1000

; Pass 0 Path 4306
G0 X28.44 Y190.52
G1 X27.44 Y190.52 S300.00 F1000

; Pass 0 Path 4307
G0 X27.44 Y190.62
G1 X28.44 Y190.62 S300.00 F1000

; Pass 0 Path 4308
G0 X28.44 Y190.72
G1 X27.44 Y190.72 S300.00 F1000

; Pass 0 Path 4309
G0 X27.44 Y190.82
G1 X28.44 Y190.82 S300.00 F1000

; Pass 0 Path 4310
G0 X28.44 Y190.92
G1 X27.44 Y190.92 S300.00 F1000

; Pass 0 Path 4311
G0 X27.44 Y191.02
G1 X28.44 Y191.02 S300.00 F1000

; Pass 0 Path 4312
G0 X28.44 Y191.12
G1 X27.44 Y191.12 S300.00 F1000

; Pass 0 Path 4313
G0 X27.44 Y191.22
G1 X28.44 Y191.22 S300.00 F1000

; Pass 0 Path 4314
G0 X28.44 Y191.32
G1 X27.44 Y191.32 S300.00 F1000

; Pass 0 Path 4315
G0 X27.44 Y191.42
G1 X28.44 Y191.42 S300.00 F1000

; Pass 0 Path 4316
G0 X28.44 Y191.52
G1 X27.44 Y191.52 S300.00 F1000

; Pass 0 Path 4317
G0 X27.44 Y191.62
G1 X28.44 Y191.62 S300.00 F1000

; Pass 0 Path 4318
G0 X28.44 Y191.72
G1 X27.44 Y191.72 S300.00 F1000

; Pass 0 Path 4319
G0 X27.44 Y191.82
G1 X28.44 Y191.82 S300.00 F1000

; Pass 0 Path 4320
G0 X28.44 Y191.92
G1 X27.44 Y191.92 S300.00 F1000

; Pass 0 Path 4321
G0 X27.44 Y192.02
G1 X28.44 Y192.02 S300.00 F1000

; Pass 0 Path 4322
G0 X28.44 Y192.12
G1 X27.44 Y192.12 S300.00 F1000

; Pass 0 Path 4323
G0 X27.44 Y192.22
G1 X28.44 Y192.22 S300.00 F1000

; Pass 0 Path 4324
G0 X28.44 Y192.32
G1 X27.44 Y192.32 S300.00 F1000

; Pass 0 Path 4325
G0 X27.44 Y192.42
G1 X28.44 Y192.42 S300.00 F1000

; Pass 0 Path 4326
G0 X28.44 Y192.52
G1 X27.44 Y192.52 S300.00 F1000

; Pass 0 Path 4327
G0 X27.44 Y192.62
G1 X28.44 Y192.62 S300.00 F1000

; Pass 0 Path 4328
G0 X28.44 Y192.72
G1 X27.44 Y192.72 S300.00 F1000

; Pass 0 Path 4329
G0 X27.44 Y192.82
G1 X28.44 Y192.82 S300.00 F1000

; Pass 0 Path 4330
G0 X28.44 Y192.92
G1 X27.44 Y192.92 S300.00 F1000

; Pass 0 Path 4331
G0 X27.44 Y193.02
G1 X28.44 Y193.02 S300.00 F1000

; Pass 0 Path 4332
G0 X28.44 Y193.12
G1 X27.44 Y193.12 S300.00 F1000

; Pass 0 Path 4333
G0 X27.44 Y193.22
G1 X28.44 Y193.22 S300.00 F1000

; Pass 0 Path 4334
G0 X28.44 Y193.32
G1 X27.44 Y193.32 S300.00 F1000

; Pass 0 Path 4335
G0 X27.44 Y193.42
G1 X28.44 Y193.42 S300.00 F1000

; Pass 0 Path 4336
G0 X28.44 Y193.52
G1 X27.44 Y193.52 S300.00 F1000

; Pass 0 Path 4337
G0 X27.44 Y193.62
G1 X28.44 Y193.62 S300.00 F1000

; Pass 0 Path 4338
G0 X28.44 Y193.72
G1 X27.44 Y193.72 S300.00 F1000

; Pass 0 Path 4339
G0 X27.44 Y193.82
G1 X28.44 Y193.82 S300.00 F1000

; Pass 0 Path 4340
G0 X28.44 Y193.92
G1 X27.44 Y193.92 S300.00 F1000

; Pass 0 Path 4341
G0 X27.44 Y194.02
G1 X28.44 Y194.02 S300.00 F1000

; Pass 0 Path 4342
G0 X28.44 Y194.12
G1 X27.44 Y194.12 S300.00 F1000

; Pass 0 Path 4343
G0 X27.44 Y194.22
G1 X28.44 Y194.22 S300.00 F1000

; Pass 0 Path 4344
G0 X28.44 Y194.32
G1 X27.44 Y194.32 S300.00 F1000

; Pass 0 Path 4345
G0 X27.44 Y194.42
G1 X28.44 Y194.42 S300.00 F1000

; Pass 0 Path 4346
G0 X28.44 Y194.52
G1 X27.44 Y194.52 S300.00 F1000

; Pass 0 Path 4347
G0 X27.44 Y194.62
G1 X28.44 Y194.62 S300.00 F1000

; Pass 0 Path 4348
G0 X28.44 Y194.72
G1 X27.44 Y194.72 S300.00 F1000

; Pass 0 Path 4349
G0 X27.44 Y194.82
G1 X28.44 Y194.82 S300.00 F1000

; Pass 0 Path 4350
G0 X28.44 Y194.92
G1 X27.44 Y194.92 S300.00 F1000

; Pass 0 Path 4351
G0 X27.44 Y195.02
G1 X28.44 Y195.02 S300.00 F1000

; Pass 0 Path 4352
G0 X28.44 Y195.12
G1 X27.44 Y195.12 S300.00 F1000

; Pass 0 Path 4353
G0 X27.44 Y195.22
G1 X28.44 Y195.22 S300.00 F1000

; Pass 0 Path 4354
G0 X28.44 Y195.32
G1 X27.44 Y195.32 S300.00 F1000

; Pass 0 Path 4355
G0 X27.44 Y195.42
G1 X28.44 Y195.42 S300.00 F1000

; Pass 0 Path 4356
G0 X28.44 Y195.52
G1 X27.44 Y195.52 S300.00 F1000

; Pass 0 Path 4357
G0 X27.44 Y195.62
G1 X28.44 Y195.62 S300.00 F1000

; Pass 0 Path 4358
G0 X28.44 Y195.72
G1 X27.44 Y195.72 S300.00 F1000

; Pass 0 Path 4359
G0 X27.44 Y195.82
G1 X28.44 Y195.82 S300.00 F1000

; Pass 0 Path 4360
G0 X28.44 Y195.92
G1 X27.44 Y195.92 S300.00 F1000

; Pass 0 Path 4361
G0 X27.44 Y196.02
G1 X28.44 Y196.02 S300.00 F1000

; Pass 0 Path 4362
G0 X28.43 Y196.12
G1 X27.43 Y196.12 S300.00 F1000

; Pass 0 Path 4363
G0 X27.42 Y196.22
G1 X28.43 Y196.22 S300.00 F1000

; Pass 0 Path 4364
G0 X28.42 Y196.32
G1 X27.40 Y196.32 S300.00 F1000

; Pass 0 Path 4365
G0 X27.38 Y196.42
G1 X28.40 Y196.42 S300.00 F1000

; Pass 0 Path 4366
G0 X28.38 Y196.52
G1 X27.36 Y196.52 S300.00 F1000

; Pass 0 Path 4367
G0 X27.33 Y196.62
G1 X28.36 Y196.62 S300.00 F1000

; Pass 0 Path 4368
G0 X28.34 Y196.72
G1 X27.29 Y196.72 S300.00 F1000

; Pass 0 Path 4369
G0 X27.25 Y196.82
G1 X28.31 Y196.82 S300.00 F1000

; Pass 0 Path 4370
G0 X28.28 Y196.92
G1 X27.21 Y196.92 S300.00 F1000

; Pass 0 Path 4371
G0 X27.15 Y197.02
G1 X28.25 Y197.02 S300.00 F1000

; Pass 0 Path 4372
G0 X28.21 Y197.12
G1 X27.09 Y197.12 S300.00 F1000

; Pass 0 Path 4373
G0 X27.02 Y197.22
G1 X28.16 Y197.22 S300.00 F1000

; Pass 0 Path 4374
G0 X28.12 Y197.32
G1 X26.95 Y197.32 S300.00 F1000

; Pass 0 Path 4375
G0 X26.86 Y197.42
G1 X28.07 Y197.42 S300.00 F1000

; Pass 0 Path 4376
G0 X28.01 Y197.52
G1 X26.76 Y197.52 S300.00 F1000

; Pass 0 Path 4377
G0 X26.65 Y197.62
G1 X27.95 Y197.62 S300.00 F1000

; Pass 0 Path 4378
G0 X27.89 Y197.72
G1 X26.52 Y197.72 S300.00 F1000

; Pass 0 Path 4379
G0 X26.36 Y197.82
G1 X27.82 Y197.82 S300.00 F1000

; Pass 0 Path 4380
G0 X27.74 Y197.92
G1 X26.17 Y197.92 S300.00 F1000

; Pass 0 Path 4381
G0 X25.91 Y198.02
G1 X27.65 Y198.02 S300.00 F1000

; Pass 0 Path 4382
G0 X27.56 Y198.12
G1 X25.35 Y198.12 S300.00 F1000

; Pass 0 Path 4383
G0 X25.36 Y199.12
G1 X7.66 Y199.12 S300.00 F1000

; Pass 0 Path 4384
G0 X6.97 Y199.02
G1 X26.04 Y199.02 S300.00 F1000

; Pass 0 Path 4385
G0 X26.36 Y198.92
G1 X6.66 Y198.92 S300.00 F1000

; Pass 0 Path 4386
G0 X6.42 Y198.82
G1 X26.60 Y198.82 S300.00 F1000

; Pass 0 Path 4387
G0 X26.79 Y198.72
G1 X6.23 Y198.72 S300.00 F1000

; Pass 0 Path 4388
G0 X6.06 Y198.62
G1 X26.96 Y198.62 S300.00 F1000

; Pass 0 Path 4389
G0 X27.11 Y198.52
G1 X5.91 Y198.52 S300.00 F1000

; Pass 0 Path 4390
G0 X5.78 Y198.42
G1 X27.24 Y198.42 S300.00 F1000

; Pass 0 Path 4391
G0 X27.36 Y198.32
G1 X5.66 Y198.32 S300.00 F1000

; Pass 0 Path 4392
G0 X5.55 Y198.22
G1 X27.47 Y198.22 S300.00 F1000

; Pass 0 Path 4393
G0 X19.21 Y191.12
G1 X15.98 Y191.12 S300.00 F1000

; Pass 0 Path 4394
G0 X15.80 Y191.02
G1 X19.29 Y191.02 S300.00 F1000

; Pass 0 Path 4395
G0 X19.34 Y190.92
G1 X15.65 Y190.92 S300.00 F1000

; Pass 0 Path 4396
G0 X15.50 Y190.82
G1 X19.37 Y190.82 S300.00 F1000

; Pass 0 Path 4397
G0 X19.39 Y190.72
G1 X15.37 Y190.72 S300.00 F1000

; Pass 0 Path 4398
G0 X15.25 Y190.62
G1 X19.40 Y190.62 S300.00 F1000

; Pass 0 Path 4399
G0 X19.39 Y190.52
G1 X15.14 Y190.52 S300.00 F1000

; Pass 0 Path 4400
G0 X15.03 Y190.42
G1 X19.37 Y190.42 S300.00 F1000

; Pass 0 Path 4401
G0 X19.33 Y190.32
G1 X14.93 Y190.32 S300.00 F1000

; Pass 0 Path 4402
G0 X14.83 Y190.22
G1 X19.27 Y190.22 S300.00 F1000

; Pass 0 Path 4403
G0 X19.20 Y190.12
G1 X14.75 Y190.12 S300.00 F1000

; Pass 0 Path 4404
G0 X14.66 Y190.02
G1 X17.70 Y190.02 S300.00 F1000

; Pass 0 Path 4405
G0 X17.92 Y190.02
G1 X19.09 Y190.02 S300.00 F1000

; Pass 0 Path 4406
G0 X18.91 Y189.92
G1 X18.32 Y189.92 S300.00 F1000

; Pass 0 Path 4407
G0 X17.19 Y189.92
G1 X14.58 Y189.92 S300.00 F1000

; Pass 0 Path 4408
G0 X14.51 Y189.82
G1 X16.94 Y189.82 S300.00 F1000

; Pass 0 Path 4409
G0 X16.75 Y189.72
G1 X14.44 Y189.72 S300.00 F1000

; Pass 0 Path 4410
G0 X14.37 Y189.62
G1 X16.60 Y189.62 S300.00 F1000

; Pass 0 Path 4411
G0 X16.46 Y189.52
G1 X14.31 Y189.52 S300.00 F1000

; Pass 0 Path 4412
G0 X14.25 Y189.42
G1 X16.34 Y189.42 S300.00 F1000

; Pass 0 Path 4413
G0 X16.24 Y189.32
G1 X14.19 Y189.32 S300.00 F1000

; Pass 0 Path 4414
G0 X14.14 Y189.22
G1 X16.14 Y189.22 S300.00 F1000

; Pass 0 Path 4415
G0 X16.05 Y189.12
G1 X14.09 Y189.12 S300.00 F1000

; Pass 0 Path 4416
G0 X14.04 Y189.02
G1 X15.97 Y189.02 S300.00 F1000

; Pass 0 Path 4417
G0 X15.90 Y188.92
G1 X14.00 Y188.92 S300.00 F1000

; Pass 0 Path 4418
G0 X13.96 Y188.82
G1 X15.83 Y188.82 S300.00 F1000

; Pass 0 Path 4419
G0 X15.76 Y188.72
G1 X13.92 Y188.72 S300.00 F1000

; Pass 0 Path 4420
G0 X13.88 Y188.62
G1 X15.70 Y188.62 S300.00 F1000

; Pass 0 Path 4421
G0 X15.65 Y188.52
G1 X13.85 Y188.52 S300.00 F1000

; Pass 0 Path 4422
G0 X13.82 Y188.42
G1 X15.60 Y188.42 S300.00 F1000

; Pass 0 Path 4423
G0 X15.55 Y188.32
G1 X13.79 Y188.32 S300.00 F1000

; Pass 0 Path 4424
G0 X13.76 Y188.22
G1 X15.51 Y188.22 S300.00 F1000

; Pass 0 Path 4425
G0 X15.46 Y188.12
G1 X13.74 Y188.12 S300.00 F1000

; Pass 0 Path 4426
G0 X13.72 Y188.02
G1 X15.43 Y188.02 S300.00 F1000

; Pass 0 Path 4427
G0 X15.39 Y187.92
G1 X13.70 Y187.92 S300.00 F1000

; Pass 0 Path 4428
G0 X13.68 Y187.82
G1 X15.36 Y187.82 S300.00 F1000

; Pass 0 Path 4429
G0 X15.40 Y187.82
G1 X18.47 Y187.82 S300.00 F1000

; Pass 0 Path 4430
G0 X18.57 Y187.72
G1 X13.66 Y187.72 S300.00 F1000

; Pass 0 Path 4431
G0 X13.65 Y187.62
G1 X18.66 Y187.62 S300.00 F1000

; Pass 0 Path 4432
G0 X18.74 Y187.52
G1 X13.64 Y187.52 S300.00 F1000

; Pass 0 Path 4433
G0 X13.63 Y187.42
G1 X18.81 Y187.42 S300.00 F1000

; Pass 0 Path 4434
G0 X18.88 Y187.32
G1 X13.62 Y187.32 S300.00 F1000

; Pass 0 Path 4435
G0 X13.61 Y187.22
G1 X18.94 Y187.22 S300.00 F1000

; Pass 0 Path 4436
G0 X19.00 Y187.12
G1 X13.61 Y187.12 S300.00 F1000

; Pass 0 Path 4437
G0 X13.61 Y187.02
G1 X19.05 Y187.02 S300.00 F1000

; Pass 0 Path 4438
G0 X19.10 Y186.92
G1 X17.01 Y186.92 S300.00 F1000

; Pass 0 Path 4439
G0 X17.24 Y186.82
G1 X19.14 Y186.82 S300.00 F1000

; Pass 0 Path 4440
G0 X19.17 Y186.72
G1 X17.38 Y186.72 S300.00 F1000

; Pass 0 Path 4441
G0 X17.48 Y186.62
G1 X19.21 Y186.62 S300.00 F1000

; Pass 0 Path 4442
G0 X19.23 Y186.52
G1 X17.57 Y186.52 S300.00 F1000

; Pass 0 Path 4443
G0 X17.63 Y186.42
G1 X19.26 Y186.42 S300.00 F1000

; Pass 0 Path 4444
G0 X19.28 Y186.32
G1 X17.68 Y186.32 S300.00 F1000

; Pass 0 Path 4445
G0 X17.72 Y186.22
G1 X19.30 Y186.22 S300.00 F1000

; Pass 0 Path 4446
G0 X19.31 Y186.12
G1 X17.76 Y186.12 S300.00 F1000

; Pass 0 Path 4447
G0 X17.78 Y186.02
G1 X19.32 Y186.02 S300.00 F1000

; Pass 0 Path 4448
G0 X19.33 Y185.92
G1 X17.79 Y185.92 S300.00 F1000

; Pass 0 Path 4449
G0 X17.80 Y185.82
G1 X19.33 Y185.82 S300.00 F1000

; Pass 0 Path 4450
G0 X19.33 Y185.72
G1 X17.80 Y185.72 S300.00 F1000

; Pass 0 Path 4451
G0 X17.79 Y185.62
G1 X19.33 Y185.62 S300.00 F1000

; Pass 0 Path 4452
G0 X19.33 Y185.52
G1 X17.78 Y185.52 S300.00 F1000

; Pass 0 Path 4453
G0 X17.76 Y185.42
G1 X19.32 Y185.42 S300.00 F1000

; Pass 0 Path 4454
G0 X19.31 Y185.32
G1 X17.74 Y185.32 S300.00 F1000

; Pass 0 Path 4455
G0 X17.70 Y185.22
G1 X19.29 Y185.22 S300.00 F1000

; Pass 0 Path 4456
G0 X19.27 Y185.12
G1 X17.66 Y185.12 S300.00 F1000

; Pass 0 Path 4457
G0 X17.60 Y185.02
G1 X19.25 Y185.02 S300.00 F1000

; Pass 0 Path 4458
G0 X19.23 Y184.92
G1 X17.52 Y184.92 S300.00 F1000

; Pass 0 Path 4459
G0 X17.42 Y184.82
G1 X19.20 Y184.82 S300.00 F1000

; Pass 0 Path 4460
G0 X19.17 Y184.72
G1 X17.27 Y184.72 S300.00 F1000

; Pass 0 Path 4461
G0 X17.02 Y184.62
G1 X19.13 Y184.62 S300.00 F1000

; Pass 0 Path 4462
G0 X19.09 Y184.52
G1 X14.12 Y184.52 S300.00 F1000

; Pass 0 Path 4463
G0 X14.07 Y184.62
G1 X16.26 Y184.62 S300.00 F1000

; Pass 0 Path 4464
G0 X16.01 Y184.72
G1 X14.03 Y184.72 S300.00 F1000

; Pass 0 Path 4465
G0 X13.98 Y184.82
G1 X15.86 Y184.82 S300.00 F1000

; Pass 0 Path 4466
G0 X15.76 Y184.92
G1 X13.94 Y184.92 S300.00 F1000

; Pass 0 Path 4467
G0 X13.91 Y185.02
G1 X15.68 Y185.02 S300.00 F1000

; Pass 0 Path 4468
G0 X15.62 Y185.12
G1 X13.87 Y185.12 S300.00 F1000

; Pass 0 Path 4469
G0 X13.84 Y185.22
G1 X15.56 Y185.22 S300.00 F1000

; Pass 0 Path 4470
G0 X15.52 Y185.32
G1 X13.81 Y185.32 S300.00 F1000

; Pass 0 Path 4471
G0 X13.79 Y185.42
G1 X15.48 Y185.42 S300.00 F1000

; Pass 0 Path 4472
G0 X15.45 Y185.52
G1 X13.76 Y185.52 S300.00 F1000

; Pass 0 Path 4473
G0 X13.74 Y185.62
G1 X15.42 Y185.62 S300.00 F1000

; Pass 0 Path 4474
G0 X15.39 Y185.72
G1 X13.72 Y185.72 S300.00 F1000

; Pass 0 Path 4475
G0 X13.70 Y185.82
G1 X15.37 Y185.82 S300.00 F1000

; Pass 0 Path 4476
G0 X15.34 Y185.92
G1 X13.69 Y185.92 S300.00 F1000

; Pass 0 Path 4477
G0 X13.67 Y186.02
G1 X15.36 Y186.02 S300.00 F1000

; Pass 0 Path 4478
G0 X15.42 Y186.12
G1 X13.66 Y186.12 S300.00 F1000

; Pass 0 Path 4479
G0 X13.65 Y186.22
G1 X15.49 Y186.22 S300.00 F1000

; Pass 0 Path 4480
G0 X15.57 Y186.32
G1 X13.64 Y186.32 S300.00 F1000

; Pass 0 Path 4481
G0 X13.63 Y186.42
G1 X15.67 Y186.42 S300.00 F1000

; Pass 0 Path 4482
G0 X15.77 Y186.52
G1 X13.62 Y186.52 S300.00 F1000

; Pass 0 Path 4483
G0 X13.62 Y186.62
G1 X15.88 Y186.62 S300.00 F1000

; Pass 0 Path 4484
G0 X16.02 Y186.72
G1 X13.61 Y186.72 S300.00 F1000

; Pass 0 Path 4485
G0 X13.61 Y186.82
G1 X16.19 Y186.82 S300.00 F1000

; Pass 0 Path 4486
G0 X16.42 Y186.92
G1 X13.61 Y186.92 S300.00 F1000

; Pass 0 Path 4487
G0 X15.52 Y187.92
G1 X18.35 Y187.92 S300.00 F1000

; Pass 0 Path 4488
G0 X18.23 Y188.02
G1 X15.66 Y188.02 S300.00 F1000

; Pass 0 Path 4489
G0 X15.79 Y188.12
G1 X18.08 Y188.12 S300.00 F1000

; Pass 0 Path 4490
G0 X17.91 Y188.22
G1 X15.94 Y188.22 S300.00 F1000

; Pass 0 Path 4491
G0 X16.11 Y188.32
G1 X17.70 Y188.32 S300.00 F1000

; Pass 0 Path 4492
G0 X17.40 Y188.42
G1 X16.34 Y188.42 S300.00 F1000

; Pass 0 Path 4493
G0 X16.17 Y191.22
G1 X19.12 Y191.22 S300.00 F1000

; Pass 0 Path 4494
G0 X18.98 Y191.32
G1 X16.40 Y191.32 S300.00 F1000

; Pass 0 Path 4495
G0 X16.67 Y191.42
G1 X18.79 Y191.42 S300.00 F1000

; Pass 0 Path 4496
G0 X18.49 Y191.52
G1 X17.05 Y191.52 S300.00 F1000

; Pass 0 Path 4497
G0 X19.04 Y184.42
G1 X14.18 Y184.42 S300.00 F1000

; Pass 0 Path 4498
G0 X14.24 Y184.32
G1 X18.99 Y184.32 S300.00 F1000

; Pass 0 Path 4499
G0 X18.93 Y184.22
G1 X14.30 Y184.22 S300.00 F1000

; Pass 0 Path 4500
G0 X14.37 Y184.12
G1 X18.87 Y184.12 S300.00 F1000

; Pass 0 Path 4501
G0 X18.80 Y184.02
G1 X14.45 Y184.02 S300.00 F1000

; Pass 0 Path 4502
G0 X14.53 Y183.92
G1 X18.72 Y183.92 S300.00 F1000

; Pass 0 Path 4503
G0 X18.63 Y183.82
G1 X14.63 Y183.82 S300.00 F1000

; Pass 0 Path 4504
G0 X14.73 Y183.72
G1 X18.52 Y183.72 S300.00 F1000

; Pass 0 Path 4505
G0 X18.41 Y183.62
G1 X14.85 Y183.62 S300.00 F1000

; Pass 0 Path 4506
G0 X14.98 Y183.52
G1 X18.27 Y183.52 S300.00 F1000

; Pass 0 Path 4507
G0 X18.12 Y183.42
G1 X15.14 Y183.42 S300.00 F1000

; Pass 0 Path 4508
G0 X15.32 Y183.32
G1 X17.93 Y183.32 S300.00 F1000

; Pass 0 Path 4509
G0 X17.69 Y183.22
G1 X15.56 Y183.22 S300.00 F1000

; Pass 0 Path 4510
G0 X15.90 Y183.12
G1 X17.35 Y183.12 S300.00 F1000

; Pass 0 Path 4511
G0 X5.58 Y183.12
G1 X4.58 Y183.12 S300.00 F1000

; Pass 0 Path 4512
G0 X4.58 Y183.02
G1 X5.58 Y183.02 S300.00 F1000

; Pass 0 Path 4513
G0 X5.58 Y182.92
G1 X4.58 Y182.92 S300.00 F1000

; Pass 0 Path 4514
G0 X4.58 Y182.82
G1 X5.58 Y182.82 S300.00 F1000

; Pass 0 Path 4515
G0 X5.58 Y182.72
G1 X4.58 Y182.72 S300.00 F1000

; Pass 0 Path 4516
G0 X4.58 Y182.62
G1 X5.58 Y182.62 S300.00 F1000

; Pass 0 Path 4517
G0 X5.58 Y182.52
G1 X4.58 Y182.52 S300.00 F1000

; Pass 0 Path 4518
G0 X4.58 Y182.42
G1 X5.58 Y182.42 S300.00 F1000

; Pass 0 Path 4519
G0 X5.58 Y182.32
G1 X4.58 Y182.32 S300.00 F1000

; Pass 0 Path 4520
G0 X4.58 Y182.22
G1 X5.58 Y182.22 S300.00 F1000

; Pass 0 Path 4521
G0 X5.58 Y182.12
G1 X4.58 Y182.12 S300.00 F1000

; Pass 0 Path 4522
G0 X4.58 Y182.02
G1 X5.58 Y182.02 S300.00 F1000

; Pass 0 Path 4523
G0 X5.58 Y181.92
G1 X4.58 Y181.92 S300.00 F1000

; Pass 0 Path 4524
G0 X4.58 Y181.82
G1 X5.58 Y181.82 S300.00 F1000

; Pass 0 Path 4525
G0 X5.58 Y181.72
G1 X4.58 Y181.72 S300.00 F1000

; Pass 0 Path 4526
G0 X4.58 Y181.62
G1 X5.58 Y181.62 S300.00 F1000

; Pass 0 Path 4527
G0 X5.58 Y181.52
G1 X4.58 Y181.52 S300.00 F1000

; Pass 0 Path 4528
G0 X4.58 Y181.42
G1 X5.58 Y181.42 S300.00 F1000

; Pass 0 Path 4529
G0 X5.58 Y181.32
G1 X4.58 Y181.32 S300.00 F1000

; Pass 0 Path 4530
G0 X4.58 Y181.22
G1 X5.58 Y181.22 S300.00 F1000

; Pass 0 Path 4531
G0 X5.58 Y181.12
G1 X4.58 Y181.12 S300.00 F1000

; Pass 0 Path 4532
G0 X4.58 Y181.02
G1 X5.58 Y181.02 S300.00 F1000

; Pass 0 Path 4533
G0 X5.58 Y180.92
G1 X4.58 Y180.92 S300.00 F1000

; Pass 0 Path 4534
G0 X4.58 Y180.82
G1 X5.58 Y180.82 S300.00 F1000

; Pass 0 Path 4535
G0 X5.58 Y180.72
G1 X4.58 Y180.72 S300.00 F1000

; Pass 0 Path 4536
G0 X4.58 Y180.62
G1 X5.58 Y180.62 S300.00 F1000

; Pass 0 Path 4537
G0 X5.58 Y180.52
G1 X4.58 Y180.52 S300.00 F1000

; Pass 0 Path 4538
G0 X4.58 Y180.42
G1 X5.58 Y180.42 S300.00 F1000

; Pass 0 Path 4539
G0 X5.58 Y180.32
G1 X4.58 Y180.32 S300.00 F1000

; Pass 0 Path 4540
G0 X4.58 Y180.22
G1 X5.58 Y180.22 S300.00 F1000

; Pass 0 Path 4541
G0 X5.58 Y180.12
G1 X4.58 Y180.12 S300.00 F1000

; Pass 0 Path 4542
G0 X4.58 Y180.02
G1 X5.58 Y180.02 S300.00 F1000

; Pass 0 Path 4543
G0 X5.58 Y179.92
G1 X4.58 Y179.92 S300.00 F1000

; Pass 0 Path 4544
G0 X4.58 Y179.82
G1 X5.58 Y179.82 S300.00 F1000

; Pass 0 Path 4545
G0 X5.58 Y179.72
G1 X4.58 Y179.72 S300.00 F1000

; Pass 0 Path 4546
G0 X4.58 Y179.62
G1 X5.58 Y179.62 S300.00 F1000

; Pass 0 Path 4547
G0 X5.58 Y179.52
G1 X4.58 Y179.52 S300.00 F1000

; Pass 0 Path 4548
G0 X4.58 Y179.42
G1 X5.58 Y179.42 S300.00 F1000

; Pass 0 Path 4549
G0 X5.58 Y179.32
G1 X4.58 Y179.32 S300.00 F1000

; Pass 0 Path 4550
G0 X4.58 Y179.22
G1 X5.58 Y179.22 S300.00 F1000

; Pass 0 Path 4551
G0 X5.58 Y179.12
G1 X4.58 Y179.12 S300.00 F1000

; Pass 0 Path 4552
G0 X4.58 Y179.02
G1 X5.58 Y179.02 S300.00 F1000

; Pass 0 Path 4553
G0 X5.58 Y178.92
G1 X4.58 Y178.92 S300.00 F1000

; Pass 0 Path 4554
G0 X4.58 Y178.82
G1 X5.58 Y178.82 S300.00 F1000

; Pass 0 Path 4555
G0 X5.58 Y178.72
G1 X4.58 Y178.72 S300.00 F1000

; Pass 0 Path 4556
G0 X4.58 Y178.62
G1 X5.58 Y178.62 S300.00 F1000

; Pass 0 Path 4557
G0 X5.58 Y178.52
G1 X4.58 Y178.52 S300.00 F1000

; Pass 0 Path 4558
G0 X4.58 Y178.42
G1 X5.58 Y178.42 S300.00 F1000

; Pass 0 Path 4559
G0 X5.58 Y178.32
G1 X4.58 Y178.32 S300.00 F1000

; Pass 0 Path 4560
G0 X4.59 Y178.22
G1 X5.59 Y178.22 S300.00 F1000

; Pass 0 Path 4561
G0 X5.61 Y178.12
G1 X4.60 Y178.12 S300.00 F1000

; Pass 0 Path 4562
G0 X4.61 Y178.02
G1 X5.62 Y178.02 S300.00 F1000

; Pass 0 Path 4563
G0 X5.65 Y177.92
G1 X4.63 Y177.92 S300.00 F1000

; Pass 0 Path 4564
G0 X4.64 Y177.82
G1 X5.67 Y177.82 S300.00 F1000

; Pass 0 Path 4565
G0 X5.71 Y177.72
G1 X4.67 Y177.72 S300.00 F1000

; Pass 0 Path 4566
G0 X4.69 Y177.62
G1 X5.74 Y177.62 S300.00 F1000

; Pass 0 Path 4567
G0 X5.79 Y177.52
G1 X4.72 Y177.52 S300.00 F1000

; Pass 0 Path 4568
G0 X4.75 Y177.42
G1 X5.84 Y177.42 S300.00 F1000

; Pass 0 Path 4569
G0 X5.89 Y177.32
G1 X4.79 Y177.32 S300.00 F1000

; Pass 0 Path 4570
G0 X4.83 Y177.22
G1 X5.96 Y177.22 S300.00 F1000

; Pass 0 Path 4571
G0 X6.03 Y177.12
G1 X4.88 Y177.12 S300.00 F1000

; Pass 0 Path 4572
G0 X4.92 Y177.02
G1 X6.11 Y177.02 S300.00 F1000

; Pass 0 Path 4573
G0 X6.20 Y176.92
G1 X4.98 Y176.92 S300.00 F1000

; Pass 0 Path 4574
G0 X5.03 Y176.82
G1 X6.31 Y176.82 S300.00 F1000

; Pass 0 Path 4575
G0 X6.43 Y176.72
G1 X5.10 Y176.72 S300.00 F1000

; Pass 0 Path 4576
G0 X5.17 Y176.62
G1 X6.57 Y176.62 S300.00 F1000

; Pass 0 Path 4577
G0 X6.74 Y176.52
G1 X5.24 Y176.52 S300.00 F1000

; Pass 0 Path 4578
G0 X5.32 Y176.42
G1 X6.95 Y176.42 S300.00 F1000

; Pass 0 Path 4579
G0 X7.27 Y176.32
G1 X5.41 Y176.32 S300.00 F1000

; Pass 0 Path 4580
G0 X7.01 Y169.82
G1 X26.01 Y169.82 S300.00 F1000

; Pass 0 Path 4581
G0 X26.34 Y169.72
G1 X6.68 Y169.72 S300.00 F1000

; Pass 0 Path 4582
G0 X6.44 Y169.62
G1 X26.58 Y169.62 S300.00 F1000

; Pass 0 Path 4583
G0 X26.78 Y169.52
G1 X6.24 Y169.52 S300.00 F1000

; Pass 0 Path 4584
G0 X6.07 Y169.42
G1 X26.94 Y169.42 S300.00 F1000

; Pass 0 Path 4585
G0 X27.09 Y169.32
G1 X5.93 Y169.32 S300.00 F1000

; Pass 0 Path 4586
G0 X5.79 Y169.22
G1 X27.23 Y169.22 S300.00 F1000

; Pass 0 Path 4587
G0 X27.35 Y169.12
G1 X5.67 Y169.12 S300.00 F1000

; Pass 0 Path 4588
G0 X5.56 Y169.02
G1 X27.46 Y169.02 S300.00 F1000

; Pass 0 Path 4589
G0 X27.55 Y168.92
G1 X5.46 Y168.92 S300.00 F1000

; Pass 0 Path 4590
G0 X5.37 Y168.82
G1 X7.14 Y168.82 S300.00 F1000

; Pass 0 Path 4591
G0 X6.87 Y168.72
G1 X5.29 Y168.72 S300.00 F1000

; Pass 0 Path 4592
G0 X5.21 Y168.62
G1 X6.67 Y168.62 S300.00 F1000

; Pass 0 Path 4593
G0 X6.51 Y168.52
G1 X5.14 Y168.52 S300.00 F1000

; Pass 0 Path 4594
G0 X5.07 Y168.42
G1 X6.38 Y168.42 S300.00 F1000

; Pass 0 Path 4595
G0 X6.27 Y168.32
G1 X5.01 Y168.32 S300.00 F1000

; Pass 0 Path 4596
G0 X4.96 Y168.22
G1 X6.17 Y168.22 S300.00 F1000

; Pass 0 Path 4597
G0 X6.08 Y168.12
G1 X4.91 Y168.12 S300.00 F1000

; Pass 0 Path 4598
G0 X4.86 Y168.02
G1 X6.00 Y168.02 S300.00 F1000

; Pass 0 Path 4599
G0 X5.93 Y167.92
G1 X4.82 Y167.92 S300.00 F1000

; Pass 0 Path 4600
G0 X4.78 Y167.82
G1 X5.87 Y167.82 S300.00 F1000

; Pass 0 Path 4601
G0 X5.82 Y167.72
G1 X4.74 Y167.72 S300.00 F1000

; Pass 0 Path 4602
G0 X4.71 Y167.62
G1 X5.77 Y167.62 S300.00 F1000

; Pass 0 Path 4603
G0 X5.73 Y167.52
G1 X4.68 Y167.52 S300.00 F1000

; Pass 0 Path 4604
G0 X4.66 Y167.42
G1 X5.69 Y167.42 S300.00 F1000

; Pass 0 Path 4605
G0 X5.66 Y167.32
G1 X4.64 Y167.32 S300.00 F1000

; Pass 0 Path 4606
G0 X4.62 Y167.22
G1 X5.64 Y167.22 S300.00 F1000

; Pass 0 Path 4607
G0 X5.62 Y167.12
G1 X4.61 Y167.12 S300.00 F1000

; Pass 0 Path 4608
G0 X4.59 Y167.02
G1 X5.60 Y167.02 S300.00 F1000

; Pass 0 Path 4609
G0 X5.59 Y166.92
G1 X4.59 Y166.92 S300.00 F1000

; Pass 0 Path 4610
G0 X4.58 Y166.82
G1 X5.58 Y166.82 S300.00 F1000

; Pass 0 Path 4611
G0 X5.58 Y166.72
G1 X4.58 Y166.72 S300.00 F1000

; Pass 0 Path 4612
G0 X4.58 Y166.62
G1 X5.58 Y166.62 S300.00 F1000

; Pass 0 Path 4613
G0 X5.58 Y166.52
G1 X4.58 Y166.52 S300.00 F1000

; Pass 0 Path 4614
G0 X4.58 Y166.42
G1 X5.58 Y166.42 S300.00 F1000

; Pass 0 Path 4615
G0 X5.58 Y166.32
G1 X4.58 Y166.32 S300.00 F1000

; Pass 0 Path 4616
G0 X4.58 Y166.22
G1 X5.58 Y166.22 S300.00 F1000

; Pass 0 Path 4617
G0 X5.58 Y166.12
G1 X4.58 Y166.12 S300.00 F1000

; Pass 0 Path 4618
G0 X4.58 Y166.02
G1 X5.58 Y166.02 S300.00 F1000

; Pass 0 Path 4619
G0 X5.58 Y165.92
G1 X4.58 Y165.92 S300.00 F1000

; Pass 0 Path 4620
G0 X4.58 Y165.82
G1 X5.58 Y165.82 S300.00 F1000

; Pass 0 Path 4621
G0 X5.58 Y165.72
G1 X4.58 Y165.72 S300.00 F1000

; Pass 0 Path 4622
G0 X4.58 Y165.62
G1 X5.58 Y165.62 S300.00 F1000

; Pass 0 Path 4623
G0 X5.58 Y165.52
G1 X4.58 Y165.52 S300.00 F1000

; Pass 0 Path 4624
G0 X4.58 Y165.42
G1 X5.58 Y165.42 S300.00 F1000

; Pass 0 Path 4625
G0 X5.58 Y165.32
G1 X4.58 Y165.32 S300.00 F1000

; Pass 0 Path 4626
G0 X4.58 Y165.22
G1 X5.58 Y165.22 S300.00 F1000

; Pass 0 Path 4627
G0 X5.58 Y165.12
G1 X4.58 Y165.12 S300.00 F1000

; Pass 0 Path 4628
G0 X4.58 Y165.02
G1 X5.58 Y165.02 S300.00 F1000

; Pass 0 Path 4629
G0 X5.58 Y164.92
G1 X4.58 Y164.92 S300.00 F1000

; Pass 0 Path 4630
G0 X4.58 Y164.82
G1 X5.58 Y164.82 S300.00 F1000

; Pass 0 Path 4631
G0 X5.58 Y164.72
G1 X4.58 Y164.72 S300.00 F1000

; Pass 0 Path 4632
G0 X4.58 Y164.62
G1 X5.58 Y164.62 S300.00 F1000

; Pass 0 Path 4633
G0 X5.58 Y164.52
G1 X4.58 Y164.52 S300.00 F1000

; Pass 0 Path 4634
G0 X4.58 Y164.42
G1 X5.58 Y164.42 S300.00 F1000

; Pass 0 Path 4635
G0 X5.58 Y164.32
G1 X4.58 Y164.32 S300.00 F1000

; Pass 0 Path 4636
G0 X4.58 Y164.22
G1 X5.58 Y164.22 S300.00 F1000

; Pass 0 Path 4637
G0 X5.58 Y164.12
G1 X4.58 Y164.12 S300.00 F1000

; Pass 0 Path 4638
G0 X4.58 Y164.02
G1 X5.58 Y164.02 S300.00 F1000

; Pass 0 Path 4639
G0 X5.58 Y163.92
G1 X4.58 Y163.92 S300.00 F1000

; Pass 0 Path 4640
G0 X4.58 Y163.82
G1 X5.58 Y163.82 S300.00 F1000

; Pass 0 Path 4641
G0 X5.58 Y163.72
G1 X4.58 Y163.72 S300.00 F1000

; Pass 0 Path 4642
G0 X4.58 Y163.62
G1 X5.58 Y163.62 S300.00 F1000

; Pass 0 Path 4643
G0 X5.58 Y163.52
G1 X4.58 Y163.52 S300.00 F1000

; Pass 0 Path 4644
G0 X4.58 Y163.42
G1 X5.58 Y163.42 S300.00 F1000

; Pass 0 Path 4645
G0 X5.58 Y163.32
G1 X4.58 Y163.32 S300.00 F1000

; Pass 0 Path 4646
G0 X4.58 Y163.22
G1 X5.58 Y163.22 S300.00 F1000

; Pass 0 Path 4647
G0 X5.58 Y163.12
G1 X4.58 Y163.12 S300.00 F1000

; Pass 0 Path 4648
G0 X4.58 Y163.02
G1 X5.58 Y163.02 S300.00 F1000

; Pass 0 Path 4649
G0 X5.58 Y162.92
G1 X4.58 Y162.92 S300.00 F1000

; Pass 0 Path 4650
G0 X4.58 Y162.82
G1 X5.58 Y162.82 S300.00 F1000

; Pass 0 Path 4651
G0 X5.58 Y162.72
G1 X4.58 Y162.72 S300.00 F1000

; Pass 0 Path 4652
G0 X4.58 Y162.62
G1 X5.58 Y162.62 S300.00 F1000

; Pass 0 Path 4653
G0 X5.58 Y162.52
G1 X4.58 Y162.52 S300.00 F1000

; Pass 0 Path 4654
G0 X4.58 Y162.42
G1 X5.58 Y162.42 S300.00 F1000

; Pass 0 Path 4655
G0 X5.58 Y162.32
G1 X4.58 Y162.32 S300.00 F1000

; Pass 0 Path 4656
G0 X4.58 Y162.22
G1 X5.58 Y162.22 S300.00 F1000

; Pass 0 Path 4657
G0 X5.58 Y162.12
G1 X4.58 Y162.12 S300.00 F1000

; Pass 0 Path 4658
G0 X4.58 Y162.02
G1 X5.58 Y162.02 S300.00 F1000

; Pass 0 Path 4659
G0 X5.58 Y161.92
G1 X4.58 Y161.92 S300.00 F1000

; Pass 0 Path 4660
G0 X4.58 Y161.82
G1 X5.58 Y161.82 S300.00 F1000

; Pass 0 Path 4661
G0 X5.58 Y161.72
G1 X4.58 Y161.72 S300.00 F1000

; Pass 0 Path 4662
G0 X4.58 Y161.62
G1 X5.58 Y161.62 S300.00 F1000

; Pass 0 Path 4663
G0 X5.58 Y161.52
G1 X4.58 Y161.52 S300.00 F1000

; Pass 0 Path 4664
G0 X4.58 Y161.42
G1 X5.58 Y161.42 S300.00 F1000

; Pass 0 Path 4665
G0 X5.58 Y161.32
G1 X4.58 Y161.32 S300.00 F1000

; Pass 0 Path 4666
G0 X4.58 Y161.22
G1 X5.58 Y161.22 S300.00 F1000

; Pass 0 Path 4667
G0 X5.58 Y161.12
G1 X4.58 Y161.12 S300.00 F1000

; Pass 0 Path 4668
G0 X4.58 Y161.02
G1 X5.58 Y161.02 S300.00 F1000

; Pass 0 Path 4669
G0 X5.58 Y160.92
G1 X4.58 Y160.92 S300.00 F1000

; Pass 0 Path 4670
G0 X4.58 Y160.82
G1 X5.58 Y160.82 S300.00 F1000

; Pass 0 Path 4671
G0 X5.58 Y160.72
G1 X4.58 Y160.72 S300.00 F1000

; Pass 0 Path 4672
G0 X4.58 Y160.62
G1 X5.58 Y160.62 S300.00 F1000

; Pass 0 Path 4673
G0 X5.58 Y160.52
G1 X4.58 Y160.52 S300.00 F1000

; Pass 0 Path 4674
G0 X4.58 Y160.42
G1 X5.58 Y160.42 S300.00 F1000

; Pass 0 Path 4675
G0 X5.58 Y160.32
G1 X4.58 Y160.32 S300.00 F1000

; Pass 0 Path 4676
G0 X4.58 Y160.22
G1 X5.58 Y160.22 S300.00 F1000

; Pass 0 Path 4677
G0 X5.58 Y160.12
G1 X4.58 Y160.12 S300.00 F1000

; Pass 0 Path 4678
G0 X4.58 Y160.02
G1 X5.58 Y160.02 S300.00 F1000

; Pass 0 Path 4679
G0 X5.58 Y159.92
G1 X4.58 Y159.92 S300.00 F1000

; Pass 0 Path 4680
G0 X4.58 Y159.82
G1 X5.58 Y159.82 S300.00 F1000

; Pass 0 Path 4681
G0 X5.58 Y159.72
G1 X4.58 Y159.72 S300.00 F1000

; Pass 0 Path 4682
G0 X4.58 Y159.62
G1 X5.58 Y159.62 S300.00 F1000

; Pass 0 Path 4683
G0 X5.58 Y159.52
G1 X4.58 Y159.52 S300.00 F1000

; Pass 0 Path 4684
G0 X4.58 Y159.42
G1 X5.58 Y159.42 S300.00 F1000

; Pass 0 Path 4685
G0 X5.58 Y159.32
G1 X4.58 Y159.32 S300.00 F1000

; Pass 0 Path 4686
G0 X4.58 Y159.22
G1 X5.58 Y159.22 S300.00 F1000

; Pass 0 Path 4687
G0 X5.58 Y159.12
G1 X4.58 Y159.12 S300.00 F1000

; Pass 0 Path 4688
G0 X4.58 Y159.02
G1 X5.58 Y159.02 S300.00 F1000

; Pass 0 Path 4689
G0 X5.58 Y158.92
G1 X4.58 Y158.92 S300.00 F1000

; Pass 0 Path 4690
G0 X4.58 Y158.82
G1 X5.58 Y158.82 S300.00 F1000

; Pass 0 Path 4691
G0 X5.58 Y158.72
G1 X4.58 Y158.72 S300.00 F1000

; Pass 0 Path 4692
G0 X4.58 Y158.62
G1 X5.58 Y158.62 S300.00 F1000

; Pass 0 Path 4693
G0 X5.58 Y158.52
G1 X4.58 Y158.52 S300.00 F1000

; Pass 0 Path 4694
G0 X4.58 Y158.42
G1 X5.58 Y158.42 S300.00 F1000

; Pass 0 Path 4695
G0 X5.58 Y158.32
G1 X4.58 Y158.32 S300.00 F1000

; Pass 0 Path 4696
G0 X4.58 Y158.22
G1 X5.58 Y158.22 S300.00 F1000

; Pass 0 Path 4697
G0 X5.58 Y158.12
G1 X4.58 Y158.12 S300.00 F1000

; Pass 0 Path 4698
G0 X4.58 Y158.02
G1 X5.58 Y158.02 S300.00 F1000

; Pass 0 Path 4699
G0 X5.58 Y157.92
G1 X4.58 Y157.92 S300.00 F1000

; Pass 0 Path 4700
G0 X4.58 Y157.82
G1 X5.58 Y157.82 S300.00 F1000

; Pass 0 Path 4701
G0 X5.58 Y157.72
G1 X4.58 Y157.72 S300.00 F1000

; Pass 0 Path 4702
G0 X4.58 Y157.62
G1 X5.58 Y157.62 S300.00 F1000

; Pass 0 Path 4703
G0 X5.58 Y157.52
G1 X4.58 Y157.52 S300.00 F1000

; Pass 0 Path 4704
G0 X4.58 Y157.42
G1 X5.58 Y157.42 S300.00 F1000

; Pass 0 Path 4705
G0 X5.58 Y157.32
G1 X4.58 Y157.32 S300.00 F1000

; Pass 0 Path 4706
G0 X4.58 Y157.22
G1 X5.58 Y157.22 S300.00 F1000

; Pass 0 Path 4707
G0 X5.58 Y157.12
G1 X4.58 Y157.12 S300.00 F1000

; Pass 0 Path 4708
G0 X4.58 Y157.02
G1 X5.58 Y157.02 S300.00 F1000

; Pass 0 Path 4709
G0 X5.58 Y156.92
G1 X4.58 Y156.92 S300.00 F1000

; Pass 0 Path 4710
G0 X4.58 Y156.82
G1 X5.58 Y156.82 S300.00 F1000

; Pass 0 Path 4711
G0 X5.58 Y156.72
G1 X4.58 Y156.72 S300.00 F1000

; Pass 0 Path 4712
G0 X4.58 Y156.62
G1 X5.58 Y156.62 S300.00 F1000

; Pass 0 Path 4713
G0 X5.58 Y156.52
G1 X4.58 Y156.52 S300.00 F1000

; Pass 0 Path 4714
G0 X4.58 Y156.42
G1 X5.58 Y156.42 S300.00 F1000

; Pass 0 Path 4715
G0 X5.58 Y156.32
G1 X4.58 Y156.32 S300.00 F1000

; Pass 0 Path 4716
G0 X4.58 Y156.22
G1 X5.58 Y156.22 S300.00 F1000

; Pass 0 Path 4717
G0 X5.58 Y156.12
G1 X4.58 Y156.12 S300.00 F1000

; Pass 0 Path 4718
G0 X4.58 Y156.02
G1 X5.58 Y156.02 S300.00 F1000

; Pass 0 Path 4719
G0 X5.58 Y155.92
G1 X4.58 Y155.92 S300.00 F1000

; Pass 0 Path 4720
G0 X4.58 Y155.82
G1 X5.58 Y155.82 S300.00 F1000

; Pass 0 Path 4721
G0 X5.58 Y155.72
G1 X4.58 Y155.72 S300.00 F1000

; Pass 0 Path 4722
G0 X4.58 Y155.62
G1 X5.58 Y155.62 S300.00 F1000

; Pass 0 Path 4723
G0 X5.58 Y155.52
G1 X4.58 Y155.52 S300.00 F1000

; Pass 0 Path 4724
G0 X4.58 Y155.42
G1 X5.58 Y155.42 S300.00 F1000

; Pass 0 Path 4725
G0 X5.58 Y155.32
G1 X4.58 Y155.32 S300.00 F1000

; Pass 0 Path 4726
G0 X4.58 Y155.22
G1 X5.58 Y155.22 S300.00 F1000

; Pass 0 Path 4727
G0 X5.58 Y155.12
G1 X4.58 Y155.12 S300.00 F1000

; Pass 0 Path 4728
G0 X4.58 Y155.02
G1 X5.58 Y155.02 S300.00 F1000

; Pass 0 Path 4729
G0 X5.58 Y154.92
G1 X4.58 Y154.92 S300.00 F1000

; Pass 0 Path 4730
G0 X4.58 Y154.82
G1 X5.58 Y154.82 S300.00 F1000

; Pass 0 Path 4731
G0 X5.58 Y154.72
G1 X4.58 Y154.72 S300.00 F1000

; Pass 0 Path 4732
G0 X4.58 Y154.62
G1 X5.58 Y154.62 S300.00 F1000

; Pass 0 Path 4733
G0 X5.58 Y154.52
G1 X4.58 Y154.52 S300.00 F1000

; Pass 0 Path 4734
G0 X4.58 Y154.42
G1 X5.58 Y154.42 S300.00 F1000

; Pass 0 Path 4735
G0 X5.58 Y154.32
G1 X4.58 Y154.32 S300.00 F1000

; Pass 0 Path 4736
G0 X4.58 Y154.22
G1 X5.58 Y154.22 S300.00 F1000

; Pass 0 Path 4737
G0 X5.58 Y154.12
G1 X4.58 Y154.12 S300.00 F1000

; Pass 0 Path 4738
G0 X4.58 Y154.02
G1 X5.58 Y154.02 S300.00 F1000

; Pass 0 Path 4739
G0 X5.58 Y153.92
G1 X4.58 Y153.92 S300.00 F1000

; Pass 0 Path 4740
G0 X4.58 Y153.82
G1 X5.58 Y153.82 S300.00 F1000

; Pass 0 Path 4741
G0 X5.58 Y153.72
G1 X4.58 Y153.72 S300.00 F1000

; Pass 0 Path 4742
G0 X4.58 Y153.62
G1 X5.58 Y153.62 S300.00 F1000

; Pass 0 Path 4743
G0 X5.58 Y153.52
G1 X4.58 Y153.52 S300.00 F1000

; Pass 0 Path 4744
G0 X4.58 Y153.42
G1 X5.58 Y153.42 S300.00 F1000

; Pass 0 Path 4745
G0 X5.58 Y153.32
G1 X4.58 Y153.32 S300.00 F1000

; Pass 0 Path 4746
G0 X4.58 Y153.22
G1 X5.58 Y153.22 S300.00 F1000

; Pass 0 Path 4747
G0 X5.58 Y153.12
G1 X4.58 Y153.12 S300.00 F1000

; Pass 0 Path 4748
G0 X4.58 Y153.02
G1 X5.58 Y153.02 S300.00 F1000

; Pass 0 Path 4749
G0 X5.58 Y152.92
G1 X4.58 Y152.92 S300.00 F1000

; Pass 0 Path 4750
G0 X4.58 Y152.82
G1 X5.58 Y152.82 S300.00 F1000

; Pass 0 Path 4751
G0 X5.58 Y152.72
G1 X4.58 Y152.72 S300.00 F1000

; Pass 0 Path 4752
G0 X4.58 Y152.62
G1 X5.58 Y152.62 S300.00 F1000

; Pass 0 Path 4753
G0 X5.58 Y152.52
G1 X4.58 Y152.52 S300.00 F1000

; Pass 0 Path 4754
G0 X4.58 Y152.42
G1 X5.58 Y152.42 S300.00 F1000

; Pass 0 Path 4755
G0 X5.58 Y152.32
G1 X4.58 Y152.32 S300.00 F1000

; Pass 0 Path 4756
G0 X4.58 Y152.22
G1 X5.58 Y152.22 S300.00 F1000

; Pass 0 Path 4757
G0 X5.58 Y152.12
G1 X4.58 Y152.12 S300.00 F1000

; Pass 0 Path 4758
G0 X4.58 Y152.02
G1 X5.58 Y152.02 S300.00 F1000

; Pass 0 Path 4759
G0 X5.58 Y151.92
G1 X4.58 Y151.92 S300.00 F1000

; Pass 0 Path 4760
G0 X4.58 Y151.82
G1 X5.58 Y151.82 S300.00 F1000

; Pass 0 Path 4761
G0 X5.58 Y151.72
G1 X4.58 Y151.72 S300.00 F1000

; Pass 0 Path 4762
G0 X4.58 Y151.62
G1 X5.58 Y151.62 S300.00 F1000

; Pass 0 Path 4763
G0 X5.58 Y151.52
G1 X4.58 Y151.52 S300.00 F1000

; Pass 0 Path 4764
G0 X4.58 Y151.42
G1 X5.58 Y151.42 S300.00 F1000

; Pass 0 Path 4765
G0 X5.58 Y151.32
G1 X4.58 Y151.32 S300.00 F1000

; Pass 0 Path 4766
G0 X4.58 Y151.22
G1 X5.58 Y151.22 S300.00 F1000

; Pass 0 Path 4767
G0 X5.58 Y151.12
G1 X4.58 Y151.12 S300.00 F1000

; Pass 0 Path 4768
G0 X4.58 Y151.02
G1 X5.58 Y151.02 S300.00 F1000

; Pass 0 Path 4769
G0 X5.58 Y150.92
G1 X4.58 Y150.92 S300.00 F1000

; Pass 0 Path 4770
G0 X4.58 Y150.82
G1 X5.58 Y150.82 S300.00 F1000

; Pass 0 Path 4771
G0 X5.58 Y150.72
G1 X4.58 Y150.72 S300.00 F1000

; Pass 0 Path 4772
G0 X4.58 Y150.62
G1 X5.58 Y150.62 S300.00 F1000

; Pass 0 Path 4773
G0 X5.58 Y150.52
G1 X4.58 Y150.52 S300.00 F1000

; Pass 0 Path 4774
G0 X4.58 Y150.42
G1 X5.58 Y150.42 S300.00 F1000

; Pass 0 Path 4775
G0 X5.58 Y150.32
G1 X4.58 Y150.32 S300.00 F1000

; Pass 0 Path 4776
G0 X4.58 Y150.22
G1 X5.58 Y150.22 S300.00 F1000

; Pass 0 Path 4777
G0 X5.58 Y150.12
G1 X4.58 Y150.12 S300.00 F1000

; Pass 0 Path 4778
G0 X4.58 Y150.02
G1 X5.58 Y150.02 S300.00 F1000

; Pass 0 Path 4779
G0 X5.58 Y149.92
G1 X4.58 Y149.92 S300.00 F1000

; Pass 0 Path 4780
G0 X4.58 Y149.82
G1 X5.58 Y149.82 S300.00 F1000

; Pass 0 Path 4781
G0 X5.58 Y149.72
G1 X4.58 Y149.72 S300.00 F1000

; Pass 0 Path 4782
G0 X4.58 Y149.62
G1 X5.58 Y149.62 S300.00 F1000

; Pass 0 Path 4783
G0 X5.58 Y149.52
G1 X4.58 Y149.52 S300.00 F1000

; Pass 0 Path 4784
G0 X4.58 Y149.42
G1 X5.58 Y149.42 S300.00 F1000

; Pass 0 Path 4785
G0 X5.58 Y149.32
G1 X4.58 Y149.32 S300.00 F1000

; Pass 0 Path 4786
G0 X4.58 Y149.22
G1 X5.58 Y149.22 S300.00 F1000

; Pass 0 Path 4787
G0 X5.58 Y149.12
G1 X4.58 Y149.12 S300.00 F1000

; Pass 0 Path 4788
G0 X4.59 Y149.02
G1 X5.59 Y149.02 S300.00 F1000

; Pass 0 Path 4789
G0 X5.60 Y148.92
G1 X4.60 Y148.92 S300.00 F1000

; Pass 0 Path 4790
G0 X4.61 Y148.82
G1 X5.62 Y148.82 S300.00 F1000

; Pass 0 Path 4791
G0 X5.64 Y148.72
G1 X4.62 Y148.72 S300.00 F1000

; Pass 0 Path 4792
G0 X4.64 Y148.62
G1 X5.67 Y148.62 S300.00 F1000

; Pass 0 Path 4793
G0 X5.70 Y148.52
G1 X4.67 Y148.52 S300.00 F1000

; Pass 0 Path 4794
G0 X4.69 Y148.42
G1 X5.74 Y148.42 S300.00 F1000

; Pass 0 Path 4795
G0 X5.78 Y148.32
G1 X4.72 Y148.32 S300.00 F1000

; Pass 0 Path 4796
G0 X4.75 Y148.22
G1 X5.83 Y148.22 S300.00 F1000

; Pass 0 Path 4797
G0 X5.89 Y148.12
G1 X4.79 Y148.12 S300.00 F1000

; Pass 0 Path 4798
G0 X4.83 Y148.02
G1 X5.95 Y148.02 S300.00 F1000

; Pass 0 Path 4799
G0 X6.02 Y147.92
G1 X4.87 Y147.92 S300.00 F1000

; Pass 0 Path 4800
G0 X4.92 Y147.82
G1 X6.10 Y147.82 S300.00 F1000

; Pass 0 Path 4801
G0 X6.19 Y147.72
G1 X4.97 Y147.72 S300.00 F1000

; Pass 0 Path 4802
G0 X5.03 Y147.62
G1 X6.30 Y147.62 S300.00 F1000

; Pass 0 Path 4803
G0 X6.41 Y147.52
G1 X5.09 Y147.52 S300.00 F1000

; Pass 0 Path 4804
G0 X5.16 Y147.42
G1 X6.55 Y147.42 S300.00 F1000

; Pass 0 Path 4805
G0 X6.72 Y147.32
G1 X5.23 Y147.32 S300.00 F1000

; Pass 0 Path 4806
G0 X5.31 Y147.22
G1 X6.93 Y147.22 S300.00 F1000

; Pass 0 Path 4807
G0 X7.23 Y147.12
G1 X5.40 Y147.12 S300.00 F1000

; Pass 0 Path 4808
G0 X5.49 Y147.02
G1 X27.53 Y147.02 S300.00 F1000

; Pass 0 Path 4809
G0 X27.62 Y147.12
G1 X25.79 Y147.12 S300.00 F1000

; Pass 0 Path 4810
G0 X26.09 Y147.22
G1 X27.71 Y147.22 S300.00 F1000

; Pass 0 Path 4811
G0 X27.79 Y147.32
G1 X26.30 Y147.32 S300.00 F1000

; Pass 0 Path 4812
G0 X26.47 Y147.42
G1 X27.86 Y147.42 S300.00 F1000

; Pass 0 Path 4813
G0 X27.93 Y147.52
G1 X26.61 Y147.52 S300.00 F1000

; Pass 0 Path 4814
G0 X26.72 Y147.62
G1 X27.99 Y147.62 S300.00 F1000

; Pass 0 Path 4815
G0 X28.05 Y147.72
G1 X26.83 Y147.72 S300.00 F1000

; Pass 0 Path 4816
G0 X26.92 Y147.82
G1 X28.10 Y147.82 S300.00 F1000

; Pass 0 Path 4817
G0 X28.15 Y147.92
G1 X27.00 Y147.92 S300.00 F1000

; Pass 0 Path 4818
G0 X27.07 Y148.02
G1 X28.19 Y148.02 S300.00 F1000

; Pass 0 Path 4819
G0 X28.23 Y148.12
G1 X27.13 Y148.12 S300.00 F1000

; Pass 0 Path 4820
G0 X27.19 Y148.22
G1 X28.27 Y148.22 S300.00 F1000

; Pass 0 Path 4821
G0 X28.30 Y148.32
G1 X27.24 Y148.32 S300.00 F1000

; Pass 0 Path 4822
G0 X27.28 Y148.42
G1 X28.33 Y148.42 S300.00 F1000

; Pass 0 Path 4823
G0 X28.35 Y148.52
G1 X27.32 Y148.52 S300.00 F1000

; Pass 0 Path 4824
G0 X27.35 Y148.62
G1 X28.38 Y148.62 S300.00 F1000

; Pass 0 Path 4825
G0 X28.39 Y148.72
G1 X27.38 Y148.72 S300.00 F1000

; Pass 0 Path 4826
G0 X27.40 Y148.82
G1 X28.41 Y148.82 S300.00 F1000

; Pass 0 Path 4827
G0 X28.42 Y148.92
G1 X27.42 Y148.92 S300.00 F1000

; Pass 0 Path 4828
G0 X27.43 Y149.02
G1 X28.43 Y149.02 S300.00 F1000

; Pass 0 Path 4829
G0 X28.44 Y149.12
G1 X27.44 Y149.12 S300.00 F1000

; Pass 0 Path 4830
G0 X27.44 Y149.22
G1 X28.44 Y149.22 S300.00 F1000

; Pass 0 Path 4831
G0 X28.44 Y149.32
G1 X27.44 Y149.32 S300.00 F1000

; Pass 0 Path 4832
G0 X27.44 Y149.42
G1 X28.44 Y149.42 S300.00 F1000

; Pass 0 Path 4833
G0 X28.44 Y149.52
G1 X27.44 Y149.52 S300.00 F1000

; Pass 0 Path 4834
G0 X27.44 Y149.62
G1 X28.44 Y149.62 S300.00 F1000

; Pass 0 Path 4835
G0 X28.44 Y149.72
G1 X27.44 Y149.72 S300.00 F1000

; Pass 0 Path 4836
G0 X27.44 Y149.82
G1 X28.44 Y149.82 S300.00 F1000

; Pass 0 Path 4837
G0 X28.44 Y149.92
G1 X27.44 Y149.92 S300.00 F1000

; Pass 0 Path 4838
G0 X27.44 Y150.02
G1 X28.44 Y150.02 S300.00 F1000

; Pass 0 Path 4839
G0 X28.44 Y150.12
G1 X27.44 Y150.12 S300.00 F1000

; Pass 0 Path 4840
G0 X27.44 Y150.22
G1 X28.44 Y150.22 S300.00 F1000

; Pass 0 Path 4841
G0 X28.44 Y150.32
G1 X27.44 Y150.32 S300.00 F1000

; Pass 0 Path 4842
G0 X27.44 Y150.42
G1 X28.44 Y150.42 S300.00 F1000

; Pass 0 Path 4843
G0 X28.44 Y150.52
G1 X27.44 Y150.52 S300.00 F1000

; Pass 0 Path 4844
G0 X27.44 Y150.62
G1 X28.44 Y150.62 S300.00 F1000

; Pass 0 Path 4845
G0 X28.44 Y150.72
G1 X27.44 Y150.72 S300.00 F1000

; Pass 0 Path 4846
G0 X27.44 Y150.82
G1 X28.44 Y150.82 S300.00 F1000

; Pass 0 Path 4847
G0 X28.44 Y150.92
G1 X27.44 Y150.92 S300.00 F1000

; Pass 0 Path 4848
G0 X27.44 Y151.02
G1 X28.44 Y151.02 S300.00 F1000

; Pass 0 Path 4849
G0 X28.44 Y151.12
G1 X27.44 Y151.12 S300.00 F1000

; Pass 0 Path 4850
G0 X27.44 Y151.22
G1 X28.44 Y151.22 S300.00 F1000

; Pass 0 Path 4851
G0 X28.44 Y151.32
G1 X27.44 Y151.32 S300.00 F1000

; Pass 0 Path 4852
G0 X27.44 Y151.42
G1 X28.44 Y151.42 S300.00 F1000

; Pass 0 Path 4853
G0 X28.44 Y151.52
G1 X27.44 Y151.52 S300.00 F1000

; Pass 0 Path 4854
G0 X27.44 Y151.62
G1 X28.44 Y151.62 S300.00 F1000

; Pass 0 Path 4855
G0 X28.44 Y151.72
G1 X27.44 Y151.72 S300.00 F1000

; Pass 0 Path 4856
G0 X27.44 Y151.82
G1 X28.44 Y151.82 S300.00 F1000

; Pass 0 Path 4857
G0 X28.44 Y151.92
G1 X27.44 Y151.92 S300.00 F1000

; Pass 0 Path 4858
G0 X27.44 Y152.02
G1 X28.44 Y152.02 S300.00 F1000

; Pass 0 Path 4859
G0 X28.44 Y152.12
G1 X27.44 Y152.12 S300.00 F1000

; Pass 0 Path 4860
G0 X27.44 Y152.22
G1 X28.44 Y152.22 S300.00 F1000

; Pass 0 Path 4861
G0 X28.44 Y152.32
G1 X27.44 Y152.32 S300.00 F1000

; Pass 0 Path 4862
G0 X27.44 Y152.42
G1 X28.44 Y152.42 S300.00 F1000

; Pass 0 Path 4863
G0 X28.44 Y152.52
G1 X27.44 Y152.52 S300.00 F1000

; Pass 0 Path 4864
G0 X27.44 Y152.62
G1 X28.44 Y152.62 S300.00 F1000

; Pass 0 Path 4865
G0 X28.44 Y152.72
G1 X27.44 Y152.72 S300.00 F1000

; Pass 0 Path 4866
G0 X27.44 Y152.82
G1 X28.44 Y152.82 S300.00 F1000

; Pass 0 Path 4867
G0 X28.44 Y152.92
G1 X27.44 Y152.92 S300.00 F1000

; Pass 0 Path 4868
G0 X27.44 Y153.02
G1 X28.44 Y153.02 S300.00 F1000

; Pass 0 Path 4869
G0 X28.44 Y153.12
G1 X27.44 Y153.12 S300.00 F1000

; Pass 0 Path 4870
G0 X27.44 Y153.22
G1 X28.44 Y153.22 S300.00 F1000

; Pass 0 Path 4871
G0 X28.44 Y153.32
G1 X27.44 Y153.32 S300.00 F1000

; Pass 0 Path 4872
G0 X27.44 Y153.42
G1 X28.44 Y153.42 S300.00 F1000

; Pass 0 Path 4873
G0 X28.44 Y153.52
G1 X27.44 Y153.52 S300.00 F1000

; Pass 0 Path 4874
G0 X27.44 Y153.62
G1 X28.44 Y153.62 S300.00 F1000

; Pass 0 Path 4875
G0 X28.44 Y153.72
G1 X27.44 Y153.72 S300.00 F1000

; Pass 0 Path 4876
G0 X27.44 Y153.82
G1 X28.44 Y153.82 S300.00 F1000

; Pass 0 Path 4877
G0 X28.44 Y153.92
G1 X27.44 Y153.92 S300.00 F1000

; Pass 0 Path 4878
G0 X27.44 Y154.02
G1 X28.44 Y154.02 S300.00 F1000

; Pass 0 Path 4879
G0 X28.44 Y154.12
G1 X27.44 Y154.12 S300.00 F1000

; Pass 0 Path 4880
G0 X27.44 Y154.22
G1 X28.44 Y154.22 S300.00 F1000

; Pass 0 Path 4881
G0 X28.44 Y154.32
G1 X27.44 Y154.32 S300.00 F1000

; Pass 0 Path 4882
G0 X27.44 Y154.42
G1 X28.44 Y154.42 S300.00 F1000

; Pass 0 Path 4883
G0 X28.44 Y154.52
G1 X27.44 Y154.52 S300.00 F1000

; Pass 0 Path 4884
G0 X27.44 Y154.62
G1 X28.44 Y154.62 S300.00 F1000

; Pass 0 Path 4885
G0 X28.44 Y154.72
G1 X27.44 Y154.72 S300.00 F1000

; Pass 0 Path 4886
G0 X27.44 Y154.82
G1 X28.44 Y154.82 S300.00 F1000

; Pass 0 Path 4887
G0 X28.44 Y154.92
G1 X27.44 Y154.92 S300.00 F1000

; Pass 0 Path 4888
G0 X27.44 Y155.02
G1 X28.44 Y155.02 S300.00 F1000

; Pass 0 Path 4889
G0 X28.44 Y155.12
G1 X27.44 Y155.12 S300.00 F1000

; Pass 0 Path 4890
G0 X27.44 Y155.22
G1 X28.44 Y155.22 S300.00 F1000

; Pass 0 Path 4891
G0 X28.44 Y155.32
G1 X27.44 Y155.32 S300.00 F1000

; Pass 0 Path 4892
G0 X27.44 Y155.42
G1 X28.44 Y155.42 S300.00 F1000

; Pass 0 Path 4893
G0 X28.44 Y155.52
G1 X27.44 Y155.52 S300.00 F1000

; Pass 0 Path 4894
G0 X27.44 Y155.62
G1 X28.44 Y155.62 S300.00 F1000

; Pass 0 Path 4895
G0 X28.44 Y155.72
G1 X27.44 Y155.72 S300.00 F1000

; Pass 0 Path 4896
G0 X27.44 Y155.82
G1 X28.44 Y155.82 S300.00 F1000

; Pass 0 Path 4897
G0 X28.44 Y155.92
G1 X27.44 Y155.92 S300.00 F1000

; Pass 0 Path 4898
G0 X27.44 Y156.02
G1 X28.44 Y156.02 S300.00 F1000

; Pass 0 Path 4899
G0 X28.44 Y156.12
G1 X27.44 Y156.12 S300.00 F1000

; Pass 0 Path 4900
G0 X27.44 Y156.22
G1 X28.44 Y156.22 S300.00 F1000

; Pass 0 Path 4901
G0 X28.44 Y156.32
G1 X27.44 Y156.32 S300.00 F1000

; Pass 0 Path 4902
G0 X27.44 Y156.42
G1 X28.44 Y156.42 S300.00 F1000

; Pass 0 Path 4903
G0 X28.44 Y156.52
G1 X27.44 Y156.52 S300.00 F1000

; Pass 0 Path 4904
G0 X27.44 Y156.62
G1 X28.44 Y156.62 S300.00 F1000

; Pass 0 Path 4905
G0 X28.44 Y156.72
G1 X27.44 Y156.72 S300.00 F1000

; Pass 0 Path 4906
G0 X27.44 Y156.82
G1 X28.44 Y156.82 S300.00 F1000

; Pass 0 Path 4907
G0 X28.44 Y156.92
G1 X27.44 Y156.92 S300.00 F1000

; Pass 0 Path 4908
G0 X27.44 Y157.02
G1 X28.44 Y157.02 S300.00 F1000

; Pass 0 Path 4909
G0 X28.44 Y157.12
G1 X27.44 Y157.12 S300.00 F1000

; Pass 0 Path 4910
G0 X27.44 Y157.22
G1 X28.44 Y157.22 S300.00 F1000

; Pass 0 Path 4911
G0 X28.44 Y157.32
G1 X27.44 Y157.32 S300.00 F1000

; Pass 0 Path 4912
G0 X27.44 Y157.42
G1 X28.44 Y157.42 S300.00 F1000

; Pass 0 Path 4913
G0 X28.44 Y157.52
G1 X27.44 Y157.52 S300.00 F1000

; Pass 0 Path 4914
G0 X27.44 Y157.62
G1 X28.44 Y157.62 S300.00 F1000

; Pass 0 Path 4915
G0 X28.44 Y157.72
G1 X27.44 Y157.72 S300.00 F1000

; Pass 0 Path 4916
G0 X27.44 Y157.82
G1 X28.44 Y157.82 S300.00 F1000

; Pass 0 Path 4917
G0 X28.44 Y157.92
G1 X27.44 Y157.92 S300.00 F1000

; Pass 0 Path 4918
G0 X27.44 Y158.02
G1 X28.44 Y158.02 S300.00 F1000

; Pass 0 Path 4919
G0 X28.44 Y158.12
G1 X27.44 Y158.12 S300.00 F1000

; Pass 0 Path 4920
G0 X27.44 Y158.22
G1 X28.44 Y158.22 S300.00 F1000

; Pass 0 Path 4921
G0 X28.44 Y158.32
G1 X27.44 Y158.32 S300.00 F1000

; Pass 0 Path 4922
G0 X27.44 Y158.42
G1 X28.44 Y158.42 S300.00 F1000

; Pass 0 Path 4923
G0 X28.44 Y158.52
G1 X27.44 Y158.52 S300.00 F1000

; Pass 0 Path 4924
G0 X27.44 Y158.62
G1 X28.44 Y158.62 S300.00 F1000

; Pass 0 Path 4925
G0 X28.44 Y158.72
G1 X27.44 Y158.72 S300.00 F1000

; Pass 0 Path 4926
G0 X27.44 Y158.82
G1 X28.44 Y158.82 S300.00 F1000

; Pass 0 Path 4927
G0 X28.44 Y158.92
G1 X27.44 Y158.92 S300.00 F1000

; Pass 0 Path 4928
G0 X27.44 Y159.02
G1 X28.44 Y159.02 S300.00 F1000

; Pass 0 Path 4929
G0 X28.44 Y159.12
G1 X27.44 Y159.12 S300.00 F1000

; Pass 0 Path 4930
G0 X27.44 Y159.22
G1 X28.44 Y159.22 S300.00 F1000

; Pass 0 Path 4931
G0 X28.44 Y159.32
G1 X27.44 Y159.32 S300.00 F1000

; Pass 0 Path 4932
G0 X27.44 Y159.42
G1 X28.44 Y159.42 S300.00 F1000

; Pass 0 Path 4933
G0 X28.44 Y159.52
G1 X27.44 Y159.52 S300.00 F1000

; Pass 0 Path 4934
G0 X27.44 Y159.62
G1 X28.44 Y159.62 S300.00 F1000

; Pass 0 Path 4935
G0 X28.44 Y159.72
G1 X27.44 Y159.72 S300.00 F1000

; Pass 0 Path 4936
G0 X27.44 Y159.82
G1 X28.44 Y159.82 S300.00 F1000

; Pass 0 Path 4937
G0 X28.44 Y159.92
G1 X27.44 Y159.92 S300.00 F1000

; Pass 0 Path 4938
G0 X27.44 Y160.02
G1 X28.44 Y160.02 S300.00 F1000

; Pass 0 Path 4939
G0 X28.44 Y160.12
G1 X27.44 Y160.12 S300.00 F1000

; Pass 0 Path 4940
G0 X27.44 Y160.22
G1 X28.44 Y160.22 S300.00 F1000

; Pass 0 Path 4941
G0 X28.44 Y160.32
G1 X27.44 Y160.32 S300.00 F1000

; Pass 0 Path 4942
G0 X27.44 Y160.42
G1 X28.44 Y160.42 S300.00 F1000

; Pass 0 Path 4943
G0 X28.44 Y160.52
G1 X27.44 Y160.52 S300.00 F1000

; Pass 0 Path 4944
G0 X27.44 Y160.62
G1 X28.44 Y160.62 S300.00 F1000

; Pass 0 Path 4945
G0 X28.44 Y160.72
G1 X27.44 Y160.72 S300.00 F1000

; Pass 0 Path 4946
G0 X27.44 Y160.82
G1 X28.44 Y160.82 S300.00 F1000

; Pass 0 Path 4947
G0 X28.44 Y160.92
G1 X27.44 Y160.92 S300.00 F1000

; Pass 0 Path 4948
G0 X27.44 Y161.02
G1 X28.44 Y161.02 S300.00 F1000

; Pass 0 Path 4949
G0 X28.44 Y161.12
G1 X27.44 Y161.12 S300.00 F1000

; Pass 0 Path 4950
G0 X27.44 Y161.22
G1 X28.44 Y161.22 S300.00 F1000

; Pass 0 Path 4951
G0 X28.44 Y161.32
G1 X27.44 Y161.32 S300.00 F1000

; Pass 0 Path 4952
G0 X27.44 Y161.42
G1 X28.44 Y161.42 S300.00 F1000

; Pass 0 Path 4953
G0 X28.44 Y161.52
G1 X27.44 Y161.52 S300.00 F1000

; Pass 0 Path 4954
G0 X27.44 Y161.62
G1 X28.44 Y161.62 S300.00 F1000

; Pass 0 Path 4955
G0 X28.44 Y161.72
G1 X27.44 Y161.72 S300.00 F1000

; Pass 0 Path 4956
G0 X27.44 Y161.82
G1 X28.44 Y161.82 S300.00 F1000

; Pass 0 Path 4957
G0 X28.44 Y161.92
G1 X27.44 Y161.92 S300.00 F1000

; Pass 0 Path 4958
G0 X27.44 Y162.02
G1 X28.44 Y162.02 S300.00 F1000

; Pass 0 Path 4959
G0 X28.44 Y162.12
G1 X27.44 Y162.12 S300.00 F1000

; Pass 0 Path 4960
G0 X27.44 Y162.22
G1 X28.44 Y162.22 S300.00 F1000

; Pass 0 Path 4961
G0 X28.44 Y162.32
G1 X27.44 Y162.32 S300.00 F1000

; Pass 0 Path 4962
G0 X27.44 Y162.42
G1 X28.44 Y162.42 S300.00 F1000

; Pass 0 Path 4963
G0 X28.44 Y162.52
G1 X27.44 Y162.52 S300.00 F1000

; Pass 0 Path 4964
G0 X27.44 Y162.62
G1 X28.44 Y162.62 S300.00 F1000

; Pass 0 Path 4965
G0 X28.44 Y162.72
G1 X27.44 Y162.72 S300.00 F1000

; Pass 0 Path 4966
G0 X27.44 Y162.82
G1 X28.44 Y162.82 S300.00 F1000

; Pass 0 Path 4967
G0 X28.44 Y162.92
G1 X27.44 Y162.92 S300.00 F1000

; Pass 0 Path 4968
G0 X27.44 Y163.02
G1 X28.44 Y163.02 S300.00 F1000

; Pass 0 Path 4969
G0 X28.44 Y163.12
G1 X27.44 Y163.12 S300.00 F1000

; Pass 0 Path 4970
G0 X27.44 Y163.22
G1 X28.44 Y163.22 S300.00 F1000

; Pass 0 Path 4971
G0 X28.44 Y163.32
G1 X27.44 Y163.32 S300.00 F1000

; Pass 0 Path 4972
G0 X27.44 Y163.42
G1 X28.44 Y163.42 S300.00 F1000

; Pass 0 Path 4973
G0 X28.44 Y163.52
G1 X27.44 Y163.52 S300.00 F1000

; Pass 0 Path 4974
G0 X27.44 Y163.62
G1 X28.44 Y163.62 S300.00 F1000

; Pass 0 Path 4975
G0 X28.44 Y163.72
G1 X27.44 Y163.72 S300.00 F1000

; Pass 0 Path 4976
G0 X27.44 Y163.82
G1 X28.44 Y163.82 S300.00 F1000

; Pass 0 Path 4977
G0 X28.44 Y163.92
G1 X27.44 Y163.92 S300.00 F1000

; Pass 0 Path 4978
G0 X27.44 Y164.02
G1 X28.44 Y164.02 S300.00 F1000

; Pass 0 Path 4979
G0 X28.44 Y164.12
G1 X27.44 Y164.12 S300.00 F1000

; Pass 0 Path 4980
G0 X27.44 Y164.22
G1 X28.44 Y164.22 S300.00 F1000

; Pass 0 Path 4981
G0 X28.44 Y164.32
G1 X27.44 Y164.32 S300.00 F1000

; Pass 0 Path 4982
G0 X27.44 Y164.42
G1 X28.44 Y164.42 S300.00 F1000

; Pass 0 Path 4983
G0 X28.44 Y164.52
G1 X27.44 Y164.52 S300.00 F1000

; Pass 0 Path 4984
G0 X27.44 Y164.62
G1 X28.44 Y164.62 S300.00 F1000

; Pass 0 Path 4985
G0 X28.44 Y164.72
G1 X27.44 Y164.72 S300.00 F1000

; Pass 0 Path 4986
G0 X27.44 Y164.82
G1 X28.44 Y164.82 S300.00 F1000

; Pass 0 Path 4987
G0 X28.44 Y164.92
G1 X27.44 Y164.92 S300.00 F1000

; Pass 0 Path 4988
G0 X27.44 Y165.02
G1 X28.44 Y165.02 S300.00 F1000

; Pass 0 Path 4989
G0 X28.44 Y165.12
G1 X27.44 Y165.12 S300.00 F1000

; Pass 0 Path 4990
G0 X27.44 Y165.22
G1 X28.44 Y165.22 S300.00 F1000

; Pass 0 Path 4991
G0 X28.44 Y165.32
G1 X27.44 Y165.32 S300.00 F1000

; Pass 0 Path 4992
G0 X27.44 Y165.42
G1 X28.44 Y165.42 S300.00 F1000

; Pass 0 Path 4993
G0 X28.44 Y165.52
G1 X27.44 Y165.52 S300.00 F1000

; Pass 0 Path 4994
G0 X27.44 Y165.62
G1 X28.44 Y165.62 S300.00 F1000

; Pass 0 Path 4995
G0 X28.44 Y165.72
G1 X27.44 Y165.72 S300.00 F1000

; Pass 0 Path 4996
G0 X27.44 Y165.82
G1 X28.44 Y165.82 S300.00 F1000

; Pass 0 Path 4997
G0 X28.44 Y165.92
G1 X27.44 Y165.92 S300.00 F1000

; Pass 0 Path 4998
G0 X27.44 Y166.02
G1 X28.44 Y166.02 S300.00 F1000

; Pass 0 Path 4999
G0 X28.44 Y166.12
G1 X27.44 Y166.12 S300.00 F1000

; Pass 0 Path 5000
G0 X27.44 Y166.22
G1 X28.44 Y166.22 S300.00 F1000

; Pass 0 Path 5001
G0 X28.44 Y166.32
G1 X27.44 Y166.32 S300.00 F1000

; Pass 0 Path 5002
G0 X27.44 Y166.42
G1 X28.44 Y166.42 S300.00 F1000

; Pass 0 Path 5003
G0 X28.44 Y166.52
G1 X27.44 Y166.52 S300.00 F1000

; Pass 0 Path 5004
G0 X27.44 Y166.62
G1 X28.44 Y166.62 S300.00 F1000

; Pass 0 Path 5005
G0 X28.44 Y166.72
G1 X27.44 Y166.72 S300.00 F1000

; Pass 0 Path 5006
G0 X27.44 Y166.82
G1 X28.44 Y166.82 S300.00 F1000

; Pass 0 Path 5007
G0 X28.43 Y166.92
G1 X27.43 Y166.92 S300.00 F1000

; Pass 0 Path 5008
G0 X27.42 Y167.02
G1 X28.42 Y167.02 S300.00 F1000

; Pass 0 Path 5009
G0 X28.41 Y167.12
G1 X27.40 Y167.12 S300.00 F1000

; Pass 0 Path 5010
G0 X27.38 Y167.22
G1 X28.40 Y167.22 S300.00 F1000

; Pass 0 Path 5011
G0 X28.38 Y167.32
G1 X27.36 Y167.32 S300.00 F1000

; Pass 0 Path 5012
G0 X27.33 Y167.42
G1 X28.36 Y167.42 S300.00 F1000

; Pass 0 Path 5013
G0 X28.34 Y167.52
G1 X27.29 Y167.52 S300.00 F1000

; Pass 0 Path 5014
G0 X27.25 Y167.62
G1 X28.31 Y167.62 S300.00 F1000

; Pass 0 Path 5015
G0 X28.28 Y167.72
G1 X27.20 Y167.72 S300.00 F1000

; Pass 0 Path 5016
G0 X27.15 Y167.82
G1 X28.24 Y167.82 S300.00 F1000

; Pass 0 Path 5017
G0 X28.20 Y167.92
G1 X27.09 Y167.92 S300.00 F1000

; Pass 0 Path 5018
G0 X27.02 Y168.02
G1 X28.16 Y168.02 S300.00 F1000

; Pass 0 Path 5019
G0 X28.11 Y168.12
G1 X26.94 Y168.12 S300.00 F1000

; Pass 0 Path 5020
G0 X26.85 Y168.22
G1 X28.06 Y168.22 S300.00 F1000

; Pass 0 Path 5021
G0 X28.01 Y168.32
G1 X26.75 Y168.32 S300.00 F1000

; Pass 0 Path 5022
G0 X26.64 Y168.42
G1 X27.95 Y168.42 S300.00 F1000

; Pass 0 Path 5023
G0 X27.88 Y168.52
G1 X26.51 Y168.52 S300.00 F1000

; Pass 0 Path 5024
G0 X26.35 Y168.62
G1 X27.81 Y168.62 S300.00 F1000

; Pass 0 Path 5025
G0 X27.73 Y168.72
G1 X26.15 Y168.72 S300.00 F1000

; Pass 0 Path 5026
G0 X25.88 Y168.82
G1 X27.65 Y168.82 S300.00 F1000

; Pass 0 Path 5027
G0 X18.87 Y162.02
G1 X14.11 Y162.02 S300.00 F1000

; Pass 0 Path 5028
G0 X14.11 Y162.12
G1 X18.75 Y162.12 S300.00 F1000

; Pass 0 Path 5029
G0 X18.52 Y162.22
G1 X14.14 Y162.22 S300.00 F1000

; Pass 0 Path 5030
G0 X14.11 Y161.92
G1 X18.95 Y161.92 S300.00 F1000

; Pass 0 Path 5031
G0 X18.99 Y161.82
G1 X14.11 Y161.82 S300.00 F1000

; Pass 0 Path 5032
G0 X14.11 Y161.72
G1 X19.03 Y161.72 S300.00 F1000

; Pass 0 Path 5033
G0 X19.04 Y161.62
G1 X14.11 Y161.62 S300.00 F1000

; Pass 0 Path 5034
G0 X14.11 Y161.52
G1 X19.05 Y161.52 S300.00 F1000

; Pass 0 Path 5035
G0 X19.05 Y161.42
G1 X14.11 Y161.42 S300.00 F1000

; Pass 0 Path 5036
G0 X14.11 Y161.32
G1 X19.03 Y161.32 S300.00 F1000

; Pass 0 Path 5037
G0 X19.00 Y161.22
G1 X14.11 Y161.22 S300.00 F1000

; Pass 0 Path 5038
G0 X14.11 Y161.12
G1 X18.96 Y161.12 S300.00 F1000

; Pass 0 Path 5039
G0 X18.89 Y161.02
G1 X14.11 Y161.02 S300.00 F1000

; Pass 0 Path 5040
G0 X14.11 Y160.92
G1 X18.79 Y160.92 S300.00 F1000

; Pass 0 Path 5041
G0 X18.60 Y160.82
G1 X14.11 Y160.82 S300.00 F1000

; Pass 0 Path 5042
G0 X14.11 Y160.72
G1 X15.64 Y160.72 S300.00 F1000

; Pass 0 Path 5043
G0 X15.64 Y160.62
G1 X14.11 Y160.62 S300.00 F1000

; Pass 0 Path 5044
G0 X14.11 Y160.52
G1 X15.64 Y160.52 S300.00 F1000

; Pass 0 Path 5045
G0 X15.64 Y160.42
G1 X14.11 Y160.42 S300.00 F1000

; Pass 0 Path 5046
G0 X14.11 Y160.32
G1 X15.64 Y160.32 S300.00 F1000

; Pass 0 Path 5047
G0 X15.64 Y160.22
G1 X14.11 Y160.22 S300.00 F1000

; Pass 0 Path 5048
G0 X14.11 Y160.12
G1 X15.64 Y160.12 S300.00 F1000

; Pass 0 Path 5049
G0 X15.64 Y160.02
G1 X14.11 Y160.02 S300.00 F1000

; Pass 0 Path 5050
G0 X14.11 Y159.92
G1 X15.64 Y159.92 S300.00 F1000

; Pass 0 Path 5051
G0 X15.64 Y159.82
G1 X14.11 Y159.82 S300.00 F1000

; Pass 0 Path 5052
G0 X14.11 Y159.72
G1 X15.64 Y159.72 S300.00 F1000

; Pass 0 Path 5053
G0 X15.64 Y159.62
G1 X14.11 Y159.62 S300.00 F1000

; Pass 0 Path 5054
G0 X14.11 Y159.52
G1 X17.92 Y159.52 S300.00 F1000

; Pass 0 Path 5055
G0 X18.13 Y159.42
G1 X14.11 Y159.42 S300.00 F1000

; Pass 0 Path 5056
G0 X14.11 Y159.32
G1 X18.29 Y159.32 S300.00 F1000

; Pass 0 Path 5057
G0 X18.44 Y159.22
G1 X14.11 Y159.22 S300.00 F1000

; Pass 0 Path 5058
G0 X14.11 Y159.12
G1 X18.56 Y159.12 S300.00 F1000

; Pass 0 Path 5059
G0 X18.67 Y159.02
G1 X14.11 Y159.02 S300.00 F1000

; Pass 0 Path 5060
G0 X14.11 Y158.92
G1 X18.78 Y158.92 S300.00 F1000

; Pass 0 Path 5061
G0 X18.87 Y158.82
G1 X14.11 Y158.82 S300.00 F1000

; Pass 0 Path 5062
G0 X14.11 Y158.72
G1 X18.95 Y158.72 S300.00 F1000

; Pass 0 Path 5063
G0 X19.02 Y158.62
G1 X14.11 Y158.62 S300.00 F1000

; Pass 0 Path 5064
G0 X14.11 Y158.52
G1 X19.09 Y158.52 S300.00 F1000

; Pass 0 Path 5065
G0 X19.15 Y158.42
G1 X14.12 Y158.42 S300.00 F1000

; Pass 0 Path 5066
G0 X14.14 Y158.32
G1 X19.21 Y158.32 S300.00 F1000

; Pass 0 Path 5067
G0 X19.26 Y158.22
G1 X16.88 Y158.22 S300.00 F1000

; Pass 0 Path 5068
G0 X16.63 Y158.22
G1 X14.17 Y158.22 S300.00 F1000

; Pass 0 Path 5069
G0 X14.21 Y158.12
G1 X16.10 Y158.12 S300.00 F1000

; Pass 0 Path 5070
G0 X15.79 Y158.02
G1 X14.27 Y158.02 S300.00 F1000

; Pass 0 Path 5071
G0 X14.35 Y157.92
G1 X15.54 Y157.92 S300.00 F1000

; Pass 0 Path 5072
G0 X15.32 Y157.82
G1 X14.47 Y157.82 S300.00 F1000

; Pass 0 Path 5073
G0 X14.68 Y157.72
G1 X15.07 Y157.72 S300.00 F1000

; Pass 0 Path 5074
G0 X14.45 Y156.02
G1 X13.95 Y156.02 S300.00 F1000

; Pass 0 Path 5075
G0 X13.76 Y155.92
G1 X14.64 Y155.92 S300.00 F1000

; Pass 0 Path 5076
G0 X14.77 Y155.82
G1 X13.64 Y155.82 S300.00 F1000

; Pass 0 Path 5077
G0 X13.56 Y155.72
G1 X14.91 Y155.72 S300.00 F1000

; Pass 0 Path 5078
G0 X15.09 Y155.62
G1 X13.51 Y155.62 S300.00 F1000

; Pass 0 Path 5079
G0 X13.47 Y155.52
G1 X15.40 Y155.52 S300.00 F1000

; Pass 0 Path 5080
G0 X15.16 Y154.02
G1 X17.30 Y154.02 S300.00 F1000

; Pass 0 Path 5081
G0 X17.68 Y154.12
G1 X14.75 Y154.12 S300.00 F1000

; Pass 0 Path 5082
G0 X14.46 Y154.22
G1 X17.95 Y154.22 S300.00 F1000

; Pass 0 Path 5083
G0 X18.17 Y154.32
G1 X14.23 Y154.32 S300.00 F1000

; Pass 0 Path 5084
G0 X14.05 Y154.42
G1 X18.35 Y154.42 S300.00 F1000

; Pass 0 Path 5085
G0 X18.50 Y154.52
G1 X13.90 Y154.52 S300.00 F1000

; Pass 0 Path 5086
G0 X13.78 Y154.62
G1 X18.63 Y154.62 S300.00 F1000

; Pass 0 Path 5087
G0 X18.75 Y154.72
G1 X13.68 Y154.72 S300.00 F1000

; Pass 0 Path 5088
G0 X13.60 Y154.82
G1 X18.85 Y154.82 S300.00 F1000

; Pass 0 Path 5089
G0 X18.94 Y154.92
G1 X13.54 Y154.92 S300.00 F1000

; Pass 0 Path 5090
G0 X13.49 Y155.02
G1 X19.03 Y155.02 S300.00 F1000

; Pass 0 Path 5091
G0 X19.10 Y155.12
G1 X13.46 Y155.12 S300.00 F1000

; Pass 0 Path 5092
G0 X13.44 Y155.22
G1 X19.16 Y155.22 S300.00 F1000

; Pass 0 Path 5093
G0 X19.22 Y155.32
G1 X13.44 Y155.32 S300.00 F1000

; Pass 0 Path 5094
G0 X13.45 Y155.42
G1 X19.28 Y155.42 S300.00 F1000

; Pass 0 Path 5095
G0 X19.32 Y155.52
G1 X16.98 Y155.52 S300.00 F1000

; Pass 0 Path 5096
G0 X17.33 Y155.62
G1 X19.37 Y155.62 S300.00 F1000

; Pass 0 Path 5097
G0 X19.40 Y155.72
G1 X17.53 Y155.72 S300.00 F1000

; Pass 0 Path 5098
G0 X17.67 Y155.82
G1 X19.44 Y155.82 S300.00 F1000

; Pass 0 Path 5099
G0 X19.47 Y155.92
G1 X17.77 Y155.92 S300.00 F1000

; Pass 0 Path 5100
G0 X17.85 Y156.02
G1 X19.49 Y156.02 S300.00 F1000

; Pass 0 Path 5101
G0 X19.52 Y156.12
G1 X17.91 Y156.12 S300.00 F1000

; Pass 0 Path 5102
G0 X17.95 Y156.22
G1 X19.53 Y156.22 S300.00 F1000

; Pass 0 Path 5103
G0 X19.55 Y156.32
G1 X17.99 Y156.32 S300.00 F1000

; Pass 0 Path 5104
G0 X18.01 Y156.42
G1 X19.56 Y156.42 S300.00 F1000

; Pass 0 Path 5105
G0 X19.57 Y156.52
G1 X18.03 Y156.52 S300.00 F1000

; Pass 0 Path 5106
G0 X18.04 Y156.62
G1 X19.58 Y156.62 S300.00 F1000

; Pass 0 Path 5107
G0 X19.58 Y156.72
G1 X18.05 Y156.72 S300.00 F1000

; Pass 0 Path 5108
G0 X18.05 Y156.82
G1 X19.58 Y156.82 S300.00 F1000

; Pass 0 Path 5109
G0 X19.58 Y156.92
G1 X18.04 Y156.92 S300.00 F1000

; Pass 0 Path 5110
G0 X18.03 Y157.02
G1 X19.58 Y157.02 S300.00 F1000

; Pass 0 Path 5111
G0 X19.57 Y157.12
G1 X18.02 Y157.12 S300.00 F1000

; Pass 0 Path 5112
G0 X18.00 Y157.22
G1 X19.56 Y157.22 S300.00 F1000

; Pass 0 Path 5113
G0 X19.54 Y157.32
G1 X17.98 Y157.32 S300.00 F1000

; Pass 0 Path 5114
G0 X17.94 Y157.42
G1 X19.53 Y157.42 S300.00 F1000

; Pass 0 Path 5115
G0 X19.51 Y157.52
G1 X17.90 Y157.52 S300.00 F1000

; Pass 0 Path 5116
G0 X17.85 Y157.62
G1 X19.48 Y157.62 S300.00 F1000

; Pass 0 Path 5117
G0 X19.46 Y157.72
G1 X17.79 Y157.72 S300.00 F1000

; Pass 0 Path 5118
G0 X17.71 Y157.82
G1 X19.43 Y157.82 S300.00 F1000

; Pass 0 Path 5119
G0 X19.39 Y157.92
G1 X17.61 Y157.92 S300.00 F1000

; Pass 0 Path 5120
G0 X17.48 Y158.02
G1 X19.35 Y158.02 S300.00 F1000

; Pass 0 Path 5121
G0 X19.31 Y158.12
G1 X17.30 Y158.12 S300.00 F1000

; Pass 0 Path 5122
G0 X17.66 Y159.62
G1 X15.85 Y159.62 S300.00 F1000

; Pass 0 Path 5123
G0 X16.32 Y159.72
G1 X17.26 Y159.72 S300.00 F1000

; Pass 0 Path 5124
G0 X25.90 Y146.12
G1 X7.12 Y146.12 S300.00 F1000

; Pass 0 Path 5125
G0 X6.76 Y146.22
G1 X26.26 Y146.22 S300.00 F1000

; Pass 0 Path 5126
G0 X26.52 Y146.32
G1 X6.50 Y146.32 S300.00 F1000

; Pass 0 Path 5127
G0 X6.29 Y146.42
G1 X26.73 Y146.42 S300.00 F1000

; Pass 0 Path 5128
G0 X26.90 Y146.52
G1 X6.12 Y146.52 S300.00 F1000

; Pass 0 Path 5129
G0 X5.96 Y146.62
G1 X27.06 Y146.62 S300.00 F1000

; Pass 0 Path 5130
G0 X27.19 Y146.72
G1 X5.83 Y146.72 S300.00 F1000

; Pass 0 Path 5131
G0 X5.70 Y146.82
G1 X27.32 Y146.82 S300.00 F1000

; Pass 0 Path 5132
G0 X27.43 Y146.92
G1 X5.59 Y146.92 S300.00 F1000

; Pass 0 Path 5133
G0 X7.05 Y140.62
G1 X25.97 Y140.62 S300.00 F1000

; Pass 0 Path 5134
G0 X26.31 Y140.52
G1 X6.71 Y140.52 S300.00 F1000

; Pass 0 Path 5135
G0 X6.46 Y140.42
G1 X26.56 Y140.42 S300.00 F1000

; Pass 0 Path 5136
G0 X26.76 Y140.32
G1 X6.26 Y140.32 S300.00 F1000

; Pass 0 Path 5137
G0 X6.09 Y140.22
G1 X26.93 Y140.22 S300.00 F1000

; Pass 0 Path 5138
G0 X27.08 Y140.12
G1 X5.94 Y140.12 S300.00 F1000

; Pass 0 Path 5139
G0 X5.81 Y140.02
G1 X27.21 Y140.02 S300.00 F1000

; Pass 0 Path 5140
G0 X27.33 Y139.92
G1 X5.68 Y139.92 S300.00 F1000

; Pass 0 Path 5141
G0 X5.57 Y139.82
G1 X27.44 Y139.82 S300.00 F1000

; Pass 0 Path 5142
G0 X18.59 Y132.92
G1 X16.72 Y132.92 S300.00 F1000

; Pass 0 Path 5143
G0 X16.66 Y132.82
G1 X18.62 Y132.82 S300.00 F1000

; Pass 0 Path 5144
G0 X18.62 Y132.72
G1 X16.60 Y132.72 S300.00 F1000

; Pass 0 Path 5145
G0 X16.54 Y132.62
G1 X18.62 Y132.62 S300.00 F1000

; Pass 0 Path 5146
G0 X18.62 Y132.52
G1 X16.48 Y132.52 S300.00 F1000

; Pass 0 Path 5147
G0 X16.42 Y132.42
G1 X18.62 Y132.42 S300.00 F1000

; Pass 0 Path 5148
G0 X18.62 Y132.32
G1 X16.36 Y132.32 S300.00 F1000

; Pass 0 Path 5149
G0 X16.30 Y132.22
G1 X18.62 Y132.22 S300.00 F1000

; Pass 0 Path 5150
G0 X18.62 Y132.12
G1 X16.24 Y132.12 S300.00 F1000

; Pass 0 Path 5151
G0 X16.18 Y132.02
G1 X18.62 Y132.02 S300.00 F1000

; Pass 0 Path 5152
G0 X18.62 Y131.92
G1 X16.11 Y131.92 S300.00 F1000

; Pass 0 Path 5153
G0 X16.05 Y131.82
G1 X18.62 Y131.82 S300.00 F1000

; Pass 0 Path 5154
G0 X18.62 Y131.72
G1 X15.99 Y131.72 S300.00 F1000

; Pass 0 Path 5155
G0 X15.93 Y131.62
G1 X18.62 Y131.62 S300.00 F1000

; Pass 0 Path 5156
G0 X18.62 Y131.52
G1 X15.87 Y131.52 S300.00 F1000

; Pass 0 Path 5157
G0 X15.81 Y131.42
G1 X18.62 Y131.42 S300.00 F1000

; Pass 0 Path 5158
G0 X18.62 Y131.32
G1 X15.75 Y131.32 S300.00 F1000

; Pass 0 Path 5159
G0 X15.69 Y131.22
G1 X18.62 Y131.22 S300.00 F1000

; Pass 0 Path 5160
G0 X18.62 Y131.12
G1 X15.63 Y131.12 S300.00 F1000

; Pass 0 Path 5161
G0 X15.57 Y131.02
G1 X18.62 Y131.02 S300.00 F1000

; Pass 0 Path 5162
G0 X18.62 Y130.92
G1 X15.51 Y130.92 S300.00 F1000

; Pass 0 Path 5163
G0 X15.45 Y130.82
G1 X18.62 Y130.82 S300.00 F1000

; Pass 0 Path 5164
G0 X18.62 Y130.72
G1 X15.39 Y130.72 S300.00 F1000

; Pass 0 Path 5165
G0 X15.33 Y130.62
G1 X18.62 Y130.62 S300.00 F1000

; Pass 0 Path 5166
G0 X18.62 Y130.52
G1 X17.08 Y130.52 S300.00 F1000

; Pass 0 Path 5167
G0 X17.05 Y130.52
G1 X15.27 Y130.52 S300.00 F1000

; Pass 0 Path 5168
G0 X15.21 Y130.42
G1 X16.99 Y130.42 S300.00 F1000

; Pass 0 Path 5169
G0 X17.08 Y130.42
G1 X18.62 Y130.42 S300.00 F1000

; Pass 0 Path 5170
G0 X18.62 Y130.32
G1 X17.08 Y130.32 S300.00 F1000

; Pass 0 Path 5171
G0 X17.08 Y130.22
G1 X18.62 Y130.22 S300.00 F1000

; Pass 0 Path 5172
G0 X18.62 Y130.12
G1 X17.08 Y130.12 S300.00 F1000

; Pass 0 Path 5173
G0 X17.08 Y130.02
G1 X18.62 Y130.02 S300.00 F1000

; Pass 0 Path 5174
G0 X18.62 Y129.92
G1 X17.08 Y129.92 S300.00 F1000

; Pass 0 Path 5175
G0 X17.08 Y129.82
G1 X18.62 Y129.82 S300.00 F1000

; Pass 0 Path 5176
G0 X18.62 Y129.72
G1 X17.08 Y129.72 S300.00 F1000

; Pass 0 Path 5177
G0 X17.08 Y129.62
G1 X18.62 Y129.62 S300.00 F1000

; Pass 0 Path 5178
G0 X18.62 Y129.52
G1 X17.08 Y129.52 S300.00 F1000

; Pass 0 Path 5179
G0 X17.08 Y129.42
G1 X18.62 Y129.42 S300.00 F1000

; Pass 0 Path 5180
G0 X18.62 Y129.32
G1 X17.08 Y129.32 S300.00 F1000

; Pass 0 Path 5181
G0 X17.08 Y129.22
G1 X18.62 Y129.22 S300.00 F1000

; Pass 0 Path 5182
G0 X18.62 Y129.12
G1 X17.08 Y129.12 S300.00 F1000

; Pass 0 Path 5183
G0 X17.08 Y129.02
G1 X18.62 Y129.02 S300.00 F1000

; Pass 0 Path 5184
G0 X18.62 Y128.92
G1 X17.08 Y128.92 S300.00 F1000

; Pass 0 Path 5185
G0 X17.08 Y128.82
G1 X18.62 Y128.82 S300.00 F1000

; Pass 0 Path 5186
G0 X18.62 Y128.72
G1 X17.08 Y128.72 S300.00 F1000

; Pass 0 Path 5187
G0 X17.08 Y128.62
G1 X18.62 Y128.62 S300.00 F1000

; Pass 0 Path 5188
G0 X18.62 Y128.52
G1 X17.08 Y128.52 S300.00 F1000

; Pass 0 Path 5189
G0 X17.08 Y128.42
G1 X18.62 Y128.42 S300.00 F1000

; Pass 0 Path 5190
G0 X18.62 Y128.32
G1 X17.08 Y128.32 S300.00 F1000

; Pass 0 Path 5191
G0 X17.08 Y128.22
G1 X18.62 Y128.22 S300.00 F1000

; Pass 0 Path 5192
G0 X18.62 Y128.12
G1 X17.08 Y128.12 S300.00 F1000

; Pass 0 Path 5193
G0 X16.00 Y128.82
G1 X14.25 Y128.82 S300.00 F1000

; Pass 0 Path 5194
G0 X14.31 Y128.92
G1 X16.06 Y128.92 S300.00 F1000

; Pass 0 Path 5195
G0 X16.12 Y129.02
G1 X14.37 Y129.02 S300.00 F1000

; Pass 0 Path 5196
G0 X14.43 Y129.12
G1 X16.18 Y129.12 S300.00 F1000

; Pass 0 Path 5197
G0 X16.25 Y129.22
G1 X14.49 Y129.22 S300.00 F1000

; Pass 0 Path 5198
G0 X14.55 Y129.32
G1 X16.31 Y129.32 S300.00 F1000

; Pass 0 Path 5199
G0 X16.37 Y129.42
G1 X14.61 Y129.42 S300.00 F1000

; Pass 0 Path 5200
G0 X14.67 Y129.52
G1 X16.43 Y129.52 S300.00 F1000

; Pass 0 Path 5201
G0 X16.49 Y129.62
G1 X14.73 Y129.62 S300.00 F1000

; Pass 0 Path 5202
G0 X14.79 Y129.72
G1 X16.56 Y129.72 S300.00 F1000

; Pass 0 Path 5203
G0 X16.62 Y129.82
G1 X14.85 Y129.82 S300.00 F1000

; Pass 0 Path 5204
G0 X14.91 Y129.92
G1 X16.68 Y129.92 S300.00 F1000

; Pass 0 Path 5205
G0 X16.74 Y130.02
G1 X14.97 Y130.02 S300.00 F1000

; Pass 0 Path 5206
G0 X15.03 Y130.12
G1 X16.80 Y130.12 S300.00 F1000

; Pass 0 Path 5207
G0 X16.87 Y130.22
G1 X15.09 Y130.22 S300.00 F1000

; Pass 0 Path 5208
G0 X15.15 Y130.32
G1 X16.93 Y130.32 S300.00 F1000

; Pass 0 Path 5209
G0 X15.94 Y128.72
G1 X14.19 Y128.72 S300.00 F1000

; Pass 0 Path 5210
G0 X14.13 Y128.62
G1 X15.87 Y128.62 S300.00 F1000

; Pass 0 Path 5211
G0 X15.81 Y128.52
G1 X14.07 Y128.52 S300.00 F1000

; Pass 0 Path 5212
G0 X14.01 Y128.42
G1 X15.75 Y128.42 S300.00 F1000

; Pass 0 Path 5213
G0 X15.69 Y128.32
G1 X13.95 Y128.32 S300.00 F1000

; Pass 0 Path 5214
G0 X13.89 Y128.22
G1 X15.63 Y128.22 S300.00 F1000

; Pass 0 Path 5215
G0 X15.56 Y128.12
G1 X13.83 Y128.12 S300.00 F1000

; Pass 0 Path 5216
G0 X13.77 Y128.02
G1 X18.85 Y128.02 S300.00 F1000

; Pass 0 Path 5217
G0 X19.11 Y127.92
G1 X13.71 Y127.92 S300.00 F1000

; Pass 0 Path 5218
G0 X13.65 Y127.82
G1 X19.22 Y127.82 S300.00 F1000

; Pass 0 Path 5219
G0 X19.29 Y127.72
G1 X13.63 Y127.72 S300.00 F1000

; Pass 0 Path 5220
G0 X13.63 Y127.62
G1 X19.34 Y127.62 S300.00 F1000

; Pass 0 Path 5221
G0 X19.37 Y127.52
G1 X13.63 Y127.52 S300.00 F1000

; Pass 0 Path 5222
G0 X13.63 Y127.42
G1 X19.39 Y127.42 S300.00 F1000

; Pass 0 Path 5223
G0 X19.39 Y127.32
G1 X13.63 Y127.32 S300.00 F1000

; Pass 0 Path 5224
G0 X13.63 Y127.22
G1 X19.39 Y127.22 S300.00 F1000

; Pass 0 Path 5225
G0 X19.37 Y127.12
G1 X13.63 Y127.12 S300.00 F1000

; Pass 0 Path 5226
G0 X13.63 Y127.02
G1 X19.34 Y127.02 S300.00 F1000

; Pass 0 Path 5227
G0 X19.29 Y126.92
G1 X13.63 Y126.92 S300.00 F1000

; Pass 0 Path 5228
G0 X13.63 Y126.82
G1 X19.21 Y126.82 S300.00 F1000

; Pass 0 Path 5229
G0 X19.09 Y126.72
G1 X13.63 Y126.72 S300.00 F1000

; Pass 0 Path 5230
G0 X13.65 Y126.62
G1 X18.79 Y126.62 S300.00 F1000

; Pass 0 Path 5231
G0 X18.62 Y126.52
G1 X17.08 Y126.52 S300.00 F1000

; Pass 0 Path 5232
G0 X17.08 Y126.42
G1 X18.62 Y126.42 S300.00 F1000

; Pass 0 Path 5233
G0 X18.62 Y126.32
G1 X16.44 Y126.32 S300.00 F1000

; Pass 0 Path 5234
G0 X16.12 Y126.22
G1 X19.01 Y126.22 S300.00 F1000

; Pass 0 Path 5235
G0 X19.17 Y126.12
G1 X15.97 Y126.12 S300.00 F1000

; Pass 0 Path 5236
G0 X15.89 Y126.02
G1 X19.26 Y126.02 S300.00 F1000

; Pass 0 Path 5237
G0 X19.32 Y125.92
G1 X15.83 Y125.92 S300.00 F1000

; Pass 0 Path 5238
G0 X15.79 Y125.82
G1 X19.36 Y125.82 S300.00 F1000

; Pass 0 Path 5239
G0 X19.38 Y125.72
G1 X15.77 Y125.72 S300.00 F1000

; Pass 0 Path 5240
G0 X15.76 Y125.62
G1 X19.39 Y125.62 S300.00 F1000

; Pass 0 Path 5241
G0 X19.39 Y125.52
G1 X15.76 Y125.52 S300.00 F1000

; Pass 0 Path 5242
G0 X15.77 Y125.42
G1 X19.38 Y125.42 S300.00 F1000

; Pass 0 Path 5243
G0 X19.36 Y125.32
G1 X15.80 Y125.32 S300.00 F1000

; Pass 0 Path 5244
G0 X15.84 Y125.22
G1 X19.32 Y125.22 S300.00 F1000

; Pass 0 Path 5245
G0 X19.26 Y125.12
G1 X15.90 Y125.12 S300.00 F1000

; Pass 0 Path 5246
G0 X15.99 Y125.02
G1 X19.17 Y125.02 S300.00 F1000

; Pass 0 Path 5247
G0 X19.01 Y124.92
G1 X16.14 Y124.92 S300.00 F1000

; Pass 0 Path 5248
G0 X16.49 Y124.82
G1 X18.66 Y124.82 S300.00 F1000

; Pass 0 Path 5249
G0 X17.18 Y103.92
G1 X15.90 Y103.92 S300.00 F1000

; Pass 0 Path 5250
G0 X15.43 Y103.82
G1 X17.60 Y103.82 S300.00 F1000

; Pass 0 Path 5251
G0 X17.87 Y103.72
G1 X15.11 Y103.72 S300.00 F1000

; Pass 0 Path 5252
G0 X14.87 Y103.62
G1 X18.07 Y103.62 S300.00 F1000

; Pass 0 Path 5253
G0 X18.23 Y103.52
G1 X14.67 Y103.52 S300.00 F1000

; Pass 0 Path 5254
G0 X14.50 Y103.42
G1 X18.37 Y103.42 S300.00 F1000

; Pass 0 Path 5255
G0 X18.50 Y103.32
G1 X14.35 Y103.32 S300.00 F1000

; Pass 0 Path 5256
G0 X14.23 Y103.22
G1 X18.60 Y103.22 S300.00 F1000

; Pass 0 Path 5257
G0 X18.70 Y103.12
G1 X14.12 Y103.12 S300.00 F1000

; Pass 0 Path 5258
G0 X14.03 Y103.02
G1 X18.79 Y103.02 S300.00 F1000

; Pass 0 Path 5259
G0 X18.87 Y102.92
G1 X13.96 Y102.92 S300.00 F1000

; Pass 0 Path 5260
G0 X13.90 Y102.82
G1 X18.94 Y102.82 S300.00 F1000

; Pass 0 Path 5261
G0 X19.00 Y102.72
G1 X13.86 Y102.72 S300.00 F1000

; Pass 0 Path 5262
G0 X13.83 Y102.62
G1 X19.05 Y102.62 S300.00 F1000

; Pass 0 Path 5263
G0 X19.10 Y102.52
G1 X13.81 Y102.52 S300.00 F1000

; Pass 0 Path 5264
G0 X13.81 Y102.42
G1 X16.13 Y102.42 S300.00 F1000

; Pass 0 Path 5265
G0 X15.68 Y102.32
G1 X13.81 Y102.32 S300.00 F1000

; Pass 0 Path 5266
G0 X13.84 Y102.22
G1 X15.49 Y102.22 S300.00 F1000

; Pass 0 Path 5267
G0 X15.35 Y102.12
G1 X13.87 Y102.12 S300.00 F1000

; Pass 0 Path 5268
G0 X13.92 Y102.02
G1 X15.24 Y102.02 S300.00 F1000

; Pass 0 Path 5269
G0 X15.14 Y101.92
G1 X14.00 Y101.92 S300.00 F1000

; Pass 0 Path 5270
G0 X14.10 Y101.82
G1 X15.03 Y101.82 S300.00 F1000

; Pass 0 Path 5271
G0 X14.86 Y101.72
G1 X14.27 Y101.72 S300.00 F1000

; Pass 0 Path 5272
G0 X15.68 Y100.52
G1 X18.91 Y100.52 S300.00 F1000

; Pass 0 Path 5273
G0 X18.99 Y100.62
G1 X15.82 Y100.62 S300.00 F1000

; Pass 0 Path 5274
G0 X16.10 Y100.72
G1 X19.06 Y100.72 S300.00 F1000

; Pass 0 Path 5275
G0 X19.12 Y100.82
G1 X17.18 Y100.82 S300.00 F1000

; Pass 0 Path 5276
G0 X17.36 Y100.92
G1 X19.17 Y100.92 S300.00 F1000

; Pass 0 Path 5277
G0 X19.21 Y101.02
G1 X17.49 Y101.02 S300.00 F1000

; Pass 0 Path 5278
G0 X17.58 Y101.12
G1 X19.24 Y101.12 S300.00 F1000

; Pass 0 Path 5279
G0 X19.26 Y101.22
G1 X17.65 Y101.22 S300.00 F1000

; Pass 0 Path 5280
G0 X17.71 Y101.32
G1 X19.28 Y101.32 S300.00 F1000

; Pass 0 Path 5281
G0 X19.29 Y101.42
G1 X17.74 Y101.42 S300.00 F1000

; Pass 0 Path 5282
G0 X17.76 Y101.52
G1 X19.30 Y101.52 S300.00 F1000

; Pass 0 Path 5283
G0 X19.30 Y101.62
G1 X17.77 Y101.62 S300.00 F1000

; Pass 0 Path 5284
G0 X17.76 Y101.72
G1 X19.30 Y101.72 S300.00 F1000

; Pass 0 Path 5285
G0 X19.29 Y101.82
G1 X17.74 Y101.82 S300.00 F1000

; Pass 0 Path 5286
G0 X17.70 Y101.92
G1 X19.28 Y101.92 S300.00 F1000

; Pass 0 Path 5287
G0 X19.26 Y102.02
G1 X17.64 Y102.02 S300.00 F1000

; Pass 0 Path 5288
G0 X17.54 Y102.12
G1 X19.24 Y102.12 S300.00 F1000

; Pass 0 Path 5289
G0 X19.21 Y102.22
G1 X17.41 Y102.22 S300.00 F1000

; Pass 0 Path 5290
G0 X17.20 Y102.32
G1 X19.18 Y102.32 S300.00 F1000

; Pass 0 Path 5291
G0 X19.15 Y102.42
G1 X16.75 Y102.42 S300.00 F1000

; Pass 0 Path 5292
G0 X15.59 Y100.42
G1 X18.82 Y100.42 S300.00 F1000

; Pass 0 Path 5293
G0 X18.71 Y100.32
G1 X15.53 Y100.32 S300.00 F1000

; Pass 0 Path 5294
G0 X15.49 Y100.22
G1 X18.58 Y100.22 S300.00 F1000

; Pass 0 Path 5295
G0 X18.45 Y100.12
G1 X15.46 Y100.12 S300.00 F1000

; Pass 0 Path 5296
G0 X15.45 Y100.02
G1 X18.30 Y100.02 S300.00 F1000

; Pass 0 Path 5297
G0 X18.31 Y99.92
G1 X15.45 Y99.92 S300.00 F1000

; Pass 0 Path 5298
G0 X15.46 Y99.82
G1 X18.47 Y99.82 S300.00 F1000

; Pass 0 Path 5299
G0 X18.62 Y99.72
G1 X15.49 Y99.72 S300.00 F1000

; Pass 0 Path 5300
G0 X15.53 Y99.62
G1 X18.75 Y99.62 S300.00 F1000

; Pass 0 Path 5301
G0 X18.87 Y99.52
G1 X15.60 Y99.52 S300.00 F1000

; Pass 0 Path 5302
G0 X15.70 Y99.42
G1 X18.98 Y99.42 S300.00 F1000

; Pass 0 Path 5303
G0 X19.07 Y99.32
G1 X15.88 Y99.32 S300.00 F1000

; Pass 0 Path 5304
G0 X16.65 Y99.22
G1 X19.16 Y99.22 S300.00 F1000

; Pass 0 Path 5305
G0 X19.23 Y99.12
G1 X17.09 Y99.12 S300.00 F1000

; Pass 0 Path 5306
G0 X17.32 Y99.02
G1 X19.30 Y99.02 S300.00 F1000

; Pass 0 Path 5307
G0 X19.36 Y98.92
G1 X17.50 Y98.92 S300.00 F1000

; Pass 0 Path 5308
G0 X17.63 Y98.82
G1 X19.41 Y98.82 S300.00 F1000

; Pass 0 Path 5309
G0 X19.45 Y98.72
G1 X17.74 Y98.72 S300.00 F1000

; Pass 0 Path 5310
G0 X17.83 Y98.62
G1 X19.49 Y98.62 S300.00 F1000

; Pass 0 Path 5311
G0 X19.52 Y98.52
G1 X17.90 Y98.52 S300.00 F1000

; Pass 0 Path 5312
G0 X17.96 Y98.42
G1 X19.54 Y98.42 S300.00 F1000

; Pass 0 Path 5313
G0 X19.56 Y98.32
G1 X18.00 Y98.32 S300.00 F1000

; Pass 0 Path 5314
G0 X18.03 Y98.22
G1 X19.57 Y98.22 S300.00 F1000

; Pass 0 Path 5315
G0 X19.58 Y98.12
G1 X18.04 Y98.12 S300.00 F1000

; Pass 0 Path 5316
G0 X18.05 Y98.02
G1 X19.58 Y98.02 S300.00 F1000

; Pass 0 Path 5317
G0 X19.58 Y97.92
G1 X18.04 Y97.92 S300.00 F1000

; Pass 0 Path 5318
G0 X18.01 Y97.82
G1 X19.57 Y97.82 S300.00 F1000

; Pass 0 Path 5319
G0 X19.56 Y97.72
G1 X17.98 Y97.72 S300.00 F1000

; Pass 0 Path 5320
G0 X17.94 Y97.62
G1 X19.54 Y97.62 S300.00 F1000

; Pass 0 Path 5321
G0 X19.52 Y97.52
G1 X17.88 Y97.52 S300.00 F1000

; Pass 0 Path 5322
G0 X17.81 Y97.42
G1 X19.50 Y97.42 S300.00 F1000

; Pass 0 Path 5323
G0 X19.47 Y97.32
G1 X17.71 Y97.32 S300.00 F1000

; Pass 0 Path 5324
G0 X17.57 Y97.22
G1 X19.44 Y97.22 S300.00 F1000

; Pass 0 Path 5325
G0 X19.40 Y97.12
G1 X17.38 Y97.12 S300.00 F1000

; Pass 0 Path 5326
G0 X17.05 Y97.02
G1 X19.36 Y97.02 S300.00 F1000

; Pass 0 Path 5327
G0 X19.31 Y96.92
G1 X13.50 Y96.92 S300.00 F1000

; Pass 0 Path 5328
G0 X13.46 Y96.82
G1 X19.26 Y96.82 S300.00 F1000

; Pass 0 Path 5329
G0 X19.20 Y96.72
G1 X13.44 Y96.72 S300.00 F1000

; Pass 0 Path 5330
G0 X13.44 Y96.62
G1 X19.14 Y96.62 S300.00 F1000

; Pass 0 Path 5331
G0 X19.07 Y96.52
G1 X13.45 Y96.52 S300.00 F1000

; Pass 0 Path 5332
G0 X13.47 Y96.42
G1 X18.99 Y96.42 S300.00 F1000

; Pass 0 Path 5333
G0 X18.90 Y96.32
G1 X13.51 Y96.32 S300.00 F1000

; Pass 0 Path 5334
G0 X13.56 Y96.22
G1 X18.80 Y96.22 S300.00 F1000

; Pass 0 Path 5335
G0 X18.69 Y96.12
G1 X13.63 Y96.12 S300.00 F1000

; Pass 0 Path 5336
G0 X13.73 Y96.02
G1 X18.57 Y96.02 S300.00 F1000

; Pass 0 Path 5337
G0 X18.43 Y95.92
G1 X13.86 Y95.92 S300.00 F1000

; Pass 0 Path 5338
G0 X14.02 Y95.82
G1 X18.26 Y95.82 S300.00 F1000

; Pass 0 Path 5339
G0 X18.05 Y95.72
G1 X14.23 Y95.72 S300.00 F1000

; Pass 0 Path 5340
G0 X14.51 Y95.62
G1 X17.79 Y95.62 S300.00 F1000

; Pass 0 Path 5341
G0 X17.42 Y95.52
G1 X14.91 Y95.52 S300.00 F1000

; Pass 0 Path 5342
G0 X15.78 Y95.42
G1 X16.58 Y95.42 S300.00 F1000

; Pass 0 Path 5343
G0 X15.16 Y97.02
G1 X13.55 Y97.02 S300.00 F1000

; Pass 0 Path 5344
G0 X13.62 Y97.12
G1 X14.85 Y97.12 S300.00 F1000

; Pass 0 Path 5345
G0 X14.68 Y97.22
G1 X13.72 Y97.22 S300.00 F1000

; Pass 0 Path 5346
G0 X13.88 Y97.32
G1 X14.51 Y97.32 S300.00 F1000

; Pass 0 Path 5347
G0 X16.11 Y74.62
G1 X17.16 Y74.62 S300.00 F1000

; Pass 0 Path 5348
G0 X17.59 Y74.52
G1 X15.69 Y74.52 S300.00 F1000

; Pass 0 Path 5349
G0 X15.41 Y74.42
G1 X17.86 Y74.42 S300.00 F1000

; Pass 0 Path 5350
G0 X18.07 Y74.32
G1 X15.19 Y74.32 S300.00 F1000

; Pass 0 Path 5351
G0 X15.00 Y74.22
G1 X18.25 Y74.22 S300.00 F1000

; Pass 0 Path 5352
G0 X18.40 Y74.12
G1 X14.84 Y74.12 S300.00 F1000

; Pass 0 Path 5353
G0 X14.70 Y74.02
G1 X18.53 Y74.02 S300.00 F1000

; Pass 0 Path 5354
G0 X18.65 Y73.92
G1 X14.58 Y73.92 S300.00 F1000

; Pass 0 Path 5355
G0 X14.46 Y73.82
G1 X18.75 Y73.82 S300.00 F1000

; Pass 0 Path 5356
G0 X18.84 Y73.72
G1 X14.36 Y73.72 S300.00 F1000

; Pass 0 Path 5357
G0 X14.27 Y73.62
G1 X18.93 Y73.62 S300.00 F1000

; Pass 0 Path 5358
G0 X19.00 Y73.52
G1 X14.18 Y73.52 S300.00 F1000

; Pass 0 Path 5359
G0 X14.11 Y73.42
G1 X19.07 Y73.42 S300.00 F1000

; Pass 0 Path 5360
G0 X19.13 Y73.32
G1 X14.04 Y73.32 S300.00 F1000

; Pass 0 Path 5361
G0 X13.98 Y73.22
G1 X19.19 Y73.22 S300.00 F1000

; Pass 0 Path 5362
G0 X19.23 Y73.12
G1 X16.79 Y73.12 S300.00 F1000

; Pass 0 Path 5363
G0 X16.38 Y73.12
G1 X13.93 Y73.12 S300.00 F1000

; Pass 0 Path 5364
G0 X13.88 Y73.02
G1 X15.96 Y73.02 S300.00 F1000

; Pass 0 Path 5365
G0 X15.77 Y72.92
G1 X13.84 Y72.92 S300.00 F1000

; Pass 0 Path 5366
G0 X13.81 Y72.82
G1 X15.64 Y72.82 S300.00 F1000

; Pass 0 Path 5367
G0 X15.54 Y72.72
G1 X13.78 Y72.72 S300.00 F1000

; Pass 0 Path 5368
G0 X13.77 Y72.62
G1 X15.46 Y72.62 S300.00 F1000

; Pass 0 Path 5369
G0 X15.39 Y72.52
G1 X13.75 Y72.52 S300.00 F1000

; Pass 0 Path 5370
G0 X13.75 Y72.42
G1 X15.34 Y72.42 S300.00 F1000

; Pass 0 Path 5371
G0 X15.29 Y72.32
G1 X13.75 Y72.32 S300.00 F1000

; Pass 0 Path 5372
G0 X13.77 Y72.22
G1 X15.25 Y72.22 S300.00 F1000

; Pass 0 Path 5373
G0 X15.22 Y72.12
G1 X13.81 Y72.12 S300.00 F1000

; Pass 0 Path 5374
G0 X13.86 Y72.02
G1 X15.17 Y72.02 S300.00 F1000

; Pass 0 Path 5375
G0 X15.10 Y71.92
G1 X13.93 Y71.92 S300.00 F1000

; Pass 0 Path 5376
G0 X14.04 Y71.82
G1 X15.00 Y71.82 S300.00 F1000

; Pass 0 Path 5377
G0 X14.83 Y71.72
G1 X14.21 Y71.72 S300.00 F1000

; Pass 0 Path 5378
G0 X15.86 Y69.82
G1 X18.18 Y69.82 S300.00 F1000

; Pass 0 Path 5379
G0 X18.29 Y69.92
G1 X15.97 Y69.92 S300.00 F1000

; Pass 0 Path 5380
G0 X16.09 Y70.02
G1 X18.39 Y70.02 S300.00 F1000

; Pass 0 Path 5381
G0 X18.49 Y70.12
G1 X16.21 Y70.12 S300.00 F1000

; Pass 0 Path 5382
G0 X16.33 Y70.22
G1 X18.59 Y70.22 S300.00 F1000

; Pass 0 Path 5383
G0 X18.68 Y70.32
G1 X16.45 Y70.32 S300.00 F1000

; Pass 0 Path 5384
G0 X16.56 Y70.42
G1 X18.77 Y70.42 S300.00 F1000

; Pass 0 Path 5385
G0 X18.86 Y70.52
G1 X16.67 Y70.52 S300.00 F1000

; Pass 0 Path 5386
G0 X16.78 Y70.62
G1 X18.94 Y70.62 S300.00 F1000

; Pass 0 Path 5387
G0 X19.01 Y70.72
G1 X16.89 Y70.72 S300.00 F1000

; Pass 0 Path 5388
G0 X16.99 Y70.82
G1 X19.08 Y70.82 S300.00 F1000

; Pass 0 Path 5389
G0 X19.15 Y70.92
G1 X17.10 Y70.92 S300.00 F1000

; Pass 0 Path 5390
G0 X17.20 Y71.02
G1 X19.21 Y71.02 S300.00 F1000

; Pass 0 Path 5391
G0 X19.26 Y71.12
G1 X17.30 Y71.12 S300.00 F1000

; Pass 0 Path 5392
G0 X17.40 Y71.22
G1 X19.30 Y71.22 S300.00 F1000

; Pass 0 Path 5393
G0 X19.34 Y71.32
G1 X17.50 Y71.32 S300.00 F1000

; Pass 0 Path 5394
G0 X17.59 Y71.42
G1 X19.38 Y71.42 S300.00 F1000

; Pass 0 Path 5395
G0 X19.40 Y71.52
G1 X17.67 Y71.52 S300.00 F1000

; Pass 0 Path 5396
G0 X17.75 Y71.62
G1 X19.42 Y71.62 S300.00 F1000

; Pass 0 Path 5397
G0 X19.44 Y71.72
G1 X17.82 Y71.72 S300.00 F1000

; Pass 0 Path 5398
G0 X17.87 Y71.82
G1 X19.45 Y71.82 S300.00 F1000

; Pass 0 Path 5399
G0 X19.46 Y71.92
G1 X17.91 Y71.92 S300.00 F1000

; Pass 0 Path 5400
G0 X17.92 Y72.02
G1 X19.46 Y72.02 S300.00 F1000

; Pass 0 Path 5401
G0 X19.46 Y72.12
G1 X17.93 Y72.12 S300.00 F1000

; Pass 0 Path 5402
G0 X17.92 Y72.22
G1 X19.46 Y72.22 S300.00 F1000

; Pass 0 Path 5403
G0 X19.45 Y72.32
G1 X17.90 Y72.32 S300.00 F1000

; Pass 0 Path 5404
G0 X17.87 Y72.42
G1 X19.44 Y72.42 S300.00 F1000

; Pass 0 Path 5405
G0 X19.42 Y72.52
G1 X17.82 Y72.52 S300.00 F1000

; Pass 0 Path 5406
G0 X17.76 Y72.62
G1 X19.40 Y72.62 S300.00 F1000

; Pass 0 Path 5407
G0 X19.38 Y72.72
G1 X17.68 Y72.72 S300.00 F1000

; Pass 0 Path 5408
G0 X17.57 Y72.82
G1 X19.35 Y72.82 S300.00 F1000

; Pass 0 Path 5409
G0 X19.32 Y72.92
G1 X17.42 Y72.92 S300.00 F1000

; Pass 0 Path 5410
G0 X17.21 Y73.02
G1 X19.28 Y73.02 S300.00 F1000

; Pass 0 Path 5411
G0 X18.07 Y69.72
G1 X15.74 Y69.72 S300.00 F1000

; Pass 0 Path 5412
G0 X15.62 Y69.62
G1 X17.97 Y69.62 S300.00 F1000

; Pass 0 Path 5413
G0 X17.86 Y69.52
G1 X15.50 Y69.52 S300.00 F1000

; Pass 0 Path 5414
G0 X15.38 Y69.42
G1 X17.74 Y69.42 S300.00 F1000

; Pass 0 Path 5415
G0 X17.63 Y69.32
G1 X15.26 Y69.32 S300.00 F1000

; Pass 0 Path 5416
G0 X15.15 Y69.22
G1 X17.51 Y69.22 S300.00 F1000

; Pass 0 Path 5417
G0 X17.40 Y69.12
G1 X15.03 Y69.12 S300.00 F1000

; Pass 0 Path 5418
G0 X14.91 Y69.02
G1 X17.28 Y69.02 S300.00 F1000

; Pass 0 Path 5419
G0 X17.17 Y68.92
G1 X14.79 Y68.92 S300.00 F1000

; Pass 0 Path 5420
G0 X14.67 Y68.82
G1 X17.06 Y68.82 S300.00 F1000

; Pass 0 Path 5421
G0 X16.94 Y68.72
G1 X14.55 Y68.72 S300.00 F1000

; Pass 0 Path 5422
G0 X14.44 Y68.62
G1 X16.83 Y68.62 S300.00 F1000

; Pass 0 Path 5423
G0 X16.71 Y68.52
G1 X14.32 Y68.52 S300.00 F1000

; Pass 0 Path 5424
G0 X14.20 Y68.42
G1 X16.60 Y68.42 S300.00 F1000

; Pass 0 Path 5425
G0 X16.48 Y68.32
G1 X14.08 Y68.32 S300.00 F1000

; Pass 0 Path 5426
G0 X13.96 Y68.22
G1 X16.37 Y68.22 S300.00 F1000

; Pass 0 Path 5427
G0 X16.25 Y68.12
G1 X13.84 Y68.12 S300.00 F1000

; Pass 0 Path 5428
G0 X13.73 Y68.02
G1 X16.14 Y68.02 S300.00 F1000

; Pass 0 Path 5429
G0 X16.03 Y67.92
G1 X13.61 Y67.92 S300.00 F1000

; Pass 0 Path 5430
G0 X13.51 Y67.82
G1 X19.51 Y67.82 S300.00 F1000

; Pass 0 Path 5431
G0 X19.52 Y67.72
G1 X13.49 Y67.72 S300.00 F1000

; Pass 0 Path 5432
G0 X13.49 Y67.62
G1 X19.52 Y67.62 S300.00 F1000

; Pass 0 Path 5433
G0 X19.53 Y67.52
G1 X13.49 Y67.52 S300.00 F1000

; Pass 0 Path 5434
G0 X13.49 Y67.42
G1 X19.53 Y67.42 S300.00 F1000

; Pass 0 Path 5435
G0 X19.53 Y67.32
G1 X13.49 Y67.32 S300.00 F1000

; Pass 0 Path 5436
G0 X13.49 Y67.22
G1 X19.53 Y67.22 S300.00 F1000

; Pass 0 Path 5437
G0 X19.53 Y67.12
G1 X13.49 Y67.12 S300.00 F1000

; Pass 0 Path 5438
G0 X13.49 Y67.02
G1 X19.53 Y67.02 S300.00 F1000

; Pass 0 Path 5439
G0 X19.53 Y66.92
G1 X13.49 Y66.92 S300.00 F1000

; Pass 0 Path 5440
G0 X13.49 Y66.82
G1 X19.53 Y66.82 S300.00 F1000

; Pass 0 Path 5441
G0 X19.53 Y66.72
G1 X13.49 Y66.72 S300.00 F1000

; Pass 0 Path 5442
G0 X13.49 Y66.62
G1 X19.53 Y66.62 S300.00 F1000

; Pass 0 Path 5443
G0 X19.53 Y66.52
G1 X13.49 Y66.52 S300.00 F1000

; Pass 0 Path 5444
G0 X13.50 Y66.42
G1 X19.52 Y66.42 S300.00 F1000

; Pass 0 Path 5445
G0 X19.46 Y66.32
G1 X13.55 Y66.32 S300.00 F1000

; Pass 0 Path 5446
G0 X18.05 Y67.92
G1 X19.49 Y67.92 S300.00 F1000

; Pass 0 Path 5447
G0 X19.46 Y68.02
G1 X18.07 Y68.02 S300.00 F1000

; Pass 0 Path 5448
G0 X18.10 Y68.12
G1 X19.42 Y68.12 S300.00 F1000

; Pass 0 Path 5449
G0 X19.37 Y68.22
G1 X18.15 Y68.22 S300.00 F1000

; Pass 0 Path 5450
G0 X18.23 Y68.32
G1 X19.28 Y68.32 S300.00 F1000

; Pass 0 Path 5451
G0 X19.15 Y68.42
G1 X18.36 Y68.42 S300.00 F1000

; Pass 0 Path 5452
G0 X17.25 Y45.42
G1 X16.85 Y45.42 S300.00 F1000

; Pass 0 Path 5453
G0 X16.47 Y45.32
G1 X17.28 Y45.32 S300.00 F1000

; Pass 0 Path 5454
G0 X17.28 Y45.22
G1 X16.08 Y45.22 S300.00 F1000

; Pass 0 Path 5455
G0 X15.69 Y45.12
G1 X17.28 Y45.12 S300.00 F1000

; Pass 0 Path 5456
G0 X17.28 Y45.02
G1 X15.31 Y45.02 S300.00 F1000

; Pass 0 Path 5457
G0 X14.92 Y44.92
G1 X17.28 Y44.92 S300.00 F1000

; Pass 0 Path 5458
G0 X17.28 Y44.82
G1 X14.54 Y44.82 S300.00 F1000

; Pass 0 Path 5459
G0 X14.18 Y44.72
G1 X17.28 Y44.72 S300.00 F1000

; Pass 0 Path 5460
G0 X17.28 Y44.62
G1 X13.96 Y44.62 S300.00 F1000

; Pass 0 Path 5461
G0 X13.83 Y44.52
G1 X17.28 Y44.52 S300.00 F1000

; Pass 0 Path 5462
G0 X17.28 Y44.42
G1 X13.75 Y44.42 S300.00 F1000

; Pass 0 Path 5463
G0 X13.70 Y44.32
G1 X17.28 Y44.32 S300.00 F1000

; Pass 0 Path 5464
G0 X17.28 Y44.22
G1 X13.67 Y44.22 S300.00 F1000

; Pass 0 Path 5465
G0 X13.65 Y44.12
G1 X17.28 Y44.12 S300.00 F1000

; Pass 0 Path 5466
G0 X17.28 Y44.02
G1 X13.65 Y44.02 S300.00 F1000

; Pass 0 Path 5467
G0 X13.65 Y43.92
G1 X17.28 Y43.92 S300.00 F1000

; Pass 0 Path 5468
G0 X17.28 Y43.82
G1 X13.67 Y43.82 S300.00 F1000

; Pass 0 Path 5469
G0 X13.70 Y43.72
G1 X17.28 Y43.72 S300.00 F1000

; Pass 0 Path 5470
G0 X17.28 Y43.62
G1 X13.74 Y43.62 S300.00 F1000

; Pass 0 Path 5471
G0 X13.80 Y43.52
G1 X15.63 Y43.52 S300.00 F1000

; Pass 0 Path 5472
G0 X15.74 Y43.52
G1 X17.28 Y43.52 S300.00 F1000

; Pass 0 Path 5473
G0 X17.28 Y43.42
G1 X15.74 Y43.42 S300.00 F1000

; Pass 0 Path 5474
G0 X15.74 Y43.32
G1 X17.28 Y43.32 S300.00 F1000

; Pass 0 Path 5475
G0 X17.28 Y43.22
G1 X15.74 Y43.22 S300.00 F1000

; Pass 0 Path 5476
G0 X15.74 Y43.12
G1 X17.28 Y43.12 S300.00 F1000

; Pass 0 Path 5477
G0 X17.28 Y43.02
G1 X15.74 Y43.02 S300.00 F1000

; Pass 0 Path 5478
G0 X15.74 Y42.92
G1 X17.28 Y42.92 S300.00 F1000

; Pass 0 Path 5479
G0 X17.28 Y42.82
G1 X15.74 Y42.82 S300.00 F1000

; Pass 0 Path 5480
G0 X15.74 Y42.72
G1 X17.28 Y42.72 S300.00 F1000

; Pass 0 Path 5481
G0 X17.28 Y42.62
G1 X15.74 Y42.62 S300.00 F1000

; Pass 0 Path 5482
G0 X15.74 Y42.52
G1 X17.28 Y42.52 S300.00 F1000

; Pass 0 Path 5483
G0 X17.28 Y42.42
G1 X15.74 Y42.42 S300.00 F1000

; Pass 0 Path 5484
G0 X15.74 Y42.32
G1 X17.28 Y42.32 S300.00 F1000

; Pass 0 Path 5485
G0 X17.28 Y42.22
G1 X15.74 Y42.22 S300.00 F1000

; Pass 0 Path 5486
G0 X15.74 Y42.12
G1 X17.28 Y42.12 S300.00 F1000

; Pass 0 Path 5487
G0 X17.28 Y42.02
G1 X15.74 Y42.02 S300.00 F1000

; Pass 0 Path 5488
G0 X15.74 Y41.92
G1 X17.28 Y41.92 S300.00 F1000

; Pass 0 Path 5489
G0 X17.28 Y41.82
G1 X15.74 Y41.82 S300.00 F1000

; Pass 0 Path 5490
G0 X15.74 Y41.72
G1 X17.28 Y41.72 S300.00 F1000

; Pass 0 Path 5491
G0 X17.28 Y41.62
G1 X15.74 Y41.62 S300.00 F1000

; Pass 0 Path 5492
G0 X15.74 Y41.52
G1 X17.28 Y41.52 S300.00 F1000

; Pass 0 Path 5493
G0 X17.28 Y41.42
G1 X15.74 Y41.42 S300.00 F1000

; Pass 0 Path 5494
G0 X15.74 Y41.32
G1 X17.28 Y41.32 S300.00 F1000

; Pass 0 Path 5495
G0 X17.28 Y41.22
G1 X15.74 Y41.22 S300.00 F1000

; Pass 0 Path 5496
G0 X15.74 Y41.12
G1 X17.28 Y41.12 S300.00 F1000

; Pass 0 Path 5497
G0 X17.28 Y41.02
G1 X15.74 Y41.02 S300.00 F1000

; Pass 0 Path 5498
G0 X15.74 Y40.92
G1 X17.28 Y40.92 S300.00 F1000

; Pass 0 Path 5499
G0 X17.28 Y40.82
G1 X15.74 Y40.82 S300.00 F1000

; Pass 0 Path 5500
G0 X15.74 Y40.72
G1 X17.28 Y40.72 S300.00 F1000

; Pass 0 Path 5501
G0 X17.28 Y40.62
G1 X15.74 Y40.62 S300.00 F1000

; Pass 0 Path 5502
G0 X15.74 Y40.52
G1 X17.28 Y40.52 S300.00 F1000

; Pass 0 Path 5503
G0 X17.28 Y40.42
G1 X15.74 Y40.42 S300.00 F1000

; Pass 0 Path 5504
G0 X15.74 Y40.32
G1 X17.28 Y40.32 S300.00 F1000

; Pass 0 Path 5505
G0 X17.28 Y40.22
G1 X15.74 Y40.22 S300.00 F1000

; Pass 0 Path 5506
G0 X15.74 Y40.12
G1 X17.28 Y40.12 S300.00 F1000

; Pass 0 Path 5507
G0 X17.28 Y40.02
G1 X15.74 Y40.02 S300.00 F1000

; Pass 0 Path 5508
G0 X15.74 Y39.92
G1 X17.28 Y39.92 S300.00 F1000

; Pass 0 Path 5509
G0 X17.28 Y39.82
G1 X15.74 Y39.82 S300.00 F1000

; Pass 0 Path 5510
G0 X15.74 Y39.72
G1 X17.28 Y39.72 S300.00 F1000

; Pass 0 Path 5511
G0 X17.28 Y39.62
G1 X15.74 Y39.62 S300.00 F1000

; Pass 0 Path 5512
G0 X15.74 Y39.52
G1 X17.28 Y39.52 S300.00 F1000

; Pass 0 Path 5513
G0 X17.28 Y39.42
G1 X15.74 Y39.42 S300.00 F1000

; Pass 0 Path 5514
G0 X15.74 Y39.32
G1 X17.28 Y39.32 S300.00 F1000

; Pass 0 Path 5515
G0 X17.28 Y39.22
G1 X15.74 Y39.22 S300.00 F1000

; Pass 0 Path 5516
G0 X15.74 Y39.12
G1 X17.28 Y39.12 S300.00 F1000

; Pass 0 Path 5517
G0 X17.28 Y39.02
G1 X15.74 Y39.02 S300.00 F1000

; Pass 0 Path 5518
G0 X15.74 Y38.92
G1 X17.28 Y38.92 S300.00 F1000

; Pass 0 Path 5519
G0 X17.28 Y38.82
G1 X15.74 Y38.82 S300.00 F1000

; Pass 0 Path 5520
G0 X15.74 Y38.72
G1 X17.28 Y38.72 S300.00 F1000

; Pass 0 Path 5521
G0 X18.81 Y38.62
G1 X14.20 Y38.62 S300.00 F1000

; Pass 0 Path 5522
G0 X13.94 Y38.52
G1 X19.07 Y38.52 S300.00 F1000

; Pass 0 Path 5523
G0 X19.20 Y38.42
G1 X13.81 Y38.42 S300.00 F1000

; Pass 0 Path 5524
G0 X13.73 Y38.32
G1 X19.28 Y38.32 S300.00 F1000

; Pass 0 Path 5525
G0 X19.34 Y38.22
G1 X13.68 Y38.22 S300.00 F1000

; Pass 0 Path 5526
G0 X13.65 Y38.12
G1 X19.37 Y38.12 S300.00 F1000

; Pass 0 Path 5527
G0 X19.39 Y38.02
G1 X13.63 Y38.02 S300.00 F1000

; Pass 0 Path 5528
G0 X13.62 Y37.92
G1 X19.40 Y37.92 S300.00 F1000

; Pass 0 Path 5529
G0 X19.40 Y37.82
G1 X13.62 Y37.82 S300.00 F1000

; Pass 0 Path 5530
G0 X13.64 Y37.72
G1 X19.38 Y37.72 S300.00 F1000

; Pass 0 Path 5531
G0 X19.35 Y37.62
G1 X13.66 Y37.62 S300.00 F1000

; Pass 0 Path 5532
G0 X13.71 Y37.52
G1 X19.31 Y37.52 S300.00 F1000

; Pass 0 Path 5533
G0 X19.24 Y37.42
G1 X13.77 Y37.42 S300.00 F1000

; Pass 0 Path 5534
G0 X13.88 Y37.32
G1 X19.14 Y37.32 S300.00 F1000

; Pass 0 Path 5535
G0 X18.97 Y37.22
G1 X14.05 Y37.22 S300.00 F1000

; Pass 0 Path 5536
G0 X14.01 Y43.32
G1 X14.87 Y43.32 S300.00 F1000

; Pass 0 Path 5537
G0 X15.25 Y43.42
G1 X13.89 Y43.42 S300.00 F1000

; Pass 0 Path 5538
G0 X16.18 Y16.32
G1 X16.84 Y16.32 S300.00 F1000

; Pass 0 Path 5539
G0 X17.33 Y16.22
G1 X15.69 Y16.22 S300.00 F1000

; Pass 0 Path 5540
G0 X15.42 Y16.12
G1 X17.60 Y16.12 S300.00 F1000

; Pass 0 Path 5541
G0 X17.80 Y16.02
G1 X15.22 Y16.02 S300.00 F1000

; Pass 0 Path 5542
G0 X15.05 Y15.92
G1 X17.97 Y15.92 S300.00 F1000

; Pass 0 Path 5543
G0 X18.11 Y15.82
G1 X14.91 Y15.82 S300.00 F1000

; Pass 0 Path 5544
G0 X14.79 Y15.72
G1 X18.23 Y15.72 S300.00 F1000

; Pass 0 Path 5545
G0 X18.34 Y15.62
G1 X14.68 Y15.62 S300.00 F1000

; Pass 0 Path 5546
G0 X14.58 Y15.52
G1 X18.44 Y15.52 S300.00 F1000

; Pass 0 Path 5547
G0 X18.53 Y15.42
G1 X14.49 Y15.42 S300.00 F1000

; Pass 0 Path 5548
G0 X14.41 Y15.32
G1 X18.61 Y15.32 S300.00 F1000

; Pass 0 Path 5549
G0 X18.68 Y15.22
G1 X14.33 Y15.22 S300.00 F1000

; Pass 0 Path 5550
G0 X14.27 Y15.12
G1 X18.75 Y15.12 S300.00 F1000

; Pass 0 Path 5551
G0 X18.81 Y15.02
G1 X14.20 Y15.02 S300.00 F1000

; Pass 0 Path 5552
G0 X14.15 Y14.92
G1 X18.87 Y14.92 S300.00 F1000

; Pass 0 Path 5553
G0 X18.93 Y14.82
G1 X14.09 Y14.82 S300.00 F1000

; Pass 0 Path 5554
G0 X14.04 Y14.72
G1 X16.07 Y14.72 S300.00 F1000

; Pass 0 Path 5555
G0 X15.89 Y14.62
G1 X14.00 Y14.62 S300.00 F1000

; Pass 0 Path 5556
G0 X13.95 Y14.52
G1 X15.76 Y14.52 S300.00 F1000

; Pass 0 Path 5557
G0 X15.66 Y14.42
G1 X13.92 Y14.42 S300.00 F1000

; Pass 0 Path 5558
G0 X13.88 Y14.32
G1 X15.58 Y14.32 S300.00 F1000

; Pass 0 Path 5559
G0 X15.51 Y14.22
G1 X13.85 Y14.22 S300.00 F1000

; Pass 0 Path 5560
G0 X13.82 Y14.12
G1 X15.45 Y14.12 S300.00 F1000

; Pass 0 Path 5561
G0 X15.40 Y14.02
G1 X13.79 Y14.02 S300.00 F1000

; Pass 0 Path 5562
G0 X13.76 Y13.92
G1 X15.36 Y13.92 S300.00 F1000

; Pass 0 Path 5563
G0 X15.32 Y13.82
G1 X13.74 Y13.82 S300.00 F1000

; Pass 0 Path 5564
G0 X13.72 Y13.72
G1 X15.29 Y13.72 S300.00 F1000

; Pass 0 Path 5565
G0 X15.26 Y13.62
G1 X13.70 Y13.62 S300.00 F1000

; Pass 0 Path 5566
G0 X13.69 Y13.52
G1 X15.23 Y13.52 S300.00 F1000

; Pass 0 Path 5567
G0 X15.21 Y13.42
G1 X13.67 Y13.42 S300.00 F1000

; Pass 0 Path 5568
G0 X13.66 Y13.32
G1 X15.20 Y13.32 S300.00 F1000

; Pass 0 Path 5569
G0 X15.18 Y13.22
G1 X13.65 Y13.22 S300.00 F1000

; Pass 0 Path 5570
G0 X13.64 Y13.12
G1 X15.17 Y13.12 S300.00 F1000

; Pass 0 Path 5571
G0 X15.16 Y13.02
G1 X13.63 Y13.02 S300.00 F1000

; Pass 0 Path 5572
G0 X13.63 Y12.92
G1 X15.16 Y12.92 S300.00 F1000

; Pass 0 Path 5573
G0 X15.16 Y12.82
G1 X13.62 Y12.82 S300.00 F1000

; Pass 0 Path 5574
G0 X13.62 Y12.72
G1 X15.16 Y12.72 S300.00 F1000

; Pass 0 Path 5575
G0 X15.16 Y12.62
G1 X13.62 Y12.62 S300.00 F1000

; Pass 0 Path 5576
G0 X13.62 Y12.52
G1 X15.16 Y12.52 S300.00 F1000

; Pass 0 Path 5577
G0 X15.16 Y12.42
G1 X13.62 Y12.42 S300.00 F1000

; Pass 0 Path 5578
G0 X13.62 Y12.32
G1 X15.16 Y12.32 S300.00 F1000

; Pass 0 Path 5579
G0 X15.16 Y12.22
G1 X13.62 Y12.22 S300.00 F1000

; Pass 0 Path 5580
G0 X13.62 Y12.12
G1 X15.16 Y12.12 S300.00 F1000

; Pass 0 Path 5581
G0 X15.16 Y12.02
G1 X13.62 Y12.02 S300.00 F1000

; Pass 0 Path 5582
G0 X13.62 Y11.92
G1 X15.16 Y11.92 S300.00 F1000

; Pass 0 Path 5583
G0 X15.16 Y11.82
G1 X13.62 Y11.82 S300.00 F1000

; Pass 0 Path 5584
G0 X13.62 Y11.72
G1 X15.16 Y11.72 S300.00 F1000

; Pass 0 Path 5585
G0 X15.16 Y11.62
G1 X13.62 Y11.62 S300.00 F1000

; Pass 0 Path 5586
G0 X13.62 Y11.52
G1 X15.16 Y11.52 S300.00 F1000

; Pass 0 Path 5587
G0 X15.16 Y11.42
G1 X13.62 Y11.42 S300.00 F1000

; Pass 0 Path 5588
G0 X13.62 Y11.32
G1 X15.16 Y11.32 S300.00 F1000

; Pass 0 Path 5589
G0 X15.16 Y11.22
G1 X13.63 Y11.22 S300.00 F1000

; Pass 0 Path 5590
G0 X13.63 Y11.12
G1 X15.16 Y11.12 S300.00 F1000

; Pass 0 Path 5591
G0 X15.17 Y11.02
G1 X13.64 Y11.02 S300.00 F1000

; Pass 0 Path 5592
G0 X13.65 Y10.92
G1 X15.18 Y10.92 S300.00 F1000

; Pass 0 Path 5593
G0 X15.19 Y10.82
G1 X13.66 Y10.82 S300.00 F1000

; Pass 0 Path 5594
G0 X13.67 Y10.72
G1 X15.21 Y10.72 S300.00 F1000

; Pass 0 Path 5595
G0 X15.23 Y10.62
G1 X13.68 Y10.62 S300.00 F1000

; Pass 0 Path 5596
G0 X13.70 Y10.52
G1 X15.25 Y10.52 S300.00 F1000

; Pass 0 Path 5597
G0 X15.28 Y10.42
G1 X13.72 Y10.42 S300.00 F1000

; Pass 0 Path 5598
G0 X13.74 Y10.32
G1 X15.31 Y10.32 S300.00 F1000

; Pass 0 Path 5599
G0 X15.35 Y10.22
G1 X13.76 Y10.22 S300.00 F1000

; Pass 0 Path 5600
G0 X13.78 Y10.12
G1 X15.39 Y10.12 S300.00 F1000

; Pass 0 Path 5601
G0 X15.44 Y10.02
G1 X13.81 Y10.02 S300.00 F1000

; Pass 0 Path 5602
G0 X13.84 Y9.92
G1 X15.50 Y9.92 S300.00 F1000

; Pass 0 Path 5603
G0 X15.56 Y9.82
G1 X13.87 Y9.82 S300.00 F1000

; Pass 0 Path 5604
G0 X13.91 Y9.72
G1 X15.64 Y9.72 S300.00 F1000

; Pass 0 Path 5605
G0 X15.74 Y9.62
G1 X13.95 Y9.62 S300.00 F1000

; Pass 0 Path 5606
G0 X13.99 Y9.52
G1 X15.86 Y9.52 S300.00 F1000

; Pass 0 Path 5607
G0 X16.02 Y9.42
G1 X14.03 Y9.42 S300.00 F1000

; Pass 0 Path 5608
G0 X14.08 Y9.32
G1 X16.40 Y9.32 S300.00 F1000

; Pass 0 Path 5609
G0 X16.62 Y9.32
G1 X18.94 Y9.32 S300.00 F1000

; Pass 0 Path 5610
G0 X18.98 Y9.42
G1 X17.00 Y9.42 S300.00 F1000

; Pass 0 Path 5611
G0 X17.16 Y9.52
G1 X19.03 Y9.52 S300.00 F1000

; Pass 0 Path 5612
G0 X19.07 Y9.62
G1 X17.29 Y9.62 S300.00 F1000

; Pass 0 Path 5613
G0 X17.38 Y9.72
G1 X19.11 Y9.72 S300.00 F1000

; Pass 0 Path 5614
G0 X19.14 Y9.82
G1 X17.46 Y9.82 S300.00 F1000

; Pass 0 Path 5615
G0 X17.52 Y9.92
G1 X19.18 Y9.92 S300.00 F1000

; Pass 0 Path 5616
G0 X19.21 Y10.02
G1 X17.58 Y10.02 S300.00 F1000

; Pass 0 Path 5617
G0 X17.63 Y10.12
G1 X19.23 Y10.12 S300.00 F1000

; Pass 0 Path 5618
G0 X19.26 Y10.22
G1 X17.67 Y10.22 S300.00 F1000

; Pass 0 Path 5619
G0 X17.71 Y10.32
G1 X19.28 Y10.32 S300.00 F1000

; Pass 0 Path 5620
G0 X19.30 Y10.42
G1 X17.74 Y10.42 S300.00 F1000

; Pass 0 Path 5621
G0 X17.77 Y10.52
G1 X19.32 Y10.52 S300.00 F1000

; Pass 0 Path 5622
G0 X19.34 Y10.62
G1 X17.79 Y10.62 S300.00 F1000

; Pass 0 Path 5623
G0 X17.81 Y10.72
G1 X19.35 Y10.72 S300.00 F1000

; Pass 0 Path 5624
G0 X19.36 Y10.82
G1 X17.83 Y10.82 S300.00 F1000

; Pass 0 Path 5625
G0 X17.84 Y10.92
G1 X19.37 Y10.92 S300.00 F1000

; Pass 0 Path 5626
G0 X19.38 Y11.02
G1 X17.85 Y11.02 S300.00 F1000

; Pass 0 Path 5627
G0 X17.86 Y11.12
G1 X19.39 Y11.12 S300.00 F1000

; Pass 0 Path 5628
G0 X19.39 Y11.22
G1 X17.86 Y11.22 S300.00 F1000

; Pass 0 Path 5629
G0 X17.86 Y11.32
G1 X19.40 Y11.32 S300.00 F1000

; Pass 0 Path 5630
G0 X19.40 Y11.42
G1 X17.86 Y11.42 S300.00 F1000

; Pass 0 Path 5631
G0 X17.86 Y11.52
G1 X19.40 Y11.52 S300.00 F1000

; Pass 0 Path 5632
G0 X19.40 Y11.62
G1 X17.86 Y11.62 S300.00 F1000

; Pass 0 Path 5633
G0 X17.86 Y11.72
G1 X19.40 Y11.72 S300.00 F1000

; Pass 0 Path 5634
G0 X19.40 Y11.82
G1 X17.86 Y11.82 S300.00 F1000

; Pass 0 Path 5635
G0 X17.86 Y11.92
G1 X19.40 Y11.92 S300.00 F1000

; Pass 0 Path 5636
G0 X19.40 Y12.02
G1 X17.86 Y12.02 S300.00 F1000

; Pass 0 Path 5637
G0 X17.86 Y12.12
G1 X19.40 Y12.12 S300.00 F1000

; Pass 0 Path 5638
G0 X19.40 Y12.22
G1 X17.86 Y12.22 S300.00 F1000

; Pass 0 Path 5639
G0 X17.86 Y12.32
G1 X19.40 Y12.32 S300.00 F1000

; Pass 0 Path 5640
G0 X19.40 Y12.42
G1 X17.86 Y12.42 S300.00 F1000

; Pass 0 Path 5641
G0 X17.86 Y12.52
G1 X19.40 Y12.52 S300.00 F1000

; Pass 0 Path 5642
G0 X19.40 Y12.62
G1 X17.86 Y12.62 S300.00 F1000

; Pass 0 Path 5643
G0 X17.86 Y12.72
G1 X19.40 Y12.72 S300.00 F1000

; Pass 0 Path 5644
G0 X19.40 Y12.82
G1 X17.86 Y12.82 S300.00 F1000

; Pass 0 Path 5645
G0 X17.86 Y12.92
G1 X19.39 Y12.92 S300.00 F1000

; Pass 0 Path 5646
G0 X19.39 Y13.02
G1 X17.85 Y13.02 S300.00 F1000

; Pass 0 Path 5647
G0 X17.85 Y13.12
G1 X19.38 Y13.12 S300.00 F1000

; Pass 0 Path 5648
G0 X19.37 Y13.22
G1 X17.84 Y13.22 S300.00 F1000

; Pass 0 Path 5649
G0 X17.82 Y13.32
G1 X19.36 Y13.32 S300.00 F1000

; Pass 0 Path 5650
G0 X19.35 Y13.42
G1 X17.81 Y13.42 S300.00 F1000

; Pass 0 Path 5651
G0 X17.79 Y13.52
G1 X19.33 Y13.52 S300.00 F1000

; Pass 0 Path 5652
G0 X19.32 Y13.62
G1 X17.76 Y13.62 S300.00 F1000

; Pass 0 Path 5653
G0 X17.73 Y13.72
G1 X19.30 Y13.72 S300.00 F1000

; Pass 0 Path 5654
G0 X19.28 Y13.82
G1 X17.70 Y13.82 S300.00 F1000

; Pass 0 Path 5655
G0 X17.66 Y13.92
G1 X19.25 Y13.92 S300.00 F1000

; Pass 0 Path 5656
G0 X19.23 Y14.02
G1 X17.62 Y14.02 S300.00 F1000

; Pass 0 Path 5657
G0 X17.57 Y14.12
G1 X19.20 Y14.12 S300.00 F1000

; Pass 0 Path 5658
G0 X19.17 Y14.22
G1 X17.51 Y14.22 S300.00 F1000

; Pass 0 Path 5659
G0 X17.44 Y14.32
G1 X19.14 Y14.32 S300.00 F1000

; Pass 0 Path 5660
G0 X19.10 Y14.42
G1 X17.36 Y14.42 S300.00 F1000

; Pass 0 Path 5661
G0 X17.26 Y14.52
G1 X19.06 Y14.52 S300.00 F1000

; Pass 0 Path 5662
G0 X19.02 Y14.62
G1 X17.13 Y14.62 S300.00 F1000

; Pass 0 Path 5663
G0 X16.95 Y14.72
G1 X18.98 Y14.72 S300.00 F1000

; Pass 0 Path 5664
G0 X18.88 Y9.22
G1 X14.13 Y9.22 S300.00 F1000

; Pass 0 Path 5665
G0 X14.19 Y9.12
G1 X18.83 Y9.12 S300.00 F1000

; Pass 0 Path 5666
G0 X18.76 Y9.02
G1 X14.25 Y9.02 S300.00 F1000

; Pass 0 Path 5667
G0 X14.32 Y8.92
G1 X18.70 Y8.92 S300.00 F1000

; Pass 0 Path 5668
G0 X18.62 Y8.82
G1 X14.39 Y8.82 S300.00 F1000

; Pass 0 Path 5669
G0 X14.47 Y8.72
G1 X18.54 Y8.72 S300.00 F1000

; Pass 0 Path 5670
G0 X18.46 Y8.62
G1 X14.56 Y8.62 S300.00 F1000

; Pass 0 Path 5671
G0 X14.65 Y8.52
G1 X18.36 Y8.52 S300.00 F1000

; Pass 0 Path 5672
G0 X18.25 Y8.42
G1 X14.76 Y8.42 S300.00 F1000

; Pass 0 Path 5673
G0 X14.88 Y8.32
G1 X18.13 Y8.32 S300.00 F1000

; Pass 0 Path 5674
G0 X17.99 Y8.22
G1 X15.02 Y8.22 S300.00 F1000

; Pass 0 Path 5675
G0 X15.18 Y8.12
G1 X17.83 Y8.12 S300.00 F1000

; Pass 0 Path 5676
G0 X17.64 Y8.02
G1 X15.37 Y8.02 S300.00 F1000

; Pass 0 Path 5677
G0 X15.63 Y7.92
G1 X17.39 Y7.92 S300.00 F1000

; Pass 0 Path 5678
G0 X16.98 Y7.82
G1 X16.03 Y7.82 S300.00 F1000

; Pass 0 Path 5679
G0 X45.25 Y16.72
G1 X51.27 Y16.72 S300.00 F1000

; Pass 0 Path 5680
G0 X51.28 Y16.82
G1 X45.24 Y16.82 S300.00 F1000

; Pass 0 Path 5681
G0 X45.24 Y16.92
G1 X51.28 Y16.92 S300.00 F1000

; Pass 0 Path 5682
G0 X51.28 Y17.02
G1 X45.24 Y17.02 S300.00 F1000

; Pass 0 Path 5683
G0 X45.24 Y17.12
G1 X51.28 Y17.12 S300.00 F1000

; Pass 0 Path 5684
G0 X51.28 Y17.22
G1 X45.24 Y17.22 S300.00 F1000

; Pass 0 Path 5685
G0 X45.24 Y17.32
G1 X51.28 Y17.32 S300.00 F1000

; Pass 0 Path 5686
G0 X51.28 Y17.42
G1 X45.24 Y17.42 S300.00 F1000

; Pass 0 Path 5687
G0 X45.24 Y17.52
G1 X51.28 Y17.52 S300.00 F1000

; Pass 0 Path 5688
G0 X51.28 Y17.62
G1 X45.24 Y17.62 S300.00 F1000

; Pass 0 Path 5689
G0 X45.24 Y17.72
G1 X51.28 Y17.72 S300.00 F1000

; Pass 0 Path 5690
G0 X51.28 Y17.82
G1 X45.24 Y17.82 S300.00 F1000

; Pass 0 Path 5691
G0 X45.24 Y17.92
G1 X51.27 Y17.92 S300.00 F1000

; Pass 0 Path 5692
G0 X51.27 Y18.02
G1 X45.24 Y18.02 S300.00 F1000

; Pass 0 Path 5693
G0 X45.25 Y18.12
G1 X51.26 Y18.12 S300.00 F1000

; Pass 0 Path 5694
G0 X51.25 Y18.22
G1 X49.79 Y18.22 S300.00 F1000

; Pass 0 Path 5695
G0 X49.81 Y18.32
G1 X51.22 Y18.32 S300.00 F1000

; Pass 0 Path 5696
G0 X51.19 Y18.42
G1 X49.84 Y18.42 S300.00 F1000

; Pass 0 Path 5697
G0 X49.88 Y18.52
G1 X51.14 Y18.52 S300.00 F1000

; Pass 0 Path 5698
G0 X51.07 Y18.62
G1 X49.94 Y18.62 S300.00 F1000

; Pass 0 Path 5699
G0 X50.04 Y18.72
G1 X50.97 Y18.72 S300.00 F1000

; Pass 0 Path 5700
G0 X50.77 Y18.82
G1 X50.24 Y18.82 S300.00 F1000

; Pass 0 Path 5701
G0 X49.44 Y19.72
G1 X47.08 Y19.72 S300.00 F1000

; Pass 0 Path 5702
G0 X46.97 Y19.62
G1 X49.33 Y19.62 S300.00 F1000

; Pass 0 Path 5703
G0 X49.22 Y19.52
G1 X46.85 Y19.52 S300.00 F1000

; Pass 0 Path 5704
G0 X46.73 Y19.42
G1 X49.10 Y19.42 S300.00 F1000

; Pass 0 Path 5705
G0 X48.99 Y19.32
G1 X46.61 Y19.32 S300.00 F1000

; Pass 0 Path 5706
G0 X46.49 Y19.22
G1 X48.87 Y19.22 S300.00 F1000

; Pass 0 Path 5707
G0 X48.76 Y19.12
G1 X46.37 Y19.12 S300.00 F1000

; Pass 0 Path 5708
G0 X46.26 Y19.02
G1 X48.64 Y19.02 S300.00 F1000

; Pass 0 Path 5709
G0 X48.53 Y18.92
G1 X46.14 Y18.92 S300.00 F1000

; Pass 0 Path 5710
G0 X46.02 Y18.82
G1 X48.41 Y18.82 S300.00 F1000

; Pass 0 Path 5711
G0 X48.30 Y18.72
G1 X45.90 Y18.72 S300.00 F1000

; Pass 0 Path 5712
G0 X45.78 Y18.62
G1 X48.18 Y18.62 S300.00 F1000

; Pass 0 Path 5713
G0 X48.07 Y18.52
G1 X45.66 Y18.52 S300.00 F1000

; Pass 0 Path 5714
G0 X45.55 Y18.42
G1 X47.95 Y18.42 S300.00 F1000

; Pass 0 Path 5715
G0 X47.84 Y18.32
G1 X45.43 Y18.32 S300.00 F1000

; Pass 0 Path 5716
G0 X45.31 Y18.22
G1 X47.73 Y18.22 S300.00 F1000

; Pass 0 Path 5717
G0 X47.20 Y19.82
G1 X49.56 Y19.82 S300.00 F1000

; Pass 0 Path 5718
G0 X49.67 Y19.92
G1 X47.32 Y19.92 S300.00 F1000

; Pass 0 Path 5719
G0 X47.44 Y20.02
G1 X49.78 Y20.02 S300.00 F1000

; Pass 0 Path 5720
G0 X49.89 Y20.12
G1 X47.56 Y20.12 S300.00 F1000

; Pass 0 Path 5721
G0 X47.68 Y20.22
G1 X49.99 Y20.22 S300.00 F1000

; Pass 0 Path 5722
G0 X50.10 Y20.32
G1 X47.80 Y20.32 S300.00 F1000

; Pass 0 Path 5723
G0 X47.91 Y20.42
G1 X50.20 Y20.42 S300.00 F1000

; Pass 0 Path 5724
G0 X50.30 Y20.52
G1 X48.03 Y20.52 S300.00 F1000

; Pass 0 Path 5725
G0 X48.15 Y20.62
G1 X50.39 Y20.62 S300.00 F1000

; Pass 0 Path 5726
G0 X50.48 Y20.72
G1 X48.27 Y20.72 S300.00 F1000

; Pass 0 Path 5727
G0 X48.38 Y20.82
G1 X50.57 Y20.82 S300.00 F1000

; Pass 0 Path 5728
G0 X50.65 Y20.92
G1 X48.48 Y20.92 S300.00 F1000

; Pass 0 Path 5729
G0 X48.59 Y21.02
G1 X50.73 Y21.02 S300.00 F1000

; Pass 0 Path 5730
G0 X50.81 Y21.12
G1 X48.70 Y21.12 S300.00 F1000

; Pass 0 Path 5731
G0 X48.81 Y21.22
G1 X50.87 Y21.22 S300.00 F1000

; Pass 0 Path 5732
G0 X50.93 Y21.32
G1 X48.91 Y21.32 S300.00 F1000

; Pass 0 Path 5733
G0 X49.01 Y21.42
G1 X50.99 Y21.42 S300.00 F1000

; Pass 0 Path 5734
G0 X51.04 Y21.52
G1 X49.11 Y21.52 S300.00 F1000

; Pass 0 Path 5735
G0 X49.21 Y21.62
G1 X51.08 Y21.62 S300.00 F1000

; Pass 0 Path 5736
G0 X51.11 Y21.72
G1 X49.30 Y21.72 S300.00 F1000

; Pass 0 Path 5737
G0 X49.39 Y21.82
G1 X51.14 Y21.82 S300.00 F1000

; Pass 0 Path 5738
G0 X51.16 Y21.92
G1 X49.47 Y21.92 S300.00 F1000

; Pass 0 Path 5739
G0 X49.54 Y22.02
G1 X51.18 Y22.02 S300.00 F1000

; Pass 0 Path 5740
G0 X51.20 Y22.12
G1 X49.60 Y22.12 S300.00 F1000

; Pass 0 Path 5741
G0 X49.64 Y22.22
G1 X51.20 Y22.22 S300.00 F1000

; Pass 0 Path 5742
G0 X51.21 Y22.32
G1 X49.67 Y22.32 S300.00 F1000

; Pass 0 Path 5743
G0 X49.68 Y22.42
G1 X51.21 Y22.42 S300.00 F1000

; Pass 0 Path 5744
G0 X51.21 Y22.52
G1 X49.68 Y22.52 S300.00 F1000

; Pass 0 Path 5745
G0 X49.66 Y22.62
G1 X51.20 Y22.62 S300.00 F1000

; Pass 0 Path 5746
G0 X51.19 Y22.72
G1 X49.64 Y22.72 S300.00 F1000

; Pass 0 Path 5747
G0 X49.60 Y22.82
G1 X51.18 Y22.82 S300.00 F1000

; Pass 0 Path 5748
G0 X51.16 Y22.92
G1 X49.54 Y22.92 S300.00 F1000

; Pass 0 Path 5749
G0 X49.46 Y23.02
G1 X51.14 Y23.02 S300.00 F1000

; Pass 0 Path 5750
G0 X51.11 Y23.12
G1 X49.37 Y23.12 S300.00 F1000

; Pass 0 Path 5751
G0 X49.24 Y23.22
G1 X51.08 Y23.22 S300.00 F1000

; Pass 0 Path 5752
G0 X51.04 Y23.32
G1 X49.06 Y23.32 S300.00 F1000

; Pass 0 Path 5753
G0 X48.77 Y23.42
G1 X51.00 Y23.42 S300.00 F1000

; Pass 0 Path 5754
G0 X50.96 Y23.52
G1 X45.71 Y23.52 S300.00 F1000

; Pass 0 Path 5755
G0 X45.66 Y23.42
G1 X47.89 Y23.42 S300.00 F1000

; Pass 0 Path 5756
G0 X47.62 Y23.32
G1 X45.61 Y23.32 S300.00 F1000

; Pass 0 Path 5757
G0 X45.58 Y23.22
G1 X47.46 Y23.22 S300.00 F1000

; Pass 0 Path 5758
G0 X47.34 Y23.12
G1 X45.55 Y23.12 S300.00 F1000

; Pass 0 Path 5759
G0 X45.53 Y23.02
G1 X47.25 Y23.02 S300.00 F1000

; Pass 0 Path 5760
G0 X47.18 Y22.92
G1 X45.51 Y22.92 S300.00 F1000

; Pass 0 Path 5761
G0 X45.50 Y22.82
G1 X47.12 Y22.82 S300.00 F1000

; Pass 0 Path 5762
G0 X47.07 Y22.72
G1 X45.50 Y22.72 S300.00 F1000

; Pass 0 Path 5763
G0 X45.51 Y22.62
G1 X47.02 Y22.62 S300.00 F1000

; Pass 0 Path 5764
G0 X46.99 Y22.52
G1 X45.53 Y22.52 S300.00 F1000

; Pass 0 Path 5765
G0 X45.58 Y22.42
G1 X46.95 Y22.42 S300.00 F1000

; Pass 0 Path 5766
G0 X46.90 Y22.32
G1 X45.64 Y22.32 S300.00 F1000

; Pass 0 Path 5767
G0 X45.72 Y22.22
G1 X46.82 Y22.22 S300.00 F1000

; Pass 0 Path 5768
G0 X46.69 Y22.12
G1 X45.85 Y22.12 S300.00 F1000

; Pass 0 Path 5769
G0 X46.08 Y22.02
G1 X46.45 Y22.02 S300.00 F1000

; Pass 0 Path 5770
G0 X45.76 Y23.62
G1 X50.90 Y23.62 S300.00 F1000

; Pass 0 Path 5771
G0 X50.85 Y23.72
G1 X45.83 Y23.72 S300.00 F1000

; Pass 0 Path 5772
G0 X45.90 Y23.82
G1 X50.78 Y23.82 S300.00 F1000

; Pass 0 Path 5773
G0 X50.71 Y23.92
G1 X45.98 Y23.92 S300.00 F1000

; Pass 0 Path 5774
G0 X46.07 Y24.02
G1 X50.63 Y24.02 S300.00 F1000

; Pass 0 Path 5775
G0 X50.54 Y24.12
G1 X46.17 Y24.12 S300.00 F1000

; Pass 0 Path 5776
G0 X46.28 Y24.22
G1 X50.44 Y24.22 S300.00 F1000

; Pass 0 Path 5777
G0 X50.33 Y24.32
G1 X46.40 Y24.32 S300.00 F1000

; Pass 0 Path 5778
G0 X46.53 Y24.42
G1 X50.21 Y24.42 S300.00 F1000

; Pass 0 Path 5779
G0 X50.07 Y24.52
G1 X46.69 Y24.52 S300.00 F1000

; Pass 0 Path 5780
G0 X46.86 Y24.62
G1 X49.90 Y24.62 S300.00 F1000

; Pass 0 Path 5781
G0 X49.71 Y24.72
G1 X47.06 Y24.72 S300.00 F1000

; Pass 0 Path 5782
G0 X47.31 Y24.82
G1 X49.46 Y24.82 S300.00 F1000

; Pass 0 Path 5783
G0 X49.13 Y24.92
G1 X47.65 Y24.92 S300.00 F1000

; Pass 0 Path 5784
G0 X68.26 Y23.62
G1 X71.89 Y23.62 S300.00 F1000

; Pass 0 Path 5785
G0 X71.89 Y23.72
G1 X68.28 Y23.72 S300.00 F1000

; Pass 0 Path 5786
G0 X68.30 Y23.82
G1 X71.89 Y23.82 S300.00 F1000

; Pass 0 Path 5787
G0 X71.89 Y23.92
G1 X68.35 Y23.92 S300.00 F1000

; Pass 0 Path 5788
G0 X68.43 Y24.02
G1 X71.89 Y24.02 S300.00 F1000

; Pass 0 Path 5789
G0 X71.89 Y24.12
G1 X68.55 Y24.12 S300.00 F1000

; Pass 0 Path 5790
G0 X68.76 Y24.22
G1 X71.89 Y24.22 S300.00 F1000

; Pass 0 Path 5791
G0 X71.89 Y24.32
G1 X69.10 Y24.32 S300.00 F1000

; Pass 0 Path 5792
G0 X69.48 Y24.42
G1 X71.89 Y24.42 S300.00 F1000

; Pass 0 Path 5793
G0 X71.89 Y24.52
G1 X69.87 Y24.52 S300.00 F1000

; Pass 0 Path 5794
G0 X70.25 Y24.62
G1 X71.89 Y24.62 S300.00 F1000

; Pass 0 Path 5795
G0 X71.89 Y24.72
G1 X70.64 Y24.72 S300.00 F1000

; Pass 0 Path 5796
G0 X71.02 Y24.82
G1 X71.89 Y24.82 S300.00 F1000

; Pass 0 Path 5797
G0 X71.87 Y24.92
G1 X71.41 Y24.92 S300.00 F1000

; Pass 0 Path 5798
G0 X71.89 Y23.52
G1 X68.26 Y23.52 S300.00 F1000

; Pass 0 Path 5799
G0 X68.27 Y23.42
G1 X71.89 Y23.42 S300.00 F1000

; Pass 0 Path 5800
G0 X71.89 Y23.32
G1 X68.28 Y23.32 S300.00 F1000

; Pass 0 Path 5801
G0 X68.31 Y23.22
G1 X71.89 Y23.22 S300.00 F1000

; Pass 0 Path 5802
G0 X71.89 Y23.12
G1 X68.36 Y23.12 S300.00 F1000

; Pass 0 Path 5803
G0 X68.42 Y23.02
G1 X70.19 Y23.02 S300.00 F1000

; Pass 0 Path 5804
G0 X70.35 Y23.02
G1 X71.89 Y23.02 S300.00 F1000

; Pass 0 Path 5805
G0 X71.89 Y22.92
G1 X70.35 Y22.92 S300.00 F1000

; Pass 0 Path 5806
G0 X70.35 Y22.82
G1 X71.89 Y22.82 S300.00 F1000

; Pass 0 Path 5807
G0 X71.89 Y22.72
G1 X70.35 Y22.72 S300.00 F1000

; Pass 0 Path 5808
G0 X70.35 Y22.62
G1 X71.89 Y22.62 S300.00 F1000

; Pass 0 Path 5809
G0 X71.89 Y22.52
G1 X70.35 Y22.52 S300.00 F1000

; Pass 0 Path 5810
G0 X70.35 Y22.42
G1 X71.89 Y22.42 S300.00 F1000

; Pass 0 Path 5811
G0 X71.89 Y22.32
G1 X70.35 Y22.32 S300.00 F1000

; Pass 0 Path 5812
G0 X70.35 Y22.22
G1 X71.89 Y22.22 S300.00 F1000

; Pass 0 Path 5813
G0 X71.89 Y22.12
G1 X70.35 Y22.12 S300.00 F1000

; Pass 0 Path 5814
G0 X70.35 Y22.02
G1 X71.89 Y22.02 S300.00 F1000

; Pass 0 Path 5815
G0 X71.89 Y21.92
G1 X70.35 Y21.92 S300.00 F1000

; Pass 0 Path 5816
G0 X70.35 Y21.82
G1 X71.89 Y21.82 S300.00 F1000

; Pass 0 Path 5817
G0 X71.89 Y21.72
G1 X70.35 Y21.72 S300.00 F1000

; Pass 0 Path 5818
G0 X70.35 Y21.62
G1 X71.89 Y21.62 S300.00 F1000

; Pass 0 Path 5819
G0 X71.89 Y21.52
G1 X70.35 Y21.52 S300.00 F1000

; Pass 0 Path 5820
G0 X70.35 Y21.42
G1 X71.89 Y21.42 S300.00 F1000

; Pass 0 Path 5821
G0 X71.89 Y21.32
G1 X70.35 Y21.32 S300.00 F1000

; Pass 0 Path 5822
G0 X70.35 Y21.22
G1 X71.89 Y21.22 S300.00 F1000

; Pass 0 Path 5823
G0 X71.89 Y21.12
G1 X70.35 Y21.12 S300.00 F1000

; Pass 0 Path 5824
G0 X70.35 Y21.02
G1 X71.89 Y21.02 S300.00 F1000

; Pass 0 Path 5825
G0 X71.89 Y20.92
G1 X70.35 Y20.92 S300.00 F1000

; Pass 0 Path 5826
G0 X70.35 Y20.82
G1 X71.89 Y20.82 S300.00 F1000

; Pass 0 Path 5827
G0 X71.89 Y20.72
G1 X70.35 Y20.72 S300.00 F1000

; Pass 0 Path 5828
G0 X70.35 Y20.62
G1 X71.89 Y20.62 S300.00 F1000

; Pass 0 Path 5829
G0 X71.89 Y20.52
G1 X70.35 Y20.52 S300.00 F1000

; Pass 0 Path 5830
G0 X70.35 Y20.42
G1 X71.89 Y20.42 S300.00 F1000

; Pass 0 Path 5831
G0 X71.89 Y20.32
G1 X70.35 Y20.32 S300.00 F1000

; Pass 0 Path 5832
G0 X70.35 Y20.22
G1 X71.89 Y20.22 S300.00 F1000

; Pass 0 Path 5833
G0 X71.89 Y20.12
G1 X70.35 Y20.12 S300.00 F1000

; Pass 0 Path 5834
G0 X70.35 Y20.02
G1 X71.89 Y20.02 S300.00 F1000

; Pass 0 Path 5835
G0 X71.89 Y19.92
G1 X70.35 Y19.92 S300.00 F1000

; Pass 0 Path 5836
G0 X70.35 Y19.82
G1 X71.89 Y19.82 S300.00 F1000

; Pass 0 Path 5837
G0 X71.89 Y19.72
G1 X70.35 Y19.72 S300.00 F1000

; Pass 0 Path 5838
G0 X70.35 Y19.62
G1 X71.89 Y19.62 S300.00 F1000

; Pass 0 Path 5839
G0 X71.89 Y19.52
G1 X70.35 Y19.52 S300.00 F1000

; Pass 0 Path 5840
G0 X70.35 Y19.42
G1 X71.89 Y19.42 S300.00 F1000

; Pass 0 Path 5841
G0 X71.89 Y19.32
G1 X70.35 Y19.32 S300.00 F1000

; Pass 0 Path 5842
G0 X70.35 Y19.22
G1 X71.89 Y19.22 S300.00 F1000

; Pass 0 Path 5843
G0 X71.89 Y19.12
G1 X70.35 Y19.12 S300.00 F1000

; Pass 0 Path 5844
G0 X70.35 Y19.02
G1 X71.89 Y19.02 S300.00 F1000

; Pass 0 Path 5845
G0 X71.89 Y18.92
G1 X70.35 Y18.92 S300.00 F1000

; Pass 0 Path 5846
G0 X70.35 Y18.82
G1 X71.89 Y18.82 S300.00 F1000

; Pass 0 Path 5847
G0 X71.89 Y18.72
G1 X70.35 Y18.72 S300.00 F1000

; Pass 0 Path 5848
G0 X70.35 Y18.62
G1 X71.89 Y18.62 S300.00 F1000

; Pass 0 Path 5849
G0 X71.89 Y18.52
G1 X70.35 Y18.52 S300.00 F1000

; Pass 0 Path 5850
G0 X70.35 Y18.42
G1 X71.89 Y18.42 S300.00 F1000

; Pass 0 Path 5851
G0 X71.89 Y18.32
G1 X70.35 Y18.32 S300.00 F1000

; Pass 0 Path 5852
G0 X70.35 Y18.22
G1 X71.89 Y18.22 S300.00 F1000

; Pass 0 Path 5853
G0 X73.47 Y18.12
G1 X68.75 Y18.12 S300.00 F1000

; Pass 0 Path 5854
G0 X68.53 Y18.02
G1 X73.70 Y18.02 S300.00 F1000

; Pass 0 Path 5855
G0 X73.82 Y17.92
G1 X68.41 Y17.92 S300.00 F1000

; Pass 0 Path 5856
G0 X68.33 Y17.82
G1 X73.90 Y17.82 S300.00 F1000

; Pass 0 Path 5857
G0 X73.95 Y17.72
G1 X68.28 Y17.72 S300.00 F1000

; Pass 0 Path 5858
G0 X68.25 Y17.62
G1 X73.98 Y17.62 S300.00 F1000

; Pass 0 Path 5859
G0 X74.00 Y17.52
G1 X68.24 Y17.52 S300.00 F1000

; Pass 0 Path 5860
G0 X68.23 Y17.42
G1 X74.01 Y17.42 S300.00 F1000

; Pass 0 Path 5861
G0 X74.00 Y17.32
G1 X68.24 Y17.32 S300.00 F1000

; Pass 0 Path 5862
G0 X68.25 Y17.22
G1 X73.99 Y17.22 S300.00 F1000

; Pass 0 Path 5863
G0 X73.96 Y17.12
G1 X68.28 Y17.12 S300.00 F1000

; Pass 0 Path 5864
G0 X68.33 Y17.02
G1 X73.91 Y17.02 S300.00 F1000

; Pass 0 Path 5865
G0 X73.85 Y16.92
G1 X68.40 Y16.92 S300.00 F1000

; Pass 0 Path 5866
G0 X68.50 Y16.82
G1 X73.74 Y16.82 S300.00 F1000

; Pass 0 Path 5867
G0 X73.55 Y16.72
G1 X68.69 Y16.72 S300.00 F1000

; Pass 0 Path 5868
G0 X68.65 Y22.82
G1 X69.44 Y22.82 S300.00 F1000

; Pass 0 Path 5869
G0 X69.82 Y22.92
G1 X68.51 Y22.92 S300.00 F1000

; Pass 0 Path 5870
G0 X83.32 Y22.92
G1 X84.32 Y22.92 S300.00 F1000

; Pass 0 Path 5871
G0 X84.32 Y22.82
G1 X83.32 Y22.82 S300.00 F1000

; Pass 0 Path 5872
G0 X83.32 Y22.72
G1 X84.32 Y22.72 S300.00 F1000

; Pass 0 Path 5873
G0 X84.32 Y22.62
G1 X83.32 Y22.62 S300.00 F1000

; Pass 0 Path 5874
G0 X83.32 Y22.52
G1 X84.32 Y22.52 S300.00 F1000

; Pass 0 Path 5875
G0 X84.32 Y22.42
G1 X83.32 Y22.42 S300.00 F1000

; Pass 0 Path 5876
G0 X83.32 Y22.32
G1 X84.32 Y22.32 S300.00 F1000

; Pass 0 Path 5877
G0 X84.32 Y22.22
G1 X83.32 Y22.22 S300.00 F1000

; Pass 0 Path 5878
G0 X83.32 Y22.12
G1 X84.32 Y22.12 S300.00 F1000

; Pass 0 Path 5879
G0 X84.32 Y22.02
G1 X83.32 Y22.02 S300.00 F1000

; Pass 0 Path 5880
G0 X83.32 Y21.92
G1 X84.32 Y21.92 S300.00 F1000

; Pass 0 Path 5881
G0 X84.32 Y21.82
G1 X83.32 Y21.82 S300.00 F1000

; Pass 0 Path 5882
G0 X83.32 Y21.72
G1 X84.32 Y21.72 S300.00 F1000

; Pass 0 Path 5883
G0 X84.32 Y21.62
G1 X83.32 Y21.62 S300.00 F1000

; Pass 0 Path 5884
G0 X83.32 Y21.52
G1 X84.32 Y21.52 S300.00 F1000

; Pass 0 Path 5885
G0 X84.32 Y21.42
G1 X83.32 Y21.42 S300.00 F1000

; Pass 0 Path 5886
G0 X83.32 Y21.32
G1 X84.32 Y21.32 S300.00 F1000

; Pass 0 Path 5887
G0 X84.32 Y21.22
G1 X83.32 Y21.22 S300.00 F1000

; Pass 0 Path 5888
G0 X83.32 Y21.12
G1 X84.32 Y21.12 S300.00 F1000

; Pass 0 Path 5889
G0 X84.32 Y21.02
G1 X83.32 Y21.02 S300.00 F1000

; Pass 0 Path 5890
G0 X83.32 Y20.92
G1 X84.32 Y20.92 S300.00 F1000

; Pass 0 Path 5891
G0 X84.32 Y20.82
G1 X83.32 Y20.82 S300.00 F1000

; Pass 0 Path 5892
G0 X83.32 Y20.72
G1 X84.32 Y20.72 S300.00 F1000

; Pass 0 Path 5893
G0 X84.32 Y20.62
G1 X83.32 Y20.62 S300.00 F1000

; Pass 0 Path 5894
G0 X83.32 Y20.52
G1 X84.32 Y20.52 S300.00 F1000

; Pass 0 Path 5895
G0 X84.32 Y20.42
G1 X83.32 Y20.42 S300.00 F1000

; Pass 0 Path 5896
G0 X83.32 Y20.32
G1 X84.32 Y20.32 S300.00 F1000

; Pass 0 Path 5897
G0 X84.32 Y20.22
G1 X83.32 Y20.22 S300.00 F1000

; Pass 0 Path 5898
G0 X83.32 Y20.12
G1 X84.32 Y20.12 S300.00 F1000

; Pass 0 Path 5899
G0 X84.32 Y20.02
G1 X83.32 Y20.02 S300.00 F1000

; Pass 0 Path 5900
G0 X83.32 Y19.92
G1 X84.32 Y19.92 S300.00 F1000

; Pass 0 Path 5901
G0 X84.32 Y19.82
G1 X83.32 Y19.82 S300.00 F1000

; Pass 0 Path 5902
G0 X83.32 Y19.72
G1 X84.32 Y19.72 S300.00 F1000

; Pass 0 Path 5903
G0 X84.32 Y19.62
G1 X83.32 Y19.62 S300.00 F1000

; Pass 0 Path 5904
G0 X83.32 Y19.52
G1 X84.32 Y19.52 S300.00 F1000

; Pass 0 Path 5905
G0 X84.32 Y19.42
G1 X83.32 Y19.42 S300.00 F1000

; Pass 0 Path 5906
G0 X83.32 Y19.32
G1 X84.32 Y19.32 S300.00 F1000

; Pass 0 Path 5907
G0 X84.32 Y19.22
G1 X83.32 Y19.22 S300.00 F1000

; Pass 0 Path 5908
G0 X83.32 Y19.12
G1 X84.32 Y19.12 S300.00 F1000

; Pass 0 Path 5909
G0 X84.32 Y19.02
G1 X83.32 Y19.02 S300.00 F1000

; Pass 0 Path 5910
G0 X83.32 Y18.92
G1 X84.32 Y18.92 S300.00 F1000

; Pass 0 Path 5911
G0 X84.32 Y18.82
G1 X83.32 Y18.82 S300.00 F1000

; Pass 0 Path 5912
G0 X83.32 Y18.72
G1 X84.32 Y18.72 S300.00 F1000

; Pass 0 Path 5913
G0 X84.32 Y18.62
G1 X83.32 Y18.62 S300.00 F1000

; Pass 0 Path 5914
G0 X83.32 Y18.52
G1 X84.32 Y18.52 S300.00 F1000

; Pass 0 Path 5915
G0 X84.32 Y18.42
G1 X83.32 Y18.42 S300.00 F1000

; Pass 0 Path 5916
G0 X83.32 Y18.32
G1 X84.32 Y18.32 S300.00 F1000

; Pass 0 Path 5917
G0 X84.32 Y18.22
G1 X83.32 Y18.22 S300.00 F1000

; Pass 0 Path 5918
G0 X83.32 Y18.12
G1 X84.32 Y18.12 S300.00 F1000

; Pass 0 Path 5919
G0 X84.32 Y18.02
G1 X83.32 Y18.02 S300.00 F1000

; Pass 0 Path 5920
G0 X83.32 Y17.92
G1 X84.32 Y17.92 S300.00 F1000

; Pass 0 Path 5921
G0 X84.32 Y17.82
G1 X83.32 Y17.82 S300.00 F1000

; Pass 0 Path 5922
G0 X83.32 Y17.72
G1 X84.32 Y17.72 S300.00 F1000

; Pass 0 Path 5923
G0 X84.32 Y17.62
G1 X83.32 Y17.62 S300.00 F1000

; Pass 0 Path 5924
G0 X83.32 Y17.52
G1 X84.32 Y17.52 S300.00 F1000

; Pass 0 Path 5925
G0 X84.32 Y17.42
G1 X83.32 Y17.42 S300.00 F1000

; Pass 0 Path 5926
G0 X83.32 Y17.32
G1 X84.32 Y17.32 S300.00 F1000

; Pass 0 Path 5927
G0 X84.32 Y17.22
G1 X83.32 Y17.22 S300.00 F1000

; Pass 0 Path 5928
G0 X83.32 Y17.12
G1 X84.32 Y17.12 S300.00 F1000

; Pass 0 Path 5929
G0 X84.32 Y17.02
G1 X83.32 Y17.02 S300.00 F1000

; Pass 0 Path 5930
G0 X83.32 Y16.92
G1 X84.32 Y16.92 S300.00 F1000

; Pass 0 Path 5931
G0 X84.32 Y16.82
G1 X83.32 Y16.82 S300.00 F1000

; Pass 0 Path 5932
G0 X83.32 Y16.72
G1 X84.32 Y16.72 S300.00 F1000

; Pass 0 Path 5933
G0 X84.32 Y16.62
G1 X83.32 Y16.62 S300.00 F1000

; Pass 0 Path 5934
G0 X83.32 Y16.52
G1 X84.32 Y16.52 S300.00 F1000

; Pass 0 Path 5935
G0 X84.32 Y16.42
G1 X83.32 Y16.42 S300.00 F1000

; Pass 0 Path 5936
G0 X83.32 Y16.32
G1 X84.32 Y16.32 S300.00 F1000

; Pass 0 Path 5937
G0 X84.32 Y16.22
G1 X83.32 Y16.22 S300.00 F1000

; Pass 0 Path 5938
G0 X83.32 Y16.12
G1 X84.32 Y16.12 S300.00 F1000

; Pass 0 Path 5939
G0 X84.32 Y16.02
G1 X83.32 Y16.02 S300.00 F1000

; Pass 0 Path 5940
G0 X83.32 Y15.92
G1 X84.32 Y15.92 S300.00 F1000

; Pass 0 Path 5941
G0 X84.32 Y15.82
G1 X83.32 Y15.82 S300.00 F1000

; Pass 0 Path 5942
G0 X83.32 Y15.72
G1 X84.32 Y15.72 S300.00 F1000

; Pass 0 Path 5943
G0 X84.32 Y15.62
G1 X83.32 Y15.62 S300.00 F1000

; Pass 0 Path 5944
G0 X83.32 Y15.52
G1 X84.32 Y15.52 S300.00 F1000

; Pass 0 Path 5945
G0 X84.32 Y15.42
G1 X83.32 Y15.42 S300.00 F1000

; Pass 0 Path 5946
G0 X83.32 Y15.32
G1 X84.32 Y15.32 S300.00 F1000

; Pass 0 Path 5947
G0 X84.32 Y15.22
G1 X83.32 Y15.22 S300.00 F1000

; Pass 0 Path 5948
G0 X83.32 Y15.12
G1 X84.32 Y15.12 S300.00 F1000

; Pass 0 Path 5949
G0 X84.32 Y15.02
G1 X83.32 Y15.02 S300.00 F1000

; Pass 0 Path 5950
G0 X83.32 Y14.92
G1 X84.32 Y14.92 S300.00 F1000

; Pass 0 Path 5951
G0 X84.32 Y14.82
G1 X83.32 Y14.82 S300.00 F1000

; Pass 0 Path 5952
G0 X83.32 Y14.72
G1 X84.32 Y14.72 S300.00 F1000

; Pass 0 Path 5953
G0 X84.32 Y14.62
G1 X83.32 Y14.62 S300.00 F1000

; Pass 0 Path 5954
G0 X83.32 Y14.52
G1 X84.32 Y14.52 S300.00 F1000

; Pass 0 Path 5955
G0 X84.32 Y14.42
G1 X83.32 Y14.42 S300.00 F1000

; Pass 0 Path 5956
G0 X83.32 Y14.32
G1 X84.32 Y14.32 S300.00 F1000

; Pass 0 Path 5957
G0 X84.32 Y14.22
G1 X83.32 Y14.22 S300.00 F1000

; Pass 0 Path 5958
G0 X83.32 Y14.12
G1 X84.32 Y14.12 S300.00 F1000

; Pass 0 Path 5959
G0 X84.32 Y14.02
G1 X83.32 Y14.02 S300.00 F1000

; Pass 0 Path 5960
G0 X83.32 Y13.92
G1 X84.32 Y13.92 S300.00 F1000

; Pass 0 Path 5961
G0 X84.32 Y13.82
G1 X83.32 Y13.82 S300.00 F1000

; Pass 0 Path 5962
G0 X83.32 Y13.72
G1 X84.32 Y13.72 S300.00 F1000

; Pass 0 Path 5963
G0 X84.32 Y13.62
G1 X83.32 Y13.62 S300.00 F1000

; Pass 0 Path 5964
G0 X83.32 Y13.52
G1 X84.32 Y13.52 S300.00 F1000

; Pass 0 Path 5965
G0 X84.32 Y13.42
G1 X83.32 Y13.42 S300.00 F1000

; Pass 0 Path 5966
G0 X83.32 Y13.32
G1 X84.32 Y13.32 S300.00 F1000

; Pass 0 Path 5967
G0 X84.32 Y13.22
G1 X83.32 Y13.22 S300.00 F1000

; Pass 0 Path 5968
G0 X83.32 Y13.12
G1 X84.32 Y13.12 S300.00 F1000

; Pass 0 Path 5969
G0 X84.33 Y13.02
G1 X83.33 Y13.02 S300.00 F1000

; Pass 0 Path 5970
G0 X83.33 Y12.92
G1 X84.34 Y12.92 S300.00 F1000

; Pass 0 Path 5971
G0 X84.36 Y12.82
G1 X83.34 Y12.82 S300.00 F1000

; Pass 0 Path 5972
G0 X83.36 Y12.72
G1 X84.38 Y12.72 S300.00 F1000

; Pass 0 Path 5973
G0 X84.40 Y12.62
G1 X83.38 Y12.62 S300.00 F1000

; Pass 0 Path 5974
G0 X83.40 Y12.52
G1 X84.43 Y12.52 S300.00 F1000

; Pass 0 Path 5975
G0 X84.47 Y12.42
G1 X83.42 Y12.42 S300.00 F1000

; Pass 0 Path 5976
G0 X83.45 Y12.32
G1 X84.52 Y12.32 S300.00 F1000

; Pass 0 Path 5977
G0 X84.57 Y12.22
G1 X83.48 Y12.22 S300.00 F1000

; Pass 0 Path 5978
G0 X83.52 Y12.12
G1 X84.62 Y12.12 S300.00 F1000

; Pass 0 Path 5979
G0 X84.69 Y12.02
G1 X83.56 Y12.02 S300.00 F1000

; Pass 0 Path 5980
G0 X83.60 Y11.92
G1 X84.77 Y11.92 S300.00 F1000

; Pass 0 Path 5981
G0 X84.85 Y11.82
G1 X83.65 Y11.82 S300.00 F1000

; Pass 0 Path 5982
G0 X83.71 Y11.72
G1 X84.95 Y11.72 S300.00 F1000

; Pass 0 Path 5983
G0 X85.06 Y11.62
G1 X83.77 Y11.62 S300.00 F1000

; Pass 0 Path 5984
G0 X83.83 Y11.52
G1 X85.20 Y11.52 S300.00 F1000

; Pass 0 Path 5985
G0 X85.36 Y11.42
G1 X83.90 Y11.42 S300.00 F1000

; Pass 0 Path 5986
G0 X83.98 Y11.32
G1 X85.56 Y11.32 S300.00 F1000

; Pass 0 Path 5987
G0 X85.87 Y11.22
G1 X84.06 Y11.22 S300.00 F1000

; Pass 0 Path 5988
G0 X90.86 Y20.22
G1 X97.10 Y20.22 S300.00 F1000

; Pass 0 Path 5989
G0 X97.21 Y20.32
G1 X90.75 Y20.32 S300.00 F1000

; Pass 0 Path 5990
G0 X90.67 Y20.42
G1 X97.29 Y20.42 S300.00 F1000

; Pass 0 Path 5991
G0 X97.34 Y20.52
G1 X90.62 Y20.52 S300.00 F1000

; Pass 0 Path 5992
G0 X90.59 Y20.62
G1 X97.37 Y20.62 S300.00 F1000

; Pass 0 Path 5993
G0 X97.38 Y20.72
G1 X90.58 Y20.72 S300.00 F1000

; Pass 0 Path 5994
G0 X90.57 Y20.82
G1 X97.39 Y20.82 S300.00 F1000

; Pass 0 Path 5995
G0 X97.38 Y20.92
G1 X90.58 Y20.92 S300.00 F1000

; Pass 0 Path 5996
G0 X90.59 Y21.02
G1 X97.37 Y21.02 S300.00 F1000

; Pass 0 Path 5997
G0 X97.34 Y21.12
G1 X90.62 Y21.12 S300.00 F1000

; Pass 0 Path 5998
G0 X90.67 Y21.22
G1 X97.30 Y21.22 S300.00 F1000

; Pass 0 Path 5999
G0 X97.23 Y21.32
G1 X90.74 Y21.32 S300.00 F1000

; Pass 0 Path 6000
G0 X90.85 Y21.42
G1 X97.12 Y21.42 S300.00 F1000

; Pass 0 Path 6001
G0 X96.92 Y21.52
G1 X91.05 Y21.52 S300.00 F1000

; Pass 0 Path 6002
G0 X91.07 Y20.12
G1 X96.89 Y20.12 S300.00 F1000

; Pass 0 Path 6003
G0 X84.32 Y23.02
G1 X83.32 Y23.02 S300.00 F1000

; Pass 0 Path 6004
G0 X83.32 Y23.12
G1 X84.32 Y23.12 S300.00 F1000

; Pass 0 Path 6005
G0 X84.32 Y23.22
G1 X83.32 Y23.22 S300.00 F1000

; Pass 0 Path 6006
G0 X83.32 Y23.32
G1 X84.32 Y23.32 S300.00 F1000

; Pass 0 Path 6007
G0 X84.32 Y23.42
G1 X83.32 Y23.42 S300.00 F1000

; Pass 0 Path 6008
G0 X83.32 Y23.52
G1 X84.32 Y23.52 S300.00 F1000

; Pass 0 Path 6009
G0 X84.32 Y23.62
G1 X83.32 Y23.62 S300.00 F1000

; Pass 0 Path 6010
G0 X83.32 Y23.72
G1 X84.32 Y23.72 S300.00 F1000

; Pass 0 Path 6011
G0 X84.32 Y23.82
G1 X83.32 Y23.82 S300.00 F1000

; Pass 0 Path 6012
G0 X83.32 Y23.92
G1 X84.32 Y23.92 S300.00 F1000

; Pass 0 Path 6013
G0 X84.32 Y24.02
G1 X83.32 Y24.02 S300.00 F1000

; Pass 0 Path 6014
G0 X83.32 Y24.12
G1 X84.32 Y24.12 S300.00 F1000

; Pass 0 Path 6015
G0 X84.32 Y24.22
G1 X83.32 Y24.22 S300.00 F1000

; Pass 0 Path 6016
G0 X83.32 Y24.32
G1 X84.32 Y24.32 S300.00 F1000

; Pass 0 Path 6017
G0 X84.32 Y24.42
G1 X83.32 Y24.42 S300.00 F1000

; Pass 0 Path 6018
G0 X83.32 Y24.52
G1 X84.32 Y24.52 S300.00 F1000

; Pass 0 Path 6019
G0 X84.32 Y24.62
G1 X83.32 Y24.62 S300.00 F1000

; Pass 0 Path 6020
G0 X83.32 Y24.72
G1 X84.32 Y24.72 S300.00 F1000

; Pass 0 Path 6021
G0 X84.32 Y24.82
G1 X83.32 Y24.82 S300.00 F1000

; Pass 0 Path 6022
G0 X83.32 Y24.92
G1 X84.32 Y24.92 S300.00 F1000

; Pass 0 Path 6023
G0 X84.32 Y25.02
G1 X83.32 Y25.02 S300.00 F1000

; Pass 0 Path 6024
G0 X83.32 Y25.12
G1 X84.32 Y25.12 S300.00 F1000

; Pass 0 Path 6025
G0 X84.32 Y25.22
G1 X83.32 Y25.22 S300.00 F1000

; Pass 0 Path 6026
G0 X83.32 Y25.32
G1 X84.32 Y25.32 S300.00 F1000

; Pass 0 Path 6027
G0 X84.32 Y25.42
G1 X83.32 Y25.42 S300.00 F1000

; Pass 0 Path 6028
G0 X83.32 Y25.52
G1 X84.32 Y25.52 S300.00 F1000

; Pass 0 Path 6029
G0 X84.32 Y25.62
G1 X83.32 Y25.62 S300.00 F1000

; Pass 0 Path 6030
G0 X83.32 Y25.72
G1 X84.32 Y25.72 S300.00 F1000

; Pass 0 Path 6031
G0 X84.32 Y25.82
G1 X83.32 Y25.82 S300.00 F1000

; Pass 0 Path 6032
G0 X83.32 Y25.92
G1 X84.32 Y25.92 S300.00 F1000

; Pass 0 Path 6033
G0 X84.32 Y26.02
G1 X83.32 Y26.02 S300.00 F1000

; Pass 0 Path 6034
G0 X83.32 Y26.12
G1 X84.32 Y26.12 S300.00 F1000

; Pass 0 Path 6035
G0 X84.32 Y26.22
G1 X83.32 Y26.22 S300.00 F1000

; Pass 0 Path 6036
G0 X83.32 Y26.32
G1 X84.32 Y26.32 S300.00 F1000

; Pass 0 Path 6037
G0 X84.32 Y26.42
G1 X83.32 Y26.42 S300.00 F1000

; Pass 0 Path 6038
G0 X83.32 Y26.52
G1 X84.32 Y26.52 S300.00 F1000

; Pass 0 Path 6039
G0 X84.32 Y26.62
G1 X83.32 Y26.62 S300.00 F1000

; Pass 0 Path 6040
G0 X83.32 Y26.72
G1 X84.32 Y26.72 S300.00 F1000

; Pass 0 Path 6041
G0 X84.32 Y26.82
G1 X83.32 Y26.82 S300.00 F1000

; Pass 0 Path 6042
G0 X83.32 Y26.92
G1 X84.32 Y26.92 S300.00 F1000

; Pass 0 Path 6043
G0 X84.32 Y27.02
G1 X83.32 Y27.02 S300.00 F1000

; Pass 0 Path 6044
G0 X83.32 Y27.12
G1 X84.32 Y27.12 S300.00 F1000

; Pass 0 Path 6045
G0 X84.32 Y27.22
G1 X83.32 Y27.22 S300.00 F1000

; Pass 0 Path 6046
G0 X83.32 Y27.32
G1 X84.32 Y27.32 S300.00 F1000

; Pass 0 Path 6047
G0 X84.32 Y27.42
G1 X83.32 Y27.42 S300.00 F1000

; Pass 0 Path 6048
G0 X83.32 Y27.52
G1 X84.32 Y27.52 S300.00 F1000

; Pass 0 Path 6049
G0 X84.32 Y27.62
G1 X83.32 Y27.62 S300.00 F1000

; Pass 0 Path 6050
G0 X83.32 Y27.72
G1 X84.32 Y27.72 S300.00 F1000

; Pass 0 Path 6051
G0 X84.32 Y27.82
G1 X83.32 Y27.82 S300.00 F1000

; Pass 0 Path 6052
G0 X83.32 Y27.92
G1 X84.32 Y27.92 S300.00 F1000

; Pass 0 Path 6053
G0 X84.32 Y28.02
G1 X83.32 Y28.02 S300.00 F1000

; Pass 0 Path 6054
G0 X83.32 Y28.12
G1 X84.32 Y28.12 S300.00 F1000

; Pass 0 Path 6055
G0 X84.32 Y28.22
G1 X83.32 Y28.22 S300.00 F1000

; Pass 0 Path 6056
G0 X83.32 Y28.32
G1 X84.32 Y28.32 S300.00 F1000

; Pass 0 Path 6057
G0 X84.32 Y28.42
G1 X83.32 Y28.42 S300.00 F1000

; Pass 0 Path 6058
G0 X83.32 Y28.52
G1 X84.32 Y28.52 S300.00 F1000

; Pass 0 Path 6059
G0 X84.33 Y28.62
G1 X83.33 Y28.62 S300.00 F1000

; Pass 0 Path 6060
G0 X83.33 Y28.72
G1 X84.34 Y28.72 S300.00 F1000

; Pass 0 Path 6061
G0 X84.35 Y28.82
G1 X83.34 Y28.82 S300.00 F1000

; Pass 0 Path 6062
G0 X83.36 Y28.92
G1 X84.38 Y28.92 S300.00 F1000

; Pass 0 Path 6063
G0 X84.40 Y29.02
G1 X83.38 Y29.02 S300.00 F1000

; Pass 0 Path 6064
G0 X83.40 Y29.12
G1 X84.43 Y29.12 S300.00 F1000

; Pass 0 Path 6065
G0 X84.47 Y29.22
G1 X83.42 Y29.22 S300.00 F1000

; Pass 0 Path 6066
G0 X83.45 Y29.32
G1 X84.51 Y29.32 S300.00 F1000

; Pass 0 Path 6067
G0 X84.56 Y29.42
G1 X83.48 Y29.42 S300.00 F1000

; Pass 0 Path 6068
G0 X83.52 Y29.52
G1 X84.62 Y29.52 S300.00 F1000

; Pass 0 Path 6069
G0 X84.69 Y29.62
G1 X83.56 Y29.62 S300.00 F1000

; Pass 0 Path 6070
G0 X83.60 Y29.72
G1 X84.76 Y29.72 S300.00 F1000

; Pass 0 Path 6071
G0 X84.85 Y29.82
G1 X83.65 Y29.82 S300.00 F1000

; Pass 0 Path 6072
G0 X83.71 Y29.92
G1 X84.95 Y29.92 S300.00 F1000

; Pass 0 Path 6073
G0 X85.06 Y30.02
G1 X83.76 Y30.02 S300.00 F1000

; Pass 0 Path 6074
G0 X83.83 Y30.12
G1 X85.19 Y30.12 S300.00 F1000

; Pass 0 Path 6075
G0 X85.35 Y30.22
G1 X83.90 Y30.22 S300.00 F1000

; Pass 0 Path 6076
G0 X83.97 Y30.32
G1 X85.55 Y30.32 S300.00 F1000

; Pass 0 Path 6077
G0 X85.85 Y30.42
G1 X84.05 Y30.42 S300.00 F1000

; Pass 0 Path 6078
G0 X92.01 Y41.72
G1 X93.76 Y41.72 S300.00 F1000

; Pass 0 Path 6079
G0 X93.84 Y41.82
G1 X92.28 Y41.82 S300.00 F1000

; Pass 0 Path 6080
G0 X92.48 Y41.92
G1 X93.92 Y41.92 S300.00 F1000

; Pass 0 Path 6081
G0 X93.98 Y42.02
G1 X92.63 Y42.02 S300.00 F1000

; Pass 0 Path 6082
G0 X92.76 Y42.12
G1 X94.05 Y42.12 S300.00 F1000

; Pass 0 Path 6083
G0 X94.10 Y42.22
G1 X92.87 Y42.22 S300.00 F1000

; Pass 0 Path 6084
G0 X92.97 Y42.32
G1 X94.16 Y42.32 S300.00 F1000

; Pass 0 Path 6085
G0 X94.21 Y42.42
G1 X93.05 Y42.42 S300.00 F1000

; Pass 0 Path 6086
G0 X93.12 Y42.52
G1 X94.25 Y42.52 S300.00 F1000

; Pass 0 Path 6087
G0 X94.29 Y42.62
G1 X93.19 Y42.62 S300.00 F1000

; Pass 0 Path 6088
G0 X93.25 Y42.72
G1 X94.32 Y42.72 S300.00 F1000

; Pass 0 Path 6089
G0 X94.36 Y42.82
G1 X93.29 Y42.82 S300.00 F1000

; Pass 0 Path 6090
G0 X93.34 Y42.92
G1 X94.38 Y42.92 S300.00 F1000

; Pass 0 Path 6091
G0 X94.41 Y43.02
G1 X93.37 Y43.02 S300.00 F1000

; Pass 0 Path 6092
G0 X93.40 Y43.12
G1 X94.43 Y43.12 S300.00 F1000

; Pass 0 Path 6093
G0 X94.45 Y43.22
G1 X93.43 Y43.22 S300.00 F1000

; Pass 0 Path 6094
G0 X93.45 Y43.32
G1 X94.46 Y43.32 S300.00 F1000

; Pass 0 Path 6095
G0 X94.47 Y43.42
G1 X93.46 Y43.42 S300.00 F1000

; Pass 0 Path 6096
G0 X93.47 Y43.52
G1 X94.48 Y43.52 S300.00 F1000

; Pass 0 Path 6097
G0 X94.48 Y43.62
G1 X93.48 Y43.62 S300.00 F1000

; Pass 0 Path 6098
G0 X93.48 Y43.72
G1 X94.48 Y43.72 S300.00 F1000

; Pass 0 Path 6099
G0 X94.48 Y43.82
G1 X93.48 Y43.82 S300.00 F1000

; Pass 0 Path 6100
G0 X93.48 Y43.92
G1 X94.48 Y43.92 S300.00 F1000

; Pass 0 Path 6101
G0 X94.48 Y44.02
G1 X93.48 Y44.02 S300.00 F1000

; Pass 0 Path 6102
G0 X93.48 Y44.12
G1 X94.48 Y44.12 S300.00 F1000

; Pass 0 Path 6103
G0 X94.48 Y44.22
G1 X93.48 Y44.22 S300.00 F1000

; Pass 0 Path 6104
G0 X93.48 Y44.32
G1 X94.48 Y44.32 S300.00 F1000

; Pass 0 Path 6105
G0 X94.48 Y44.42
G1 X93.48 Y44.42 S300.00 F1000

; Pass 0 Path 6106
G0 X93.48 Y44.52
G1 X94.48 Y44.52 S300.00 F1000

; Pass 0 Path 6107
G0 X94.48 Y44.62
G1 X93.48 Y44.62 S300.00 F1000

; Pass 0 Path 6108
G0 X93.48 Y44.72
G1 X94.48 Y44.72 S300.00 F1000

; Pass 0 Path 6109
G0 X94.48 Y44.82
G1 X93.48 Y44.82 S300.00 F1000

; Pass 0 Path 6110
G0 X93.48 Y44.92
G1 X94.48 Y44.92 S300.00 F1000

; Pass 0 Path 6111
G0 X94.48 Y45.02
G1 X93.48 Y45.02 S300.00 F1000

; Pass 0 Path 6112
G0 X93.48 Y45.12
G1 X94.48 Y45.12 S300.00 F1000

; Pass 0 Path 6113
G0 X94.48 Y45.22
G1 X93.48 Y45.22 S300.00 F1000

; Pass 0 Path 6114
G0 X93.48 Y45.32
G1 X94.48 Y45.32 S300.00 F1000

; Pass 0 Path 6115
G0 X94.48 Y45.42
G1 X93.48 Y45.42 S300.00 F1000

; Pass 0 Path 6116
G0 X93.48 Y45.52
G1 X94.48 Y45.52 S300.00 F1000

; Pass 0 Path 6117
G0 X94.48 Y45.62
G1 X93.48 Y45.62 S300.00 F1000

; Pass 0 Path 6118
G0 X93.48 Y45.72
G1 X94.48 Y45.72 S300.00 F1000

; Pass 0 Path 6119
G0 X94.48 Y45.82
G1 X85.59 Y45.82 S300.00 F1000

; Pass 0 Path 6120
G0 X85.28 Y45.92
G1 X94.48 Y45.92 S300.00 F1000

; Pass 0 Path 6121
G0 X94.48 Y46.02
G1 X85.05 Y46.02 S300.00 F1000

; Pass 0 Path 6122
G0 X84.86 Y46.12
G1 X94.48 Y46.12 S300.00 F1000

; Pass 0 Path 6123
G0 X94.48 Y46.22
G1 X84.69 Y46.22 S300.00 F1000

; Pass 0 Path 6124
G0 X84.55 Y46.32
G1 X94.47 Y46.32 S300.00 F1000

; Pass 0 Path 6125
G0 X94.44 Y46.42
G1 X84.42 Y46.42 S300.00 F1000

; Pass 0 Path 6126
G0 X84.31 Y46.52
G1 X94.38 Y46.52 S300.00 F1000

; Pass 0 Path 6127
G0 X94.28 Y46.62
G1 X84.21 Y46.62 S300.00 F1000

; Pass 0 Path 6128
G0 X84.11 Y46.72
G1 X94.03 Y46.72 S300.00 F1000

; Pass 0 Path 6129
G0 X93.93 Y52.32
G1 X96.16 Y52.32 S300.00 F1000

; Pass 0 Path 6130
G0 X96.49 Y52.42
G1 X93.60 Y52.42 S300.00 F1000

; Pass 0 Path 6131
G0 X93.46 Y52.52
G1 X96.64 Y52.52 S300.00 F1000

; Pass 0 Path 6132
G0 X96.73 Y52.62
G1 X93.37 Y52.62 S300.00 F1000

; Pass 0 Path 6133
G0 X93.31 Y52.72
G1 X96.79 Y52.72 S300.00 F1000

; Pass 0 Path 6134
G0 X96.83 Y52.82
G1 X93.27 Y52.82 S300.00 F1000

; Pass 0 Path 6135
G0 X93.24 Y52.92
G1 X96.85 Y52.92 S300.00 F1000

; Pass 0 Path 6136
G0 X96.86 Y53.02
G1 X93.23 Y53.02 S300.00 F1000

; Pass 0 Path 6137
G0 X93.23 Y53.12
G1 X96.86 Y53.12 S300.00 F1000

; Pass 0 Path 6138
G0 X96.85 Y53.22
G1 X93.24 Y53.22 S300.00 F1000

; Pass 0 Path 6139
G0 X93.27 Y53.32
G1 X96.82 Y53.32 S300.00 F1000

; Pass 0 Path 6140
G0 X96.78 Y53.42
G1 X93.30 Y53.42 S300.00 F1000

; Pass 0 Path 6141
G0 X93.36 Y53.52
G1 X96.72 Y53.52 S300.00 F1000

; Pass 0 Path 6142
G0 X96.63 Y53.62
G1 X93.45 Y53.62 S300.00 F1000

; Pass 0 Path 6143
G0 X93.60 Y53.72
G1 X96.47 Y53.72 S300.00 F1000

; Pass 0 Path 6144
G0 X96.09 Y53.82
G1 X93.95 Y53.82 S300.00 F1000

; Pass 0 Path 6145
G0 X94.55 Y53.92
G1 X96.09 Y53.92 S300.00 F1000

; Pass 0 Path 6146
G0 X96.09 Y54.02
G1 X94.55 Y54.02 S300.00 F1000

; Pass 0 Path 6147
G0 X94.55 Y55.62
G1 X96.09 Y55.62 S300.00 F1000

; Pass 0 Path 6148
G0 X96.09 Y55.72
G1 X94.55 Y55.72 S300.00 F1000

; Pass 0 Path 6149
G0 X94.55 Y55.82
G1 X96.09 Y55.82 S300.00 F1000

; Pass 0 Path 6150
G0 X96.09 Y55.92
G1 X94.55 Y55.92 S300.00 F1000

; Pass 0 Path 6151
G0 X94.55 Y56.02
G1 X96.09 Y56.02 S300.00 F1000

; Pass 0 Path 6152
G0 X96.09 Y56.12
G1 X94.55 Y56.12 S300.00 F1000

; Pass 0 Path 6153
G0 X94.55 Y56.22
G1 X96.09 Y56.22 S300.00 F1000

; Pass 0 Path 6154
G0 X96.09 Y56.32
G1 X94.55 Y56.32 S300.00 F1000

; Pass 0 Path 6155
G0 X94.55 Y56.42
G1 X96.09 Y56.42 S300.00 F1000

; Pass 0 Path 6156
G0 X96.09 Y56.52
G1 X94.55 Y56.52 S300.00 F1000

; Pass 0 Path 6157
G0 X94.55 Y56.62
G1 X96.09 Y56.62 S300.00 F1000

; Pass 0 Path 6158
G0 X96.09 Y56.72
G1 X94.55 Y56.72 S300.00 F1000

; Pass 0 Path 6159
G0 X94.55 Y56.82
G1 X96.09 Y56.82 S300.00 F1000

; Pass 0 Path 6160
G0 X96.09 Y56.92
G1 X94.55 Y56.92 S300.00 F1000

; Pass 0 Path 6161
G0 X94.55 Y57.02
G1 X96.09 Y57.02 S300.00 F1000

; Pass 0 Path 6162
G0 X96.09 Y57.12
G1 X94.55 Y57.12 S300.00 F1000

; Pass 0 Path 6163
G0 X94.55 Y57.22
G1 X96.09 Y57.22 S300.00 F1000

; Pass 0 Path 6164
G0 X96.09 Y57.32
G1 X94.55 Y57.32 S300.00 F1000

; Pass 0 Path 6165
G0 X94.55 Y57.42
G1 X96.09 Y57.42 S300.00 F1000

; Pass 0 Path 6166
G0 X96.09 Y57.52
G1 X94.55 Y57.52 S300.00 F1000

; Pass 0 Path 6167
G0 X94.55 Y57.62
G1 X96.09 Y57.62 S300.00 F1000

; Pass 0 Path 6168
G0 X96.09 Y57.72
G1 X94.55 Y57.72 S300.00 F1000

; Pass 0 Path 6169
G0 X94.55 Y57.82
G1 X96.09 Y57.82 S300.00 F1000

; Pass 0 Path 6170
G0 X96.09 Y57.92
G1 X94.55 Y57.92 S300.00 F1000

; Pass 0 Path 6171
G0 X94.46 Y57.92
G1 X92.69 Y57.92 S300.00 F1000

; Pass 0 Path 6172
G0 X92.63 Y57.82
G1 X94.40 Y57.82 S300.00 F1000

; Pass 0 Path 6173
G0 X94.34 Y57.72
G1 X92.57 Y57.72 S300.00 F1000

; Pass 0 Path 6174
G0 X92.51 Y57.62
G1 X94.28 Y57.62 S300.00 F1000

; Pass 0 Path 6175
G0 X94.22 Y57.52
G1 X92.45 Y57.52 S300.00 F1000

; Pass 0 Path 6176
G0 X92.39 Y57.42
G1 X94.15 Y57.42 S300.00 F1000

; Pass 0 Path 6177
G0 X94.09 Y57.32
G1 X92.33 Y57.32 S300.00 F1000

; Pass 0 Path 6178
G0 X92.27 Y57.22
G1 X94.03 Y57.22 S300.00 F1000

; Pass 0 Path 6179
G0 X93.97 Y57.12
G1 X92.21 Y57.12 S300.00 F1000

; Pass 0 Path 6180
G0 X92.15 Y57.02
G1 X93.91 Y57.02 S300.00 F1000

; Pass 0 Path 6181
G0 X93.84 Y56.92
G1 X92.09 Y56.92 S300.00 F1000

; Pass 0 Path 6182
G0 X92.03 Y56.82
G1 X93.78 Y56.82 S300.00 F1000

; Pass 0 Path 6183
G0 X93.72 Y56.72
G1 X91.97 Y56.72 S300.00 F1000

; Pass 0 Path 6184
G0 X91.91 Y56.62
G1 X93.66 Y56.62 S300.00 F1000

; Pass 0 Path 6185
G0 X93.60 Y56.52
G1 X91.85 Y56.52 S300.00 F1000

; Pass 0 Path 6186
G0 X91.79 Y56.42
G1 X93.53 Y56.42 S300.00 F1000

; Pass 0 Path 6187
G0 X93.47 Y56.32
G1 X91.73 Y56.32 S300.00 F1000

; Pass 0 Path 6188
G0 X91.67 Y56.22
G1 X93.41 Y56.22 S300.00 F1000

; Pass 0 Path 6189
G0 X93.35 Y56.12
G1 X91.61 Y56.12 S300.00 F1000

; Pass 0 Path 6190
G0 X91.55 Y56.02
G1 X93.29 Y56.02 S300.00 F1000

; Pass 0 Path 6191
G0 X93.22 Y55.92
G1 X91.49 Y55.92 S300.00 F1000

; Pass 0 Path 6192
G0 X91.43 Y55.82
G1 X93.16 Y55.82 S300.00 F1000

; Pass 0 Path 6193
G0 X93.10 Y55.72
G1 X91.37 Y55.72 S300.00 F1000

; Pass 0 Path 6194
G0 X91.30 Y55.62
G1 X93.04 Y55.62 S300.00 F1000

; Pass 0 Path 6195
G0 X91.24 Y55.52
G1 X96.30 Y55.52 S300.00 F1000

; Pass 0 Path 6196
G0 X96.57 Y55.42
G1 X91.18 Y55.42 S300.00 F1000

; Pass 0 Path 6197
G0 X91.12 Y55.32
G1 X96.68 Y55.32 S300.00 F1000

; Pass 0 Path 6198
G0 X96.76 Y55.22
G1 X91.10 Y55.22 S300.00 F1000

; Pass 0 Path 6199
G0 X91.10 Y55.12
G1 X96.81 Y55.12 S300.00 F1000

; Pass 0 Path 6200
G0 X96.84 Y55.02
G1 X91.10 Y55.02 S300.00 F1000

; Pass 0 Path 6201
G0 X91.10 Y54.92
G1 X96.86 Y54.92 S300.00 F1000

; Pass 0 Path 6202
G0 X96.86 Y54.82
G1 X91.10 Y54.82 S300.00 F1000

; Pass 0 Path 6203
G0 X91.10 Y54.72
G1 X96.86 Y54.72 S300.00 F1000

; Pass 0 Path 6204
G0 X96.84 Y54.62
G1 X91.10 Y54.62 S300.00 F1000

; Pass 0 Path 6205
G0 X91.10 Y54.52
G1 X96.81 Y54.52 S300.00 F1000

; Pass 0 Path 6206
G0 X96.76 Y54.42
G1 X91.10 Y54.42 S300.00 F1000

; Pass 0 Path 6207
G0 X91.10 Y54.32
G1 X96.69 Y54.32 S300.00 F1000

; Pass 0 Path 6208
G0 X96.57 Y54.22
G1 X91.10 Y54.22 S300.00 F1000

; Pass 0 Path 6209
G0 X91.12 Y54.12
G1 X96.29 Y54.12 S300.00 F1000

; Pass 0 Path 6210
G0 X96.09 Y58.02
G1 X94.55 Y58.02 S300.00 F1000

; Pass 0 Path 6211
G0 X94.53 Y58.02
G1 X92.75 Y58.02 S300.00 F1000

; Pass 0 Path 6212
G0 X92.81 Y58.12
G1 X96.09 Y58.12 S300.00 F1000

; Pass 0 Path 6213
G0 X96.09 Y58.22
G1 X92.87 Y58.22 S300.00 F1000

; Pass 0 Path 6214
G0 X92.93 Y58.32
G1 X96.09 Y58.32 S300.00 F1000

; Pass 0 Path 6215
G0 X96.09 Y58.42
G1 X92.99 Y58.42 S300.00 F1000

; Pass 0 Path 6216
G0 X93.05 Y58.52
G1 X96.09 Y58.52 S300.00 F1000

; Pass 0 Path 6217
G0 X96.09 Y58.62
G1 X93.11 Y58.62 S300.00 F1000

; Pass 0 Path 6218
G0 X93.17 Y58.72
G1 X96.09 Y58.72 S300.00 F1000

; Pass 0 Path 6219
G0 X96.09 Y58.82
G1 X93.23 Y58.82 S300.00 F1000

; Pass 0 Path 6220
G0 X93.29 Y58.92
G1 X96.09 Y58.92 S300.00 F1000

; Pass 0 Path 6221
G0 X96.09 Y59.02
G1 X93.35 Y59.02 S300.00 F1000

; Pass 0 Path 6222
G0 X93.41 Y59.12
G1 X96.09 Y59.12 S300.00 F1000

; Pass 0 Path 6223
G0 X96.09 Y59.22
G1 X93.47 Y59.22 S300.00 F1000

; Pass 0 Path 6224
G0 X93.53 Y59.32
G1 X96.09 Y59.32 S300.00 F1000

; Pass 0 Path 6225
G0 X96.09 Y59.42
G1 X93.59 Y59.42 S300.00 F1000

; Pass 0 Path 6226
G0 X93.65 Y59.52
G1 X96.09 Y59.52 S300.00 F1000

; Pass 0 Path 6227
G0 X96.09 Y59.62
G1 X93.71 Y59.62 S300.00 F1000

; Pass 0 Path 6228
G0 X93.77 Y59.72
G1 X96.09 Y59.72 S300.00 F1000

; Pass 0 Path 6229
G0 X96.09 Y59.82
G1 X93.83 Y59.82 S300.00 F1000

; Pass 0 Path 6230
G0 X93.89 Y59.92
G1 X96.09 Y59.92 S300.00 F1000

; Pass 0 Path 6231
G0 X96.09 Y60.02
G1 X93.95 Y60.02 S300.00 F1000

; Pass 0 Path 6232
G0 X94.01 Y60.12
G1 X96.09 Y60.12 S300.00 F1000

; Pass 0 Path 6233
G0 X96.09 Y60.22
G1 X94.07 Y60.22 S300.00 F1000

; Pass 0 Path 6234
G0 X94.13 Y60.32
G1 X96.09 Y60.32 S300.00 F1000

; Pass 0 Path 6235
G0 X96.05 Y60.42
G1 X94.20 Y60.42 S300.00 F1000

; Pass 0 Path 6236
G0 X84.32 Y60.42
G1 X83.32 Y60.42 S300.00 F1000

; Pass 0 Path 6237
G0 X83.32 Y60.52
G1 X84.32 Y60.52 S300.00 F1000

; Pass 0 Path 6238
G0 X84.32 Y60.62
G1 X83.32 Y60.62 S300.00 F1000

; Pass 0 Path 6239
G0 X83.32 Y60.72
G1 X84.32 Y60.72 S300.00 F1000

; Pass 0 Path 6240
G0 X84.32 Y60.82
G1 X83.32 Y60.82 S300.00 F1000

; Pass 0 Path 6241
G0 X83.32 Y60.92
G1 X84.32 Y60.92 S300.00 F1000

; Pass 0 Path 6242
G0 X84.32 Y61.02
G1 X83.32 Y61.02 S300.00 F1000

; Pass 0 Path 6243
G0 X83.32 Y61.12
G1 X84.32 Y61.12 S300.00 F1000

; Pass 0 Path 6244
G0 X84.32 Y61.22
G1 X83.32 Y61.22 S300.00 F1000

; Pass 0 Path 6245
G0 X83.32 Y61.32
G1 X84.32 Y61.32 S300.00 F1000

; Pass 0 Path 6246
G0 X84.32 Y61.42
G1 X83.32 Y61.42 S300.00 F1000

; Pass 0 Path 6247
G0 X83.32 Y61.52
G1 X84.32 Y61.52 S300.00 F1000

; Pass 0 Path 6248
G0 X84.32 Y61.62
G1 X83.32 Y61.62 S300.00 F1000

; Pass 0 Path 6249
G0 X83.32 Y61.72
G1 X84.32 Y61.72 S300.00 F1000

; Pass 0 Path 6250
G0 X84.32 Y61.82
G1 X83.32 Y61.82 S300.00 F1000

; Pass 0 Path 6251
G0 X83.32 Y61.92
G1 X84.32 Y61.92 S300.00 F1000

; Pass 0 Path 6252
G0 X84.32 Y62.02
G1 X83.32 Y62.02 S300.00 F1000

; Pass 0 Path 6253
G0 X83.32 Y62.12
G1 X84.32 Y62.12 S300.00 F1000

; Pass 0 Path 6254
G0 X84.32 Y62.22
G1 X83.32 Y62.22 S300.00 F1000

; Pass 0 Path 6255
G0 X83.32 Y62.32
G1 X84.32 Y62.32 S300.00 F1000

; Pass 0 Path 6256
G0 X84.32 Y62.42
G1 X83.32 Y62.42 S300.00 F1000

; Pass 0 Path 6257
G0 X83.32 Y62.52
G1 X84.32 Y62.52 S300.00 F1000

; Pass 0 Path 6258
G0 X84.32 Y62.62
G1 X83.32 Y62.62 S300.00 F1000

; Pass 0 Path 6259
G0 X83.32 Y62.72
G1 X84.32 Y62.72 S300.00 F1000

; Pass 0 Path 6260
G0 X84.32 Y62.82
G1 X83.32 Y62.82 S300.00 F1000

; Pass 0 Path 6261
G0 X83.32 Y62.92
G1 X84.32 Y62.92 S300.00 F1000

; Pass 0 Path 6262
G0 X84.32 Y63.02
G1 X83.32 Y63.02 S300.00 F1000

; Pass 0 Path 6263
G0 X83.32 Y63.12
G1 X84.32 Y63.12 S300.00 F1000

; Pass 0 Path 6264
G0 X84.32 Y63.22
G1 X83.32 Y63.22 S300.00 F1000

; Pass 0 Path 6265
G0 X83.32 Y63.32
G1 X84.32 Y63.32 S300.00 F1000

; Pass 0 Path 6266
G0 X84.32 Y63.42
G1 X83.32 Y63.42 S300.00 F1000

; Pass 0 Path 6267
G0 X83.32 Y63.52
G1 X84.32 Y63.52 S300.00 F1000

; Pass 0 Path 6268
G0 X84.32 Y63.62
G1 X83.32 Y63.62 S300.00 F1000

; Pass 0 Path 6269
G0 X83.32 Y63.72
G1 X84.32 Y63.72 S300.00 F1000

; Pass 0 Path 6270
G0 X84.32 Y63.82
G1 X83.32 Y63.82 S300.00 F1000

; Pass 0 Path 6271
G0 X83.32 Y63.92
G1 X84.32 Y63.92 S300.00 F1000

; Pass 0 Path 6272
G0 X84.32 Y64.02
G1 X83.32 Y64.02 S300.00 F1000

; Pass 0 Path 6273
G0 X83.32 Y64.12
G1 X84.32 Y64.12 S300.00 F1000

; Pass 0 Path 6274
G0 X84.33 Y64.22
G1 X83.33 Y64.22 S300.00 F1000

; Pass 0 Path 6275
G0 X83.34 Y64.32
G1 X84.34 Y64.32 S300.00 F1000

; Pass 0 Path 6276
G0 X84.36 Y64.42
G1 X83.35 Y64.42 S300.00 F1000

; Pass 0 Path 6277
G0 X83.36 Y64.52
G1 X84.39 Y64.52 S300.00 F1000

; Pass 0 Path 6278
G0 X84.41 Y64.62
G1 X83.38 Y64.62 S300.00 F1000

; Pass 0 Path 6279
G0 X83.41 Y64.72
G1 X84.45 Y64.72 S300.00 F1000

; Pass 0 Path 6280
G0 X84.49 Y64.82
G1 X83.43 Y64.82 S300.00 F1000

; Pass 0 Path 6281
G0 X83.46 Y64.92
G1 X84.53 Y64.92 S300.00 F1000

; Pass 0 Path 6282
G0 X84.59 Y65.02
G1 X83.50 Y65.02 S300.00 F1000

; Pass 0 Path 6283
G0 X83.53 Y65.12
G1 X84.65 Y65.12 S300.00 F1000

; Pass 0 Path 6284
G0 X84.72 Y65.22
G1 X83.58 Y65.22 S300.00 F1000

; Pass 0 Path 6285
G0 X83.62 Y65.32
G1 X84.79 Y65.32 S300.00 F1000

; Pass 0 Path 6286
G0 X84.88 Y65.42
G1 X83.67 Y65.42 S300.00 F1000

; Pass 0 Path 6287
G0 X83.73 Y65.52
G1 X84.99 Y65.52 S300.00 F1000

; Pass 0 Path 6288
G0 X85.11 Y65.62
G1 X83.79 Y65.62 S300.00 F1000

; Pass 0 Path 6289
G0 X83.85 Y65.72
G1 X85.25 Y65.72 S300.00 F1000

; Pass 0 Path 6290
G0 X85.42 Y65.82
G1 X83.93 Y65.82 S300.00 F1000

; Pass 0 Path 6291
G0 X84.00 Y65.92
G1 X85.65 Y65.92 S300.00 F1000

; Pass 0 Path 6292
G0 X86.05 Y66.02
G1 X84.09 Y66.02 S300.00 F1000

; Pass 0 Path 6293
G0 X84.32 Y60.32
G1 X83.32 Y60.32 S300.00 F1000

; Pass 0 Path 6294
G0 X83.32 Y60.22
G1 X84.32 Y60.22 S300.00 F1000

; Pass 0 Path 6295
G0 X84.32 Y60.12
G1 X83.32 Y60.12 S300.00 F1000

; Pass 0 Path 6296
G0 X83.32 Y60.02
G1 X84.32 Y60.02 S300.00 F1000

; Pass 0 Path 6297
G0 X84.32 Y59.92
G1 X83.32 Y59.92 S300.00 F1000

; Pass 0 Path 6298
G0 X83.32 Y59.82
G1 X84.32 Y59.82 S300.00 F1000

; Pass 0 Path 6299
G0 X84.32 Y59.72
G1 X83.32 Y59.72 S300.00 F1000

; Pass 0 Path 6300
G0 X83.32 Y59.62
G1 X84.32 Y59.62 S300.00 F1000

; Pass 0 Path 6301
G0 X84.32 Y59.52
G1 X83.32 Y59.52 S300.00 F1000

; Pass 0 Path 6302
G0 X83.32 Y59.42
G1 X84.32 Y59.42 S300.00 F1000

; Pass 0 Path 6303
G0 X84.32 Y59.32
G1 X83.32 Y59.32 S300.00 F1000

; Pass 0 Path 6304
G0 X83.32 Y59.22
G1 X84.32 Y59.22 S300.00 F1000

; Pass 0 Path 6305
G0 X84.32 Y59.12
G1 X83.32 Y59.12 S300.00 F1000

; Pass 0 Path 6306
G0 X83.32 Y59.02
G1 X84.32 Y59.02 S300.00 F1000

; Pass 0 Path 6307
G0 X84.32 Y58.92
G1 X83.32 Y58.92 S300.00 F1000

; Pass 0 Path 6308
G0 X83.32 Y58.82
G1 X84.32 Y58.82 S300.00 F1000

; Pass 0 Path 6309
G0 X84.32 Y58.72
G1 X83.32 Y58.72 S300.00 F1000

; Pass 0 Path 6310
G0 X83.32 Y58.62
G1 X84.32 Y58.62 S300.00 F1000

; Pass 0 Path 6311
G0 X84.32 Y58.52
G1 X83.32 Y58.52 S300.00 F1000

; Pass 0 Path 6312
G0 X83.32 Y58.42
G1 X84.32 Y58.42 S300.00 F1000

; Pass 0 Path 6313
G0 X84.32 Y58.32
G1 X83.32 Y58.32 S300.00 F1000

; Pass 0 Path 6314
G0 X83.32 Y58.22
G1 X84.32 Y58.22 S300.00 F1000

; Pass 0 Path 6315
G0 X84.32 Y58.12
G1 X83.32 Y58.12 S300.00 F1000

; Pass 0 Path 6316
G0 X83.32 Y58.02
G1 X84.32 Y58.02 S300.00 F1000

; Pass 0 Path 6317
G0 X84.32 Y57.92
G1 X83.32 Y57.92 S300.00 F1000

; Pass 0 Path 6318
G0 X83.32 Y57.82
G1 X84.32 Y57.82 S300.00 F1000

; Pass 0 Path 6319
G0 X84.32 Y57.72
G1 X83.32 Y57.72 S300.00 F1000

; Pass 0 Path 6320
G0 X83.32 Y57.62
G1 X84.32 Y57.62 S300.00 F1000

; Pass 0 Path 6321
G0 X84.32 Y57.52
G1 X83.32 Y57.52 S300.00 F1000

; Pass 0 Path 6322
G0 X83.32 Y57.42
G1 X84.32 Y57.42 S300.00 F1000

; Pass 0 Path 6323
G0 X84.32 Y57.32
G1 X83.32 Y57.32 S300.00 F1000

; Pass 0 Path 6324
G0 X83.32 Y57.22
G1 X84.32 Y57.22 S300.00 F1000

; Pass 0 Path 6325
G0 X84.32 Y57.12
G1 X83.32 Y57.12 S300.00 F1000

; Pass 0 Path 6326
G0 X83.32 Y57.02
G1 X84.32 Y57.02 S300.00 F1000

; Pass 0 Path 6327
G0 X84.32 Y56.92
G1 X83.32 Y56.92 S300.00 F1000

; Pass 0 Path 6328
G0 X83.32 Y56.82
G1 X84.32 Y56.82 S300.00 F1000

; Pass 0 Path 6329
G0 X84.32 Y56.72
G1 X83.32 Y56.72 S300.00 F1000

; Pass 0 Path 6330
G0 X83.32 Y56.62
G1 X84.32 Y56.62 S300.00 F1000

; Pass 0 Path 6331
G0 X84.32 Y56.52
G1 X83.32 Y56.52 S300.00 F1000

; Pass 0 Path 6332
G0 X83.32 Y56.42
G1 X84.32 Y56.42 S300.00 F1000

; Pass 0 Path 6333
G0 X84.32 Y56.32
G1 X83.32 Y56.32 S300.00 F1000

; Pass 0 Path 6334
G0 X83.32 Y56.22
G1 X84.32 Y56.22 S300.00 F1000

; Pass 0 Path 6335
G0 X84.32 Y56.12
G1 X83.32 Y56.12 S300.00 F1000

; Pass 0 Path 6336
G0 X83.32 Y56.02
G1 X84.32 Y56.02 S300.00 F1000

; Pass 0 Path 6337
G0 X84.32 Y55.92
G1 X83.32 Y55.92 S300.00 F1000

; Pass 0 Path 6338
G0 X83.32 Y55.82
G1 X84.32 Y55.82 S300.00 F1000

; Pass 0 Path 6339
G0 X84.32 Y55.72
G1 X83.32 Y55.72 S300.00 F1000

; Pass 0 Path 6340
G0 X83.32 Y55.62
G1 X84.32 Y55.62 S300.00 F1000

; Pass 0 Path 6341
G0 X84.32 Y55.52
G1 X83.32 Y55.52 S300.00 F1000

; Pass 0 Path 6342
G0 X83.32 Y55.42
G1 X84.32 Y55.42 S300.00 F1000

; Pass 0 Path 6343
G0 X84.32 Y55.32
G1 X83.32 Y55.32 S300.00 F1000

; Pass 0 Path 6344
G0 X83.32 Y55.22
G1 X84.32 Y55.22 S300.00 F1000

; Pass 0 Path 6345
G0 X84.32 Y55.12
G1 X83.32 Y55.12 S300.00 F1000

; Pass 0 Path 6346
G0 X83.32 Y55.02
G1 X84.32 Y55.02 S300.00 F1000

; Pass 0 Path 6347
G0 X84.32 Y54.92
G1 X83.32 Y54.92 S300.00 F1000

; Pass 0 Path 6348
G0 X83.32 Y54.82
G1 X84.32 Y54.82 S300.00 F1000

; Pass 0 Path 6349
G0 X84.32 Y54.72
G1 X83.32 Y54.72 S300.00 F1000

; Pass 0 Path 6350
G0 X83.32 Y54.62
G1 X84.32 Y54.62 S300.00 F1000

; Pass 0 Path 6351
G0 X84.32 Y54.52
G1 X83.32 Y54.52 S300.00 F1000

; Pass 0 Path 6352
G0 X83.32 Y54.42
G1 X84.32 Y54.42 S300.00 F1000

; Pass 0 Path 6353
G0 X84.32 Y54.32
G1 X83.32 Y54.32 S300.00 F1000

; Pass 0 Path 6354
G0 X83.32 Y54.22
G1 X84.32 Y54.22 S300.00 F1000

; Pass 0 Path 6355
G0 X84.32 Y54.12
G1 X83.32 Y54.12 S300.00 F1000

; Pass 0 Path 6356
G0 X83.32 Y54.02
G1 X84.32 Y54.02 S300.00 F1000

; Pass 0 Path 6357
G0 X84.32 Y53.92
G1 X83.32 Y53.92 S300.00 F1000

; Pass 0 Path 6358
G0 X83.32 Y53.82
G1 X84.32 Y53.82 S300.00 F1000

; Pass 0 Path 6359
G0 X84.32 Y53.72
G1 X83.32 Y53.72 S300.00 F1000

; Pass 0 Path 6360
G0 X83.32 Y53.62
G1 X84.32 Y53.62 S300.00 F1000

; Pass 0 Path 6361
G0 X84.32 Y53.52
G1 X83.32 Y53.52 S300.00 F1000

; Pass 0 Path 6362
G0 X83.32 Y53.42
G1 X84.32 Y53.42 S300.00 F1000

; Pass 0 Path 6363
G0 X84.32 Y53.32
G1 X83.32 Y53.32 S300.00 F1000

; Pass 0 Path 6364
G0 X83.32 Y53.22
G1 X84.32 Y53.22 S300.00 F1000

; Pass 0 Path 6365
G0 X84.32 Y53.12
G1 X83.32 Y53.12 S300.00 F1000

; Pass 0 Path 6366
G0 X83.32 Y53.02
G1 X84.32 Y53.02 S300.00 F1000

; Pass 0 Path 6367
G0 X84.32 Y52.92
G1 X83.32 Y52.92 S300.00 F1000

; Pass 0 Path 6368
G0 X83.32 Y52.82
G1 X84.32 Y52.82 S300.00 F1000

; Pass 0 Path 6369
G0 X84.32 Y52.72
G1 X83.32 Y52.72 S300.00 F1000

; Pass 0 Path 6370
G0 X83.32 Y52.62
G1 X84.32 Y52.62 S300.00 F1000

; Pass 0 Path 6371
G0 X84.32 Y52.52
G1 X83.32 Y52.52 S300.00 F1000

; Pass 0 Path 6372
G0 X83.32 Y52.42
G1 X84.32 Y52.42 S300.00 F1000

; Pass 0 Path 6373
G0 X84.32 Y52.32
G1 X83.32 Y52.32 S300.00 F1000

; Pass 0 Path 6374
G0 X83.32 Y52.22
G1 X84.32 Y52.22 S300.00 F1000

; Pass 0 Path 6375
G0 X84.32 Y52.12
G1 X83.32 Y52.12 S300.00 F1000

; Pass 0 Path 6376
G0 X83.32 Y52.02
G1 X84.32 Y52.02 S300.00 F1000

; Pass 0 Path 6377
G0 X84.32 Y51.92
G1 X83.32 Y51.92 S300.00 F1000

; Pass 0 Path 6378
G0 X83.32 Y51.82
G1 X84.32 Y51.82 S300.00 F1000

; Pass 0 Path 6379
G0 X84.32 Y51.72
G1 X83.32 Y51.72 S300.00 F1000

; Pass 0 Path 6380
G0 X83.32 Y51.62
G1 X84.32 Y51.62 S300.00 F1000

; Pass 0 Path 6381
G0 X84.32 Y51.52
G1 X83.32 Y51.52 S300.00 F1000

; Pass 0 Path 6382
G0 X83.32 Y51.42
G1 X84.32 Y51.42 S300.00 F1000

; Pass 0 Path 6383
G0 X84.32 Y51.32
G1 X83.32 Y51.32 S300.00 F1000

; Pass 0 Path 6384
G0 X83.32 Y51.22
G1 X84.32 Y51.22 S300.00 F1000

; Pass 0 Path 6385
G0 X84.32 Y51.12
G1 X83.32 Y51.12 S300.00 F1000

; Pass 0 Path 6386
G0 X83.32 Y51.02
G1 X84.32 Y51.02 S300.00 F1000

; Pass 0 Path 6387
G0 X84.32 Y50.92
G1 X83.32 Y50.92 S300.00 F1000

; Pass 0 Path 6388
G0 X83.32 Y50.82
G1 X84.32 Y50.82 S300.00 F1000

; Pass 0 Path 6389
G0 X84.32 Y50.72
G1 X83.32 Y50.72 S300.00 F1000

; Pass 0 Path 6390
G0 X83.32 Y50.62
G1 X84.32 Y50.62 S300.00 F1000

; Pass 0 Path 6391
G0 X84.32 Y50.52
G1 X83.32 Y50.52 S300.00 F1000

; Pass 0 Path 6392
G0 X83.32 Y50.42
G1 X84.32 Y50.42 S300.00 F1000

; Pass 0 Path 6393
G0 X84.32 Y50.32
G1 X83.32 Y50.32 S300.00 F1000

; Pass 0 Path 6394
G0 X83.32 Y50.22
G1 X84.32 Y50.22 S300.00 F1000

; Pass 0 Path 6395
G0 X84.32 Y50.12
G1 X83.32 Y50.12 S300.00 F1000

; Pass 0 Path 6396
G0 X83.32 Y50.02
G1 X84.32 Y50.02 S300.00 F1000

; Pass 0 Path 6397
G0 X84.32 Y49.92
G1 X83.32 Y49.92 S300.00 F1000

; Pass 0 Path 6398
G0 X83.32 Y49.82
G1 X84.32 Y49.82 S300.00 F1000

; Pass 0 Path 6399
G0 X84.32 Y49.72
G1 X83.32 Y49.72 S300.00 F1000

; Pass 0 Path 6400
G0 X83.32 Y49.62
G1 X84.32 Y49.62 S300.00 F1000

; Pass 0 Path 6401
G0 X84.32 Y49.52
G1 X83.32 Y49.52 S300.00 F1000

; Pass 0 Path 6402
G0 X83.32 Y49.42
G1 X84.32 Y49.42 S300.00 F1000

; Pass 0 Path 6403
G0 X84.32 Y49.32
G1 X83.32 Y49.32 S300.00 F1000

; Pass 0 Path 6404
G0 X83.32 Y49.22
G1 X84.32 Y49.22 S300.00 F1000

; Pass 0 Path 6405
G0 X84.32 Y49.12
G1 X83.32 Y49.12 S300.00 F1000

; Pass 0 Path 6406
G0 X83.32 Y49.02
G1 X84.32 Y49.02 S300.00 F1000

; Pass 0 Path 6407
G0 X84.32 Y48.92
G1 X83.32 Y48.92 S300.00 F1000

; Pass 0 Path 6408
G0 X83.32 Y48.82
G1 X84.32 Y48.82 S300.00 F1000

; Pass 0 Path 6409
G0 X84.32 Y48.72
G1 X83.32 Y48.72 S300.00 F1000

; Pass 0 Path 6410
G0 X83.32 Y48.62
G1 X84.33 Y48.62 S300.00 F1000

; Pass 0 Path 6411
G0 X84.33 Y48.52
G1 X83.33 Y48.52 S300.00 F1000

; Pass 0 Path 6412
G0 X83.34 Y48.42
G1 X84.35 Y48.42 S300.00 F1000

; Pass 0 Path 6413
G0 X84.37 Y48.32
G1 X83.35 Y48.32 S300.00 F1000

; Pass 0 Path 6414
G0 X83.37 Y48.22
G1 X84.39 Y48.22 S300.00 F1000

; Pass 0 Path 6415
G0 X84.42 Y48.12
G1 X83.39 Y48.12 S300.00 F1000

; Pass 0 Path 6416
G0 X83.41 Y48.02
G1 X84.46 Y48.02 S300.00 F1000

; Pass 0 Path 6417
G0 X84.50 Y47.92
G1 X83.44 Y47.92 S300.00 F1000

; Pass 0 Path 6418
G0 X83.47 Y47.82
G1 X84.55 Y47.82 S300.00 F1000

; Pass 0 Path 6419
G0 X84.60 Y47.72
G1 X83.50 Y47.72 S300.00 F1000

; Pass 0 Path 6420
G0 X83.54 Y47.62
G1 X84.66 Y47.62 S300.00 F1000

; Pass 0 Path 6421
G0 X84.73 Y47.52
G1 X83.59 Y47.52 S300.00 F1000

; Pass 0 Path 6422
G0 X83.63 Y47.42
G1 X84.82 Y47.42 S300.00 F1000

; Pass 0 Path 6423
G0 X84.91 Y47.32
G1 X83.68 Y47.32 S300.00 F1000

; Pass 0 Path 6424
G0 X83.74 Y47.22
G1 X85.01 Y47.22 S300.00 F1000

; Pass 0 Path 6425
G0 X85.14 Y47.12
G1 X83.80 Y47.12 S300.00 F1000

; Pass 0 Path 6426
G0 X83.87 Y47.02
G1 X85.29 Y47.02 S300.00 F1000

; Pass 0 Path 6427
G0 X85.47 Y46.92
G1 X83.94 Y46.92 S300.00 F1000

; Pass 0 Path 6428
G0 X84.02 Y46.82
G1 X85.73 Y46.82 S300.00 F1000

; Pass 0 Path 6429
G0 X73.94 Y52.62
G1 X68.31 Y52.62 S300.00 F1000

; Pass 0 Path 6430
G0 X68.27 Y52.72
G1 X73.97 Y52.72 S300.00 F1000

; Pass 0 Path 6431
G0 X74.00 Y52.82
G1 X68.24 Y52.82 S300.00 F1000

; Pass 0 Path 6432
G0 X68.23 Y52.92
G1 X74.01 Y52.92 S300.00 F1000

; Pass 0 Path 6433
G0 X74.01 Y53.02
G1 X68.23 Y53.02 S300.00 F1000

; Pass 0 Path 6434
G0 X68.24 Y53.12
G1 X74.00 Y53.12 S300.00 F1000

; Pass 0 Path 6435
G0 X73.97 Y53.22
G1 X68.27 Y53.22 S300.00 F1000

; Pass 0 Path 6436
G0 X68.30 Y53.32
G1 X73.93 Y53.32 S300.00 F1000

; Pass 0 Path 6437
G0 X73.87 Y53.42
G1 X68.36 Y53.42 S300.00 F1000

; Pass 0 Path 6438
G0 X68.45 Y53.52
G1 X73.78 Y53.52 S300.00 F1000

; Pass 0 Path 6439
G0 X73.63 Y53.62
G1 X68.60 Y53.62 S300.00 F1000

; Pass 0 Path 6440
G0 X68.95 Y53.72
G1 X73.27 Y53.72 S300.00 F1000

; Pass 0 Path 6441
G0 X73.88 Y52.52
G1 X68.37 Y52.52 S300.00 F1000

; Pass 0 Path 6442
G0 X68.45 Y52.42
G1 X73.79 Y52.42 S300.00 F1000

; Pass 0 Path 6443
G0 X73.64 Y52.32
G1 X68.60 Y52.32 S300.00 F1000

; Pass 0 Path 6444
G0 X68.92 Y52.22
G1 X73.32 Y52.22 S300.00 F1000

; Pass 0 Path 6445
G0 X71.89 Y53.82
G1 X70.35 Y53.82 S300.00 F1000

; Pass 0 Path 6446
G0 X70.35 Y53.92
G1 X71.89 Y53.92 S300.00 F1000

; Pass 0 Path 6447
G0 X71.89 Y54.02
G1 X70.35 Y54.02 S300.00 F1000

; Pass 0 Path 6448
G0 X70.35 Y54.12
G1 X71.89 Y54.12 S300.00 F1000

; Pass 0 Path 6449
G0 X71.89 Y54.22
G1 X70.35 Y54.22 S300.00 F1000

; Pass 0 Path 6450
G0 X70.35 Y54.32
G1 X71.89 Y54.32 S300.00 F1000

; Pass 0 Path 6451
G0 X71.89 Y54.42
G1 X70.35 Y54.42 S300.00 F1000

; Pass 0 Path 6452
G0 X70.35 Y54.52
G1 X71.89 Y54.52 S300.00 F1000

; Pass 0 Path 6453
G0 X71.89 Y54.62
G1 X70.35 Y54.62 S300.00 F1000

; Pass 0 Path 6454
G0 X70.35 Y54.72
G1 X71.89 Y54.72 S300.00 F1000

; Pass 0 Path 6455
G0 X71.89 Y54.82
G1 X70.35 Y54.82 S300.00 F1000

; Pass 0 Path 6456
G0 X70.35 Y54.92
G1 X71.89 Y54.92 S300.00 F1000

; Pass 0 Path 6457
G0 X71.89 Y55.02
G1 X70.35 Y55.02 S300.00 F1000

; Pass 0 Path 6458
G0 X70.35 Y55.12
G1 X71.89 Y55.12 S300.00 F1000

; Pass 0 Path 6459
G0 X71.89 Y55.22
G1 X70.35 Y55.22 S300.00 F1000

; Pass 0 Path 6460
G0 X70.35 Y55.32
G1 X71.89 Y55.32 S300.00 F1000

; Pass 0 Path 6461
G0 X71.89 Y55.42
G1 X70.35 Y55.42 S300.00 F1000

; Pass 0 Path 6462
G0 X70.35 Y55.52
G1 X71.89 Y55.52 S300.00 F1000

; Pass 0 Path 6463
G0 X71.89 Y55.62
G1 X70.35 Y55.62 S300.00 F1000

; Pass 0 Path 6464
G0 X70.35 Y55.72
G1 X71.89 Y55.72 S300.00 F1000

; Pass 0 Path 6465
G0 X71.89 Y55.82
G1 X70.35 Y55.82 S300.00 F1000

; Pass 0 Path 6466
G0 X70.35 Y55.92
G1 X71.89 Y55.92 S300.00 F1000

; Pass 0 Path 6467
G0 X71.89 Y56.02
G1 X70.35 Y56.02 S300.00 F1000

; Pass 0 Path 6468
G0 X70.35 Y56.12
G1 X71.89 Y56.12 S300.00 F1000

; Pass 0 Path 6469
G0 X71.89 Y56.22
G1 X70.35 Y56.22 S300.00 F1000

; Pass 0 Path 6470
G0 X70.35 Y56.32
G1 X71.89 Y56.32 S300.00 F1000

; Pass 0 Path 6471
G0 X71.89 Y56.42
G1 X70.35 Y56.42 S300.00 F1000

; Pass 0 Path 6472
G0 X70.35 Y56.52
G1 X71.89 Y56.52 S300.00 F1000

; Pass 0 Path 6473
G0 X71.89 Y56.62
G1 X70.35 Y56.62 S300.00 F1000

; Pass 0 Path 6474
G0 X70.35 Y56.72
G1 X71.89 Y56.72 S300.00 F1000

; Pass 0 Path 6475
G0 X71.89 Y56.82
G1 X70.35 Y56.82 S300.00 F1000

; Pass 0 Path 6476
G0 X70.35 Y56.92
G1 X71.89 Y56.92 S300.00 F1000

; Pass 0 Path 6477
G0 X71.89 Y57.02
G1 X70.35 Y57.02 S300.00 F1000

; Pass 0 Path 6478
G0 X70.35 Y57.12
G1 X71.89 Y57.12 S300.00 F1000

; Pass 0 Path 6479
G0 X71.89 Y57.22
G1 X70.35 Y57.22 S300.00 F1000

; Pass 0 Path 6480
G0 X70.35 Y57.32
G1 X71.89 Y57.32 S300.00 F1000

; Pass 0 Path 6481
G0 X71.89 Y57.42
G1 X70.35 Y57.42 S300.00 F1000

; Pass 0 Path 6482
G0 X70.35 Y57.52
G1 X71.89 Y57.52 S300.00 F1000

; Pass 0 Path 6483
G0 X71.89 Y57.62
G1 X70.35 Y57.62 S300.00 F1000

; Pass 0 Path 6484
G0 X70.35 Y57.72
G1 X71.89 Y57.72 S300.00 F1000

; Pass 0 Path 6485
G0 X71.89 Y57.82
G1 X70.35 Y57.82 S300.00 F1000

; Pass 0 Path 6486
G0 X70.35 Y57.92
G1 X71.89 Y57.92 S300.00 F1000

; Pass 0 Path 6487
G0 X71.89 Y58.02
G1 X70.35 Y58.02 S300.00 F1000

; Pass 0 Path 6488
G0 X70.35 Y58.12
G1 X71.89 Y58.12 S300.00 F1000

; Pass 0 Path 6489
G0 X71.89 Y58.22
G1 X70.35 Y58.22 S300.00 F1000

; Pass 0 Path 6490
G0 X70.35 Y58.32
G1 X71.89 Y58.32 S300.00 F1000

; Pass 0 Path 6491
G0 X71.89 Y58.42
G1 X70.35 Y58.42 S300.00 F1000

; Pass 0 Path 6492
G0 X70.35 Y58.52
G1 X71.89 Y58.52 S300.00 F1000

; Pass 0 Path 6493
G0 X71.89 Y58.62
G1 X70.35 Y58.62 S300.00 F1000

; Pass 0 Path 6494
G0 X70.34 Y58.62
G1 X68.40 Y58.62 S300.00 F1000

; Pass 0 Path 6495
G0 X68.34 Y58.72
G1 X71.89 Y58.72 S300.00 F1000

; Pass 0 Path 6496
G0 X71.89 Y58.82
G1 X68.30 Y58.82 S300.00 F1000

; Pass 0 Path 6497
G0 X68.27 Y58.92
G1 X71.89 Y58.92 S300.00 F1000

; Pass 0 Path 6498
G0 X71.89 Y59.02
G1 X68.26 Y59.02 S300.00 F1000

; Pass 0 Path 6499
G0 X68.26 Y59.12
G1 X71.89 Y59.12 S300.00 F1000

; Pass 0 Path 6500
G0 X71.89 Y59.22
G1 X68.27 Y59.22 S300.00 F1000

; Pass 0 Path 6501
G0 X68.29 Y59.32
G1 X71.89 Y59.32 S300.00 F1000

; Pass 0 Path 6502
G0 X71.89 Y59.42
G1 X68.32 Y59.42 S300.00 F1000

; Pass 0 Path 6503
G0 X68.38 Y59.52
G1 X71.89 Y59.52 S300.00 F1000

; Pass 0 Path 6504
G0 X71.89 Y59.62
G1 X68.47 Y59.62 S300.00 F1000

; Pass 0 Path 6505
G0 X68.62 Y59.72
G1 X71.89 Y59.72 S300.00 F1000

; Pass 0 Path 6506
G0 X71.89 Y59.82
G1 X68.87 Y59.82 S300.00 F1000

; Pass 0 Path 6507
G0 X69.25 Y59.92
G1 X71.89 Y59.92 S300.00 F1000

; Pass 0 Path 6508
G0 X71.89 Y60.02
G1 X69.63 Y60.02 S300.00 F1000

; Pass 0 Path 6509
G0 X70.02 Y60.12
G1 X71.89 Y60.12 S300.00 F1000

; Pass 0 Path 6510
G0 X71.89 Y60.22
G1 X70.40 Y60.22 S300.00 F1000

; Pass 0 Path 6511
G0 X70.79 Y60.32
G1 X71.89 Y60.32 S300.00 F1000

; Pass 0 Path 6512
G0 X71.89 Y60.42
G1 X71.18 Y60.42 S300.00 F1000

; Pass 0 Path 6513
G0 X71.56 Y60.52
G1 X71.85 Y60.52 S300.00 F1000

; Pass 0 Path 6514
G0 X69.96 Y58.52
G1 X68.47 Y58.52 S300.00 F1000

; Pass 0 Path 6515
G0 X68.59 Y58.42
G1 X69.59 Y58.42 S300.00 F1000

; Pass 0 Path 6516
G0 X69.20 Y58.32
G1 X68.80 Y58.32 S300.00 F1000

; Pass 0 Path 6517
G0 X51.05 Y58.32
G1 X49.52 Y58.32 S300.00 F1000

; Pass 0 Path 6518
G0 X49.51 Y58.22
G1 X51.05 Y58.22 S300.00 F1000

; Pass 0 Path 6519
G0 X51.04 Y58.12
G1 X49.49 Y58.12 S300.00 F1000

; Pass 0 Path 6520
G0 X49.46 Y58.02
G1 X51.03 Y58.02 S300.00 F1000

; Pass 0 Path 6521
G0 X51.01 Y57.92
G1 X49.41 Y57.92 S300.00 F1000

; Pass 0 Path 6522
G0 X49.34 Y57.82
G1 X50.99 Y57.82 S300.00 F1000

; Pass 0 Path 6523
G0 X50.96 Y57.72
G1 X49.25 Y57.72 S300.00 F1000

; Pass 0 Path 6524
G0 X49.12 Y57.62
G1 X50.92 Y57.62 S300.00 F1000

; Pass 0 Path 6525
G0 X50.87 Y57.52
G1 X48.94 Y57.52 S300.00 F1000

; Pass 0 Path 6526
G0 X47.91 Y57.42
G1 X50.82 Y57.42 S300.00 F1000

; Pass 0 Path 6527
G0 X50.75 Y57.32
G1 X47.58 Y57.32 S300.00 F1000

; Pass 0 Path 6528
G0 X47.44 Y57.22
G1 X50.67 Y57.22 S300.00 F1000

; Pass 0 Path 6529
G0 X50.58 Y57.12
G1 X47.35 Y57.12 S300.00 F1000

; Pass 0 Path 6530
G0 X47.28 Y57.02
G1 X50.47 Y57.02 S300.00 F1000

; Pass 0 Path 6531
G0 X50.34 Y56.92
G1 X47.24 Y56.92 S300.00 F1000

; Pass 0 Path 6532
G0 X47.21 Y56.82
G1 X50.21 Y56.82 S300.00 F1000

; Pass 0 Path 6533
G0 X50.06 Y56.72
G1 X47.20 Y56.72 S300.00 F1000

; Pass 0 Path 6534
G0 X47.20 Y56.62
G1 X50.04 Y56.62 S300.00 F1000

; Pass 0 Path 6535
G0 X50.21 Y56.52
G1 X47.21 Y56.52 S300.00 F1000

; Pass 0 Path 6536
G0 X47.23 Y56.42
G1 X50.36 Y56.42 S300.00 F1000

; Pass 0 Path 6537
G0 X50.49 Y56.32
G1 X47.27 Y56.32 S300.00 F1000

; Pass 0 Path 6538
G0 X47.34 Y56.22
G1 X50.61 Y56.22 S300.00 F1000

; Pass 0 Path 6539
G0 X50.72 Y56.12
G1 X47.44 Y56.12 S300.00 F1000

; Pass 0 Path 6540
G0 X47.61 Y56.02
G1 X50.82 Y56.02 S300.00 F1000

; Pass 0 Path 6541
G0 X50.90 Y55.92
G1 X48.31 Y55.92 S300.00 F1000

; Pass 0 Path 6542
G0 X48.83 Y55.82
G1 X50.98 Y55.82 S300.00 F1000

; Pass 0 Path 6543
G0 X51.05 Y55.72
G1 X49.06 Y55.72 S300.00 F1000

; Pass 0 Path 6544
G0 X49.23 Y55.62
G1 X51.11 Y55.62 S300.00 F1000

; Pass 0 Path 6545
G0 X51.16 Y55.52
G1 X49.37 Y55.52 S300.00 F1000

; Pass 0 Path 6546
G0 X49.49 Y55.42
G1 X51.20 Y55.42 S300.00 F1000

; Pass 0 Path 6547
G0 X51.24 Y55.32
G1 X49.58 Y55.32 S300.00 F1000

; Pass 0 Path 6548
G0 X49.65 Y55.22
G1 X51.27 Y55.22 S300.00 F1000

; Pass 0 Path 6549
G0 X51.29 Y55.12
G1 X49.71 Y55.12 S300.00 F1000

; Pass 0 Path 6550
G0 X49.75 Y55.02
G1 X51.31 Y55.02 S300.00 F1000

; Pass 0 Path 6551
G0 X51.32 Y54.92
G1 X49.78 Y54.92 S300.00 F1000

; Pass 0 Path 6552
G0 X49.79 Y54.82
G1 X51.33 Y54.82 S300.00 F1000

; Pass 0 Path 6553
G0 X51.33 Y54.72
G1 X49.80 Y54.72 S300.00 F1000

; Pass 0 Path 6554
G0 X49.79 Y54.62
G1 X51.33 Y54.62 S300.00 F1000

; Pass 0 Path 6555
G0 X51.32 Y54.52
G1 X49.76 Y54.52 S300.00 F1000

; Pass 0 Path 6556
G0 X49.73 Y54.42
G1 X51.31 Y54.42 S300.00 F1000

; Pass 0 Path 6557
G0 X51.30 Y54.32
G1 X49.69 Y54.32 S300.00 F1000

; Pass 0 Path 6558
G0 X49.63 Y54.22
G1 X51.28 Y54.22 S300.00 F1000

; Pass 0 Path 6559
G0 X51.25 Y54.12
G1 X49.56 Y54.12 S300.00 F1000

; Pass 0 Path 6560
G0 X49.47 Y54.02
G1 X51.23 Y54.02 S300.00 F1000

; Pass 0 Path 6561
G0 X51.19 Y53.92
G1 X49.33 Y53.92 S300.00 F1000

; Pass 0 Path 6562
G0 X49.15 Y53.82
G1 X51.16 Y53.82 S300.00 F1000

; Pass 0 Path 6563
G0 X51.11 Y53.72
G1 X48.84 Y53.72 S300.00 F1000

; Pass 0 Path 6564
G0 X49.21 Y52.22
G1 X46.63 Y52.22 S300.00 F1000

; Pass 0 Path 6565
G0 X46.23 Y52.32
G1 X49.57 Y52.32 S300.00 F1000

; Pass 0 Path 6566
G0 X49.82 Y52.42
G1 X45.96 Y52.42 S300.00 F1000

; Pass 0 Path 6567
G0 X45.76 Y52.52
G1 X50.02 Y52.52 S300.00 F1000

; Pass 0 Path 6568
G0 X50.19 Y52.62
G1 X45.60 Y52.62 S300.00 F1000

; Pass 0 Path 6569
G0 X45.47 Y52.72
G1 X50.33 Y52.72 S300.00 F1000

; Pass 0 Path 6570
G0 X50.45 Y52.82
G1 X45.38 Y52.82 S300.00 F1000

; Pass 0 Path 6571
G0 X45.31 Y52.92
G1 X50.56 Y52.92 S300.00 F1000

; Pass 0 Path 6572
G0 X50.66 Y53.02
G1 X45.25 Y53.02 S300.00 F1000

; Pass 0 Path 6573
G0 X45.22 Y53.12
G1 X50.74 Y53.12 S300.00 F1000

; Pass 0 Path 6574
G0 X50.82 Y53.22
G1 X45.19 Y53.22 S300.00 F1000

; Pass 0 Path 6575
G0 X45.19 Y53.32
G1 X50.89 Y53.32 S300.00 F1000

; Pass 0 Path 6576
G0 X50.96 Y53.42
G1 X45.20 Y53.42 S300.00 F1000

; Pass 0 Path 6577
G0 X45.22 Y53.52
G1 X51.01 Y53.52 S300.00 F1000

; Pass 0 Path 6578
G0 X51.07 Y53.62
G1 X45.25 Y53.62 S300.00 F1000

; Pass 0 Path 6579
G0 X45.30 Y53.72
G1 X46.87 Y53.72 S300.00 F1000

; Pass 0 Path 6580
G0 X46.59 Y53.82
G1 X45.38 Y53.82 S300.00 F1000

; Pass 0 Path 6581
G0 X45.48 Y53.92
G1 X46.41 Y53.92 S300.00 F1000

; Pass 0 Path 6582
G0 X46.24 Y54.02
G1 X45.65 Y54.02 S300.00 F1000

; Pass 0 Path 6583
G0 X47.40 Y52.12
G1 X48.47 Y52.12 S300.00 F1000

; Pass 0 Path 6584
G0 X49.51 Y58.42
G1 X51.05 Y58.42 S300.00 F1000

; Pass 0 Path 6585
G0 X51.04 Y58.52
G1 X49.48 Y58.52 S300.00 F1000

; Pass 0 Path 6586
G0 X49.44 Y58.62
G1 X51.03 Y58.62 S300.00 F1000

; Pass 0 Path 6587
G0 X51.01 Y58.72
G1 X49.38 Y58.72 S300.00 F1000

; Pass 0 Path 6588
G0 X49.28 Y58.82
G1 X50.99 Y58.82 S300.00 F1000

; Pass 0 Path 6589
G0 X50.96 Y58.92
G1 X49.15 Y58.92 S300.00 F1000

; Pass 0 Path 6590
G0 X48.93 Y59.02
G1 X50.93 Y59.02 S300.00 F1000

; Pass 0 Path 6591
G0 X50.89 Y59.12
G1 X48.41 Y59.12 S300.00 F1000

; Pass 0 Path 6592
G0 X47.98 Y59.12
G1 X45.56 Y59.12 S300.00 F1000

; Pass 0 Path 6593
G0 X45.56 Y59.22
G1 X50.85 Y59.22 S300.00 F1000

; Pass 0 Path 6594
G0 X50.80 Y59.32
G1 X45.58 Y59.32 S300.00 F1000

; Pass 0 Path 6595
G0 X45.61 Y59.42
G1 X50.74 Y59.42 S300.00 F1000

; Pass 0 Path 6596
G0 X50.68 Y59.52
G1 X45.66 Y59.52 S300.00 F1000

; Pass 0 Path 6597
G0 X45.72 Y59.62
G1 X50.61 Y59.62 S300.00 F1000

; Pass 0 Path 6598
G0 X50.53 Y59.72
G1 X45.79 Y59.72 S300.00 F1000

; Pass 0 Path 6599
G0 X45.88 Y59.82
G1 X50.44 Y59.82 S300.00 F1000

; Pass 0 Path 6600
G0 X50.34 Y59.92
G1 X45.99 Y59.92 S300.00 F1000

; Pass 0 Path 6601
G0 X46.11 Y60.02
G1 X50.24 Y60.02 S300.00 F1000

; Pass 0 Path 6602
G0 X50.11 Y60.12
G1 X46.26 Y60.12 S300.00 F1000

; Pass 0 Path 6603
G0 X46.43 Y60.22
G1 X49.97 Y60.22 S300.00 F1000

; Pass 0 Path 6604
G0 X49.80 Y60.32
G1 X46.64 Y60.32 S300.00 F1000

; Pass 0 Path 6605
G0 X46.89 Y60.42
G1 X49.60 Y60.42 S300.00 F1000

; Pass 0 Path 6606
G0 X49.32 Y60.52
G1 X47.21 Y60.52 S300.00 F1000

; Pass 0 Path 6607
G0 X47.71 Y60.62
G1 X48.88 Y60.62 S300.00 F1000

; Pass 0 Path 6608
G0 X47.45 Y59.02
G1 X45.56 Y59.02 S300.00 F1000

; Pass 0 Path 6609
G0 X45.58 Y58.92
G1 X47.25 Y58.92 S300.00 F1000

; Pass 0 Path 6610
G0 X47.11 Y58.82
G1 X45.62 Y58.82 S300.00 F1000

; Pass 0 Path 6611
G0 X45.67 Y58.72
G1 X47.00 Y58.72 S300.00 F1000

; Pass 0 Path 6612
G0 X46.90 Y58.62
G1 X45.74 Y58.62 S300.00 F1000

; Pass 0 Path 6613
G0 X45.84 Y58.52
G1 X46.79 Y58.52 S300.00 F1000

; Pass 0 Path 6614
G0 X46.63 Y58.42
G1 X46.00 Y58.42 S300.00 F1000

; Pass 0 Path 6615
G0 X47.00 Y87.72
G1 X48.86 Y87.72 S300.00 F1000

; Pass 0 Path 6616
G0 X49.37 Y87.82
G1 X46.45 Y87.82 S300.00 F1000

; Pass 0 Path 6617
G0 X46.12 Y87.92
G1 X49.67 Y87.92 S300.00 F1000

; Pass 0 Path 6618
G0 X49.90 Y88.02
G1 X45.87 Y88.02 S300.00 F1000

; Pass 0 Path 6619
G0 X45.69 Y88.12
G1 X50.09 Y88.12 S300.00 F1000

; Pass 0 Path 6620
G0 X50.25 Y88.22
G1 X45.55 Y88.22 S300.00 F1000

; Pass 0 Path 6621
G0 X45.43 Y88.32
G1 X50.38 Y88.32 S300.00 F1000

; Pass 0 Path 6622
G0 X50.50 Y88.42
G1 X45.35 Y88.42 S300.00 F1000

; Pass 0 Path 6623
G0 X45.28 Y88.52
G1 X50.60 Y88.52 S300.00 F1000

; Pass 0 Path 6624
G0 X50.69 Y88.62
G1 X45.24 Y88.62 S300.00 F1000

; Pass 0 Path 6625
G0 X45.21 Y88.72
G1 X50.77 Y88.72 S300.00 F1000

; Pass 0 Path 6626
G0 X50.85 Y88.82
G1 X45.19 Y88.82 S300.00 F1000

; Pass 0 Path 6627
G0 X45.19 Y88.92
G1 X50.92 Y88.92 S300.00 F1000

; Pass 0 Path 6628
G0 X50.98 Y89.02
G1 X45.20 Y89.02 S300.00 F1000

; Pass 0 Path 6629
G0 X45.23 Y89.12
G1 X51.04 Y89.12 S300.00 F1000

; Pass 0 Path 6630
G0 X51.09 Y89.22
G1 X48.42 Y89.22 S300.00 F1000

; Pass 0 Path 6631
G0 X48.98 Y89.32
G1 X51.13 Y89.32 S300.00 F1000

; Pass 0 Path 6632
G0 X51.17 Y89.42
G1 X49.23 Y89.42 S300.00 F1000

; Pass 0 Path 6633
G0 X49.39 Y89.52
G1 X51.21 Y89.52 S300.00 F1000

; Pass 0 Path 6634
G0 X51.24 Y89.62
G1 X49.51 Y89.62 S300.00 F1000

; Pass 0 Path 6635
G0 X49.59 Y89.72
G1 X51.26 Y89.72 S300.00 F1000

; Pass 0 Path 6636
G0 X51.28 Y89.82
G1 X49.66 Y89.82 S300.00 F1000

; Pass 0 Path 6637
G0 X49.71 Y89.92
G1 X51.30 Y89.92 S300.00 F1000

; Pass 0 Path 6638
G0 X51.32 Y90.02
G1 X49.75 Y90.02 S300.00 F1000

; Pass 0 Path 6639
G0 X49.77 Y90.12
G1 X51.33 Y90.12 S300.00 F1000

; Pass 0 Path 6640
G0 X51.33 Y90.22
G1 X49.79 Y90.22 S300.00 F1000

; Pass 0 Path 6641
G0 X49.80 Y90.32
G1 X51.33 Y90.32 S300.00 F1000

; Pass 0 Path 6642
G0 X51.33 Y90.42
G1 X49.79 Y90.42 S300.00 F1000

; Pass 0 Path 6643
G0 X49.77 Y90.52
G1 X51.32 Y90.52 S300.00 F1000

; Pass 0 Path 6644
G0 X51.30 Y90.62
G1 X49.73 Y90.62 S300.00 F1000

; Pass 0 Path 6645
G0 X49.69 Y90.72
G1 X51.28 Y90.72 S300.00 F1000

; Pass 0 Path 6646
G0 X51.26 Y90.82
G1 X49.62 Y90.82 S300.00 F1000

; Pass 0 Path 6647
G0 X49.54 Y90.92
G1 X51.22 Y90.92 S300.00 F1000

; Pass 0 Path 6648
G0 X51.18 Y91.02
G1 X49.44 Y91.02 S300.00 F1000

; Pass 0 Path 6649
G0 X49.32 Y91.12
G1 X51.14 Y91.12 S300.00 F1000

; Pass 0 Path 6650
G0 X51.08 Y91.22
G1 X49.17 Y91.22 S300.00 F1000

; Pass 0 Path 6651
G0 X48.97 Y91.32
G1 X51.02 Y91.32 S300.00 F1000

; Pass 0 Path 6652
G0 X50.95 Y91.42
G1 X48.71 Y91.42 S300.00 F1000

; Pass 0 Path 6653
G0 X47.81 Y91.52
G1 X50.87 Y91.52 S300.00 F1000

; Pass 0 Path 6654
G0 X50.78 Y91.62
G1 X47.53 Y91.62 S300.00 F1000

; Pass 0 Path 6655
G0 X47.40 Y91.72
G1 X50.68 Y91.72 S300.00 F1000

; Pass 0 Path 6656
G0 X50.56 Y91.82
G1 X47.31 Y91.82 S300.00 F1000

; Pass 0 Path 6657
G0 X47.26 Y91.92
G1 X50.44 Y91.92 S300.00 F1000

; Pass 0 Path 6658
G0 X50.30 Y92.02
G1 X47.22 Y92.02 S300.00 F1000

; Pass 0 Path 6659
G0 X47.20 Y92.12
G1 X50.14 Y92.12 S300.00 F1000

; Pass 0 Path 6660
G0 X49.97 Y92.22
G1 X47.19 Y92.22 S300.00 F1000

; Pass 0 Path 6661
G0 X47.20 Y92.32
G1 X50.12 Y92.32 S300.00 F1000

; Pass 0 Path 6662
G0 X50.26 Y92.42
G1 X47.22 Y92.42 S300.00 F1000

; Pass 0 Path 6663
G0 X47.26 Y92.52
G1 X50.39 Y92.52 S300.00 F1000

; Pass 0 Path 6664
G0 X50.51 Y92.62
G1 X47.31 Y92.62 S300.00 F1000

; Pass 0 Path 6665
G0 X47.38 Y92.72
G1 X50.61 Y92.72 S300.00 F1000

; Pass 0 Path 6666
G0 X50.70 Y92.82
G1 X47.49 Y92.82 S300.00 F1000

; Pass 0 Path 6667
G0 X47.67 Y92.92
G1 X50.78 Y92.92 S300.00 F1000

; Pass 0 Path 6668
G0 X50.84 Y93.02
G1 X48.78 Y93.02 S300.00 F1000

; Pass 0 Path 6669
G0 X49.03 Y93.12
G1 X50.89 Y93.12 S300.00 F1000

; Pass 0 Path 6670
G0 X50.94 Y93.22
G1 X49.18 Y93.22 S300.00 F1000

; Pass 0 Path 6671
G0 X49.29 Y93.32
G1 X50.97 Y93.32 S300.00 F1000

; Pass 0 Path 6672
G0 X51.00 Y93.42
G1 X49.37 Y93.42 S300.00 F1000

; Pass 0 Path 6673
G0 X49.43 Y93.52
G1 X51.02 Y93.52 S300.00 F1000

; Pass 0 Path 6674
G0 X51.04 Y93.62
G1 X49.47 Y93.62 S300.00 F1000

; Pass 0 Path 6675
G0 X49.50 Y93.72
G1 X51.05 Y93.72 S300.00 F1000

; Pass 0 Path 6676
G0 X51.05 Y93.82
G1 X49.52 Y93.82 S300.00 F1000

; Pass 0 Path 6677
G0 X49.51 Y93.92
G1 X51.05 Y93.92 S300.00 F1000

; Pass 0 Path 6678
G0 X51.05 Y94.02
G1 X49.50 Y94.02 S300.00 F1000

; Pass 0 Path 6679
G0 X49.47 Y94.12
G1 X51.04 Y94.12 S300.00 F1000

; Pass 0 Path 6680
G0 X51.02 Y94.22
G1 X49.42 Y94.22 S300.00 F1000

; Pass 0 Path 6681
G0 X49.35 Y94.32
G1 X51.00 Y94.32 S300.00 F1000

; Pass 0 Path 6682
G0 X50.98 Y94.42
G1 X49.23 Y94.42 S300.00 F1000

; Pass 0 Path 6683
G0 X49.07 Y94.52
G1 X50.95 Y94.52 S300.00 F1000

; Pass 0 Path 6684
G0 X50.92 Y94.62
G1 X48.80 Y94.62 S300.00 F1000

; Pass 0 Path 6685
G0 X47.57 Y94.62
G1 X45.56 Y94.62 S300.00 F1000

; Pass 0 Path 6686
G0 X45.56 Y94.72
G1 X50.88 Y94.72 S300.00 F1000

; Pass 0 Path 6687
G0 X50.83 Y94.82
G1 X45.57 Y94.82 S300.00 F1000

; Pass 0 Path 6688
G0 X45.59 Y94.92
G1 X50.78 Y94.92 S300.00 F1000

; Pass 0 Path 6689
G0 X50.72 Y95.02
G1 X45.63 Y95.02 S300.00 F1000

; Pass 0 Path 6690
G0 X45.68 Y95.12
G1 X50.65 Y95.12 S300.00 F1000

; Pass 0 Path 6691
G0 X50.58 Y95.22
G1 X45.74 Y95.22 S300.00 F1000

; Pass 0 Path 6692
G0 X45.82 Y95.32
G1 X50.50 Y95.32 S300.00 F1000

; Pass 0 Path 6693
G0 X50.40 Y95.42
G1 X45.92 Y95.42 S300.00 F1000

; Pass 0 Path 6694
G0 X46.03 Y95.52
G1 X50.30 Y95.52 S300.00 F1000

; Pass 0 Path 6695
G0 X50.19 Y95.62
G1 X46.17 Y95.62 S300.00 F1000

; Pass 0 Path 6696
G0 X46.32 Y95.72
G1 X50.06 Y95.72 S300.00 F1000

; Pass 0 Path 6697
G0 X49.91 Y95.82
G1 X46.51 Y95.82 S300.00 F1000

; Pass 0 Path 6698
G0 X46.73 Y95.92
G1 X49.73 Y95.92 S300.00 F1000

; Pass 0 Path 6699
G0 X49.50 Y96.02
G1 X47.00 Y96.02 S300.00 F1000

; Pass 0 Path 6700
G0 X47.37 Y96.12
G1 X49.18 Y96.12 S300.00 F1000

; Pass 0 Path 6701
G0 X48.45 Y96.22
G1 X48.17 Y96.22 S300.00 F1000

; Pass 0 Path 6702
G0 X47.32 Y94.52
G1 X45.57 Y94.52 S300.00 F1000

; Pass 0 Path 6703
G0 X45.60 Y94.42
G1 X47.16 Y94.42 S300.00 F1000

; Pass 0 Path 6704
G0 X47.04 Y94.32
G1 X45.65 Y94.32 S300.00 F1000

; Pass 0 Path 6705
G0 X45.71 Y94.22
G1 X46.93 Y94.22 S300.00 F1000

; Pass 0 Path 6706
G0 X46.84 Y94.12
G1 X45.80 Y94.12 S300.00 F1000

; Pass 0 Path 6707
G0 X45.93 Y94.02
G1 X46.70 Y94.02 S300.00 F1000

; Pass 0 Path 6708
G0 X46.41 Y93.92
G1 X46.21 Y93.92 S300.00 F1000

; Pass 0 Path 6709
G0 X46.14 Y89.62
G1 X45.77 Y89.62 S300.00 F1000

; Pass 0 Path 6710
G0 X45.54 Y89.52
G1 X46.35 Y89.52 S300.00 F1000

; Pass 0 Path 6711
G0 X46.51 Y89.42
G1 X45.41 Y89.42 S300.00 F1000

; Pass 0 Path 6712
G0 X45.33 Y89.32
G1 X46.74 Y89.32 S300.00 F1000

; Pass 0 Path 6713
G0 X47.28 Y89.22
G1 X45.27 Y89.22 S300.00 F1000

; Pass 0 Path 6714
G0 X68.11 Y89.22
G1 X74.12 Y89.22 S300.00 F1000

; Pass 0 Path 6715
G0 X74.13 Y89.12
G1 X68.11 Y89.12 S300.00 F1000

; Pass 0 Path 6716
G0 X68.11 Y89.02
G1 X74.13 Y89.02 S300.00 F1000

; Pass 0 Path 6717
G0 X74.14 Y88.92
G1 X68.11 Y88.92 S300.00 F1000

; Pass 0 Path 6718
G0 X68.11 Y88.82
G1 X74.14 Y88.82 S300.00 F1000

; Pass 0 Path 6719
G0 X74.14 Y88.72
G1 X68.11 Y88.72 S300.00 F1000

; Pass 0 Path 6720
G0 X68.11 Y88.62
G1 X74.14 Y88.62 S300.00 F1000

; Pass 0 Path 6721
G0 X74.14 Y88.52
G1 X68.11 Y88.52 S300.00 F1000

; Pass 0 Path 6722
G0 X68.11 Y88.42
G1 X74.14 Y88.42 S300.00 F1000

; Pass 0 Path 6723
G0 X74.14 Y88.32
G1 X68.11 Y88.32 S300.00 F1000

; Pass 0 Path 6724
G0 X68.11 Y88.22
G1 X74.14 Y88.22 S300.00 F1000

; Pass 0 Path 6725
G0 X74.14 Y88.12
G1 X68.11 Y88.12 S300.00 F1000

; Pass 0 Path 6726
G0 X68.11 Y88.02
G1 X74.14 Y88.02 S300.00 F1000

; Pass 0 Path 6727
G0 X74.14 Y87.92
G1 X68.11 Y87.92 S300.00 F1000

; Pass 0 Path 6728
G0 X68.13 Y87.82
G1 X74.11 Y87.82 S300.00 F1000

; Pass 0 Path 6729
G0 X74.11 Y89.32
G1 X72.65 Y89.32 S300.00 F1000

; Pass 0 Path 6730
G0 X72.67 Y89.42
G1 X74.09 Y89.42 S300.00 F1000

; Pass 0 Path 6731
G0 X74.06 Y89.52
G1 X72.70 Y89.52 S300.00 F1000

; Pass 0 Path 6732
G0 X72.73 Y89.62
G1 X74.01 Y89.62 S300.00 F1000

; Pass 0 Path 6733
G0 X73.95 Y89.72
G1 X72.78 Y89.72 S300.00 F1000

; Pass 0 Path 6734
G0 X72.88 Y89.82
G1 X73.86 Y89.82 S300.00 F1000

; Pass 0 Path 6735
G0 X73.69 Y89.92
G1 X73.04 Y89.92 S300.00 F1000

; Pass 0 Path 6736
G0 X72.28 Y90.82
G1 X69.92 Y90.82 S300.00 F1000

; Pass 0 Path 6737
G0 X70.04 Y90.92
G1 X72.40 Y90.92 S300.00 F1000

; Pass 0 Path 6738
G0 X72.51 Y91.02
G1 X70.16 Y91.02 S300.00 F1000

; Pass 0 Path 6739
G0 X70.27 Y91.12
G1 X72.62 Y91.12 S300.00 F1000

; Pass 0 Path 6740
G0 X72.73 Y91.22
G1 X70.39 Y91.22 S300.00 F1000

; Pass 0 Path 6741
G0 X70.51 Y91.32
G1 X72.83 Y91.32 S300.00 F1000

; Pass 0 Path 6742
G0 X72.94 Y91.42
G1 X70.63 Y91.42 S300.00 F1000

; Pass 0 Path 6743
G0 X70.75 Y91.52
G1 X73.04 Y91.52 S300.00 F1000

; Pass 0 Path 6744
G0 X73.14 Y91.62
G1 X70.87 Y91.62 S300.00 F1000

; Pass 0 Path 6745
G0 X70.98 Y91.72
G1 X73.23 Y91.72 S300.00 F1000

; Pass 0 Path 6746
G0 X73.33 Y91.82
G1 X71.10 Y91.82 S300.00 F1000

; Pass 0 Path 6747
G0 X71.21 Y91.92
G1 X73.41 Y91.92 S300.00 F1000

; Pass 0 Path 6748
G0 X73.50 Y92.02
G1 X71.32 Y92.02 S300.00 F1000

; Pass 0 Path 6749
G0 X71.43 Y92.12
G1 X73.58 Y92.12 S300.00 F1000

; Pass 0 Path 6750
G0 X73.65 Y92.22
G1 X71.54 Y92.22 S300.00 F1000

; Pass 0 Path 6751
G0 X71.64 Y92.32
G1 X73.72 Y92.32 S300.00 F1000

; Pass 0 Path 6752
G0 X73.78 Y92.42
G1 X71.75 Y92.42 S300.00 F1000

; Pass 0 Path 6753
G0 X71.85 Y92.52
G1 X73.84 Y92.52 S300.00 F1000

; Pass 0 Path 6754
G0 X73.89 Y92.62
G1 X71.95 Y92.62 S300.00 F1000

; Pass 0 Path 6755
G0 X72.05 Y92.72
G1 X73.93 Y92.72 S300.00 F1000

; Pass 0 Path 6756
G0 X73.97 Y92.82
G1 X72.14 Y92.82 S300.00 F1000

; Pass 0 Path 6757
G0 X72.23 Y92.92
G1 X74.00 Y92.92 S300.00 F1000

; Pass 0 Path 6758
G0 X74.02 Y93.02
G1 X72.31 Y93.02 S300.00 F1000

; Pass 0 Path 6759
G0 X72.39 Y93.12
G1 X74.04 Y93.12 S300.00 F1000

; Pass 0 Path 6760
G0 X74.06 Y93.22
G1 X72.45 Y93.22 S300.00 F1000

; Pass 0 Path 6761
G0 X72.50 Y93.32
G1 X74.06 Y93.32 S300.00 F1000

; Pass 0 Path 6762
G0 X74.07 Y93.42
G1 X72.52 Y93.42 S300.00 F1000

; Pass 0 Path 6763
G0 X72.54 Y93.52
G1 X74.07 Y93.52 S300.00 F1000

; Pass 0 Path 6764
G0 X74.07 Y93.62
G1 X72.54 Y93.62 S300.00 F1000

; Pass 0 Path 6765
G0 X72.53 Y93.72
G1 X74.07 Y93.72 S300.00 F1000

; Pass 0 Path 6766
G0 X74.06 Y93.82
G1 X72.50 Y93.82 S300.00 F1000

; Pass 0 Path 6767
G0 X72.47 Y93.92
G1 X74.04 Y93.92 S300.00 F1000

; Pass 0 Path 6768
G0 X74.03 Y94.02
G1 X72.41 Y94.02 S300.00 F1000

; Pass 0 Path 6769
G0 X72.34 Y94.12
G1 X74.00 Y94.12 S300.00 F1000

; Pass 0 Path 6770
G0 X73.98 Y94.22
G1 X72.25 Y94.22 S300.00 F1000

; Pass 0 Path 6771
G0 X72.13 Y94.32
G1 X73.95 Y94.32 S300.00 F1000

; Pass 0 Path 6772
G0 X73.91 Y94.42
G1 X71.96 Y94.42 S300.00 F1000

; Pass 0 Path 6773
G0 X71.71 Y94.52
G1 X73.87 Y94.52 S300.00 F1000

; Pass 0 Path 6774
G0 X73.83 Y94.62
G1 X68.56 Y94.62 S300.00 F1000

; Pass 0 Path 6775
G0 X68.51 Y94.52
G1 X70.67 Y94.52 S300.00 F1000

; Pass 0 Path 6776
G0 X70.44 Y94.42
G1 X68.47 Y94.42 S300.00 F1000

; Pass 0 Path 6777
G0 X68.43 Y94.32
G1 X70.29 Y94.32 S300.00 F1000

; Pass 0 Path 6778
G0 X70.18 Y94.22
G1 X68.40 Y94.22 S300.00 F1000

; Pass 0 Path 6779
G0 X68.38 Y94.12
G1 X70.10 Y94.12 S300.00 F1000

; Pass 0 Path 6780
G0 X70.03 Y94.02
G1 X68.37 Y94.02 S300.00 F1000

; Pass 0 Path 6781
G0 X68.36 Y93.92
G1 X69.97 Y93.92 S300.00 F1000

; Pass 0 Path 6782
G0 X69.92 Y93.82
G1 X68.36 Y93.82 S300.00 F1000

; Pass 0 Path 6783
G0 X68.37 Y93.72
G1 X69.87 Y93.72 S300.00 F1000

; Pass 0 Path 6784
G0 X69.84 Y93.62
G1 X68.40 Y93.62 S300.00 F1000

; Pass 0 Path 6785
G0 X68.45 Y93.52
G1 X69.80 Y93.52 S300.00 F1000

; Pass 0 Path 6786
G0 X69.74 Y93.42
G1 X68.51 Y93.42 S300.00 F1000

; Pass 0 Path 6787
G0 X68.61 Y93.32
G1 X69.65 Y93.32 S300.00 F1000

; Pass 0 Path 6788
G0 X69.52 Y93.22
G1 X68.75 Y93.22 S300.00 F1000

; Pass 0 Path 6789
G0 X69.10 Y93.12
G1 X69.17 Y93.12 S300.00 F1000

; Pass 0 Path 6790
G0 X68.61 Y94.72
G1 X73.78 Y94.72 S300.00 F1000

; Pass 0 Path 6791
G0 X73.72 Y94.82
G1 X68.68 Y94.82 S300.00 F1000

; Pass 0 Path 6792
G0 X68.75 Y94.92
G1 X73.66 Y94.92 S300.00 F1000

; Pass 0 Path 6793
G0 X73.59 Y95.02
G1 X68.82 Y95.02 S300.00 F1000

; Pass 0 Path 6794
G0 X68.91 Y95.12
G1 X73.51 Y95.12 S300.00 F1000

; Pass 0 Path 6795
G0 X73.42 Y95.22
G1 X69.01 Y95.22 S300.00 F1000

; Pass 0 Path 6796
G0 X69.11 Y95.32
G1 X73.33 Y95.32 S300.00 F1000

; Pass 0 Path 6797
G0 X73.22 Y95.42
G1 X69.23 Y95.42 S300.00 F1000

; Pass 0 Path 6798
G0 X69.36 Y95.52
G1 X73.10 Y95.52 S300.00 F1000

; Pass 0 Path 6799
G0 X72.96 Y95.62
G1 X69.51 Y95.62 S300.00 F1000

; Pass 0 Path 6800
G0 X69.68 Y95.72
G1 X72.80 Y95.72 S300.00 F1000

; Pass 0 Path 6801
G0 X72.61 Y95.82
G1 X69.88 Y95.82 S300.00 F1000

; Pass 0 Path 6802
G0 X70.11 Y95.92
G1 X72.38 Y95.92 S300.00 F1000

; Pass 0 Path 6803
G0 X72.07 Y96.02
G1 X70.42 Y96.02 S300.00 F1000

; Pass 0 Path 6804
G0 X71.03 Y96.12
G1 X71.46 Y96.12 S300.00 F1000

; Pass 0 Path 6805
G0 X72.17 Y90.72
G1 X69.80 Y90.72 S300.00 F1000

; Pass 0 Path 6806
G0 X69.68 Y90.62
G1 X72.05 Y90.62 S300.00 F1000

; Pass 0 Path 6807
G0 X71.94 Y90.52
G1 X69.56 Y90.52 S300.00 F1000

; Pass 0 Path 6808
G0 X69.45 Y90.42
G1 X71.82 Y90.42 S300.00 F1000

; Pass 0 Path 6809
G0 X71.71 Y90.32
G1 X69.33 Y90.32 S300.00 F1000

; Pass 0 Path 6810
G0 X69.21 Y90.22
G1 X71.59 Y90.22 S300.00 F1000

; Pass 0 Path 6811
G0 X71.48 Y90.12
G1 X69.09 Y90.12 S300.00 F1000

; Pass 0 Path 6812
G0 X68.97 Y90.02
G1 X71.36 Y90.02 S300.00 F1000

; Pass 0 Path 6813
G0 X71.25 Y89.92
G1 X68.86 Y89.92 S300.00 F1000

; Pass 0 Path 6814
G0 X68.74 Y89.82
G1 X71.13 Y89.82 S300.00 F1000

; Pass 0 Path 6815
G0 X71.02 Y89.72
G1 X68.62 Y89.72 S300.00 F1000

; Pass 0 Path 6816
G0 X68.50 Y89.62
G1 X70.91 Y89.62 S300.00 F1000

; Pass 0 Path 6817
G0 X70.79 Y89.52
G1 X68.38 Y89.52 S300.00 F1000

; Pass 0 Path 6818
G0 X68.26 Y89.42
G1 X70.68 Y89.42 S300.00 F1000

; Pass 0 Path 6819
G0 X70.56 Y89.32
G1 X68.15 Y89.32 S300.00 F1000

; Pass 0 Path 6820
G0 X83.32 Y89.32
G1 X84.32 Y89.32 S300.00 F1000

; Pass 0 Path 6821
G0 X84.32 Y89.22
G1 X83.32 Y89.22 S300.00 F1000

; Pass 0 Path 6822
G0 X83.32 Y89.12
G1 X84.32 Y89.12 S300.00 F1000

; Pass 0 Path 6823
G0 X84.32 Y89.02
G1 X83.32 Y89.02 S300.00 F1000

; Pass 0 Path 6824
G0 X83.32 Y88.92
G1 X84.32 Y88.92 S300.00 F1000

; Pass 0 Path 6825
G0 X84.32 Y88.82
G1 X83.32 Y88.82 S300.00 F1000

; Pass 0 Path 6826
G0 X83.32 Y88.72
G1 X84.32 Y88.72 S300.00 F1000

; Pass 0 Path 6827
G0 X84.32 Y88.62
G1 X83.32 Y88.62 S300.00 F1000

; Pass 0 Path 6828
G0 X83.32 Y88.52
G1 X84.32 Y88.52 S300.00 F1000

; Pass 0 Path 6829
G0 X84.32 Y88.42
G1 X83.32 Y88.42 S300.00 F1000

; Pass 0 Path 6830
G0 X83.32 Y88.32
G1 X84.32 Y88.32 S300.00 F1000

; Pass 0 Path 6831
G0 X84.32 Y88.22
G1 X83.32 Y88.22 S300.00 F1000

; Pass 0 Path 6832
G0 X83.32 Y88.12
G1 X84.32 Y88.12 S300.00 F1000

; Pass 0 Path 6833
G0 X84.32 Y88.02
G1 X83.32 Y88.02 S300.00 F1000

; Pass 0 Path 6834
G0 X83.32 Y87.92
G1 X84.32 Y87.92 S300.00 F1000

; Pass 0 Path 6835
G0 X84.32 Y87.82
G1 X83.32 Y87.82 S300.00 F1000

; Pass 0 Path 6836
G0 X83.32 Y87.72
G1 X84.32 Y87.72 S300.00 F1000

; Pass 0 Path 6837
G0 X84.32 Y87.62
G1 X83.32 Y87.62 S300.00 F1000

; Pass 0 Path 6838
G0 X83.32 Y87.52
G1 X84.32 Y87.52 S300.00 F1000

; Pass 0 Path 6839
G0 X84.32 Y87.42
G1 X83.32 Y87.42 S300.00 F1000

; Pass 0 Path 6840
G0 X83.32 Y87.32
G1 X84.32 Y87.32 S300.00 F1000

; Pass 0 Path 6841
G0 X84.32 Y87.22
G1 X83.32 Y87.22 S300.00 F1000

; Pass 0 Path 6842
G0 X83.32 Y87.12
G1 X84.32 Y87.12 S300.00 F1000

; Pass 0 Path 6843
G0 X84.32 Y87.02
G1 X83.32 Y87.02 S300.00 F1000

; Pass 0 Path 6844
G0 X83.32 Y86.92
G1 X84.32 Y86.92 S300.00 F1000

; Pass 0 Path 6845
G0 X84.32 Y86.82
G1 X83.32 Y86.82 S300.00 F1000

; Pass 0 Path 6846
G0 X83.32 Y86.72
G1 X84.32 Y86.72 S300.00 F1000

; Pass 0 Path 6847
G0 X84.32 Y86.62
G1 X83.32 Y86.62 S300.00 F1000

; Pass 0 Path 6848
G0 X83.32 Y86.52
G1 X84.32 Y86.52 S300.00 F1000

; Pass 0 Path 6849
G0 X84.32 Y86.42
G1 X83.32 Y86.42 S300.00 F1000

; Pass 0 Path 6850
G0 X83.32 Y86.32
G1 X84.32 Y86.32 S300.00 F1000

; Pass 0 Path 6851
G0 X84.32 Y86.22
G1 X83.32 Y86.22 S300.00 F1000

; Pass 0 Path 6852
G0 X83.32 Y86.12
G1 X84.32 Y86.12 S300.00 F1000

; Pass 0 Path 6853
G0 X84.32 Y86.02
G1 X83.32 Y86.02 S300.00 F1000

; Pass 0 Path 6854
G0 X83.32 Y85.92
G1 X84.32 Y85.92 S300.00 F1000

; Pass 0 Path 6855
G0 X84.32 Y85.82
G1 X83.32 Y85.82 S300.00 F1000

; Pass 0 Path 6856
G0 X83.32 Y85.72
G1 X84.32 Y85.72 S300.00 F1000

; Pass 0 Path 6857
G0 X84.32 Y85.62
G1 X83.32 Y85.62 S300.00 F1000

; Pass 0 Path 6858
G0 X83.32 Y85.52
G1 X84.32 Y85.52 S300.00 F1000

; Pass 0 Path 6859
G0 X84.32 Y85.42
G1 X83.32 Y85.42 S300.00 F1000

; Pass 0 Path 6860
G0 X83.32 Y85.32
G1 X84.32 Y85.32 S300.00 F1000

; Pass 0 Path 6861
G0 X84.32 Y85.22
G1 X83.32 Y85.22 S300.00 F1000

; Pass 0 Path 6862
G0 X83.32 Y85.12
G1 X84.32 Y85.12 S300.00 F1000

; Pass 0 Path 6863
G0 X84.32 Y85.02
G1 X83.32 Y85.02 S300.00 F1000

; Pass 0 Path 6864
G0 X83.32 Y84.92
G1 X84.32 Y84.92 S300.00 F1000

; Pass 0 Path 6865
G0 X84.32 Y84.82
G1 X83.32 Y84.82 S300.00 F1000

; Pass 0 Path 6866
G0 X83.32 Y84.72
G1 X84.32 Y84.72 S300.00 F1000

; Pass 0 Path 6867
G0 X84.32 Y84.62
G1 X83.32 Y84.62 S300.00 F1000

; Pass 0 Path 6868
G0 X83.32 Y84.52
G1 X84.32 Y84.52 S300.00 F1000

; Pass 0 Path 6869
G0 X84.32 Y84.42
G1 X83.32 Y84.42 S300.00 F1000

; Pass 0 Path 6870
G0 X83.32 Y84.32
G1 X84.32 Y84.32 S300.00 F1000

; Pass 0 Path 6871
G0 X84.32 Y84.22
G1 X83.32 Y84.22 S300.00 F1000

; Pass 0 Path 6872
G0 X83.33 Y84.12
G1 X84.33 Y84.12 S300.00 F1000

; Pass 0 Path 6873
G0 X84.34 Y84.02
G1 X83.34 Y84.02 S300.00 F1000

; Pass 0 Path 6874
G0 X83.35 Y83.92
G1 X84.36 Y83.92 S300.00 F1000

; Pass 0 Path 6875
G0 X84.38 Y83.82
G1 X83.36 Y83.82 S300.00 F1000

; Pass 0 Path 6876
G0 X83.38 Y83.72
G1 X84.41 Y83.72 S300.00 F1000

; Pass 0 Path 6877
G0 X84.44 Y83.62
G1 X83.40 Y83.62 S300.00 F1000

; Pass 0 Path 6878
G0 X83.43 Y83.52
G1 X84.48 Y83.52 S300.00 F1000

; Pass 0 Path 6879
G0 X84.53 Y83.42
G1 X83.46 Y83.42 S300.00 F1000

; Pass 0 Path 6880
G0 X83.49 Y83.32
G1 X84.58 Y83.32 S300.00 F1000

; Pass 0 Path 6881
G0 X84.64 Y83.22
G1 X83.53 Y83.22 S300.00 F1000

; Pass 0 Path 6882
G0 X83.57 Y83.12
G1 X84.70 Y83.12 S300.00 F1000

; Pass 0 Path 6883
G0 X84.78 Y83.02
G1 X83.61 Y83.02 S300.00 F1000

; Pass 0 Path 6884
G0 X83.66 Y82.92
G1 X84.87 Y82.92 S300.00 F1000

; Pass 0 Path 6885
G0 X84.97 Y82.82
G1 X83.72 Y82.82 S300.00 F1000

; Pass 0 Path 6886
G0 X83.78 Y82.72
G1 X85.09 Y82.72 S300.00 F1000

; Pass 0 Path 6887
G0 X85.23 Y82.62
G1 X83.84 Y82.62 S300.00 F1000

; Pass 0 Path 6888
G0 X83.91 Y82.52
G1 X85.39 Y82.52 S300.00 F1000

; Pass 0 Path 6889
G0 X85.61 Y82.42
G1 X83.99 Y82.42 S300.00 F1000

; Pass 0 Path 6890
G0 X84.08 Y82.32
G1 X85.96 Y82.32 S300.00 F1000

; Pass 0 Path 6891
G0 X85.88 Y81.32
G1 X94.48 Y81.32 S300.00 F1000

; Pass 0 Path 6892
G0 X94.48 Y81.22
G1 X93.48 Y81.22 S300.00 F1000

; Pass 0 Path 6893
G0 X93.48 Y81.12
G1 X94.48 Y81.12 S300.00 F1000

; Pass 0 Path 6894
G0 X94.48 Y81.02
G1 X93.48 Y81.02 S300.00 F1000

; Pass 0 Path 6895
G0 X93.48 Y80.92
G1 X94.48 Y80.92 S300.00 F1000

; Pass 0 Path 6896
G0 X94.48 Y80.82
G1 X93.48 Y80.82 S300.00 F1000

; Pass 0 Path 6897
G0 X93.48 Y80.72
G1 X94.48 Y80.72 S300.00 F1000

; Pass 0 Path 6898
G0 X94.48 Y80.62
G1 X93.48 Y80.62 S300.00 F1000

; Pass 0 Path 6899
G0 X93.48 Y80.52
G1 X94.48 Y80.52 S300.00 F1000

; Pass 0 Path 6900
G0 X94.48 Y80.42
G1 X93.48 Y80.42 S300.00 F1000

; Pass 0 Path 6901
G0 X93.48 Y80.32
G1 X94.48 Y80.32 S300.00 F1000

; Pass 0 Path 6902
G0 X94.48 Y80.22
G1 X93.48 Y80.22 S300.00 F1000

; Pass 0 Path 6903
G0 X93.48 Y80.12
G1 X94.48 Y80.12 S300.00 F1000

; Pass 0 Path 6904
G0 X94.48 Y80.02
G1 X93.48 Y80.02 S300.00 F1000

; Pass 0 Path 6905
G0 X93.48 Y79.92
G1 X94.48 Y79.92 S300.00 F1000

; Pass 0 Path 6906
G0 X94.48 Y79.82
G1 X93.48 Y79.82 S300.00 F1000

; Pass 0 Path 6907
G0 X93.48 Y79.72
G1 X94.48 Y79.72 S300.00 F1000

; Pass 0 Path 6908
G0 X94.48 Y79.62
G1 X93.48 Y79.62 S300.00 F1000

; Pass 0 Path 6909
G0 X93.48 Y79.52
G1 X94.48 Y79.52 S300.00 F1000

; Pass 0 Path 6910
G0 X94.48 Y79.42
G1 X93.48 Y79.42 S300.00 F1000

; Pass 0 Path 6911
G0 X93.48 Y79.32
G1 X94.48 Y79.32 S300.00 F1000

; Pass 0 Path 6912
G0 X94.48 Y79.22
G1 X93.48 Y79.22 S300.00 F1000

; Pass 0 Path 6913
G0 X93.48 Y79.12
G1 X94.48 Y79.12 S300.00 F1000

; Pass 0 Path 6914
G0 X94.47 Y79.02
G1 X93.47 Y79.02 S300.00 F1000

; Pass 0 Path 6915
G0 X93.46 Y78.92
G1 X94.46 Y78.92 S300.00 F1000

; Pass 0 Path 6916
G0 X94.45 Y78.82
G1 X93.44 Y78.82 S300.00 F1000

; Pass 0 Path 6917
G0 X93.41 Y78.72
G1 X94.44 Y78.72 S300.00 F1000

; Pass 0 Path 6918
G0 X94.42 Y78.62
G1 X93.39 Y78.62 S300.00 F1000

; Pass 0 Path 6919
G0 X93.35 Y78.52
G1 X94.39 Y78.52 S300.00 F1000

; Pass 0 Path 6920
G0 X94.37 Y78.42
G1 X93.31 Y78.42 S300.00 F1000

; Pass 0 Path 6921
G0 X93.27 Y78.32
G1 X94.34 Y78.32 S300.00 F1000

; Pass 0 Path 6922
G0 X94.30 Y78.22
G1 X93.21 Y78.22 S300.00 F1000

; Pass 0 Path 6923
G0 X93.15 Y78.12
G1 X94.27 Y78.12 S300.00 F1000

; Pass 0 Path 6924
G0 X94.22 Y78.02
G1 X93.08 Y78.02 S300.00 F1000

; Pass 0 Path 6925
G0 X93.00 Y77.92
G1 X94.18 Y77.92 S300.00 F1000

; Pass 0 Path 6926
G0 X94.13 Y77.82
G1 X92.91 Y77.82 S300.00 F1000

; Pass 0 Path 6927
G0 X92.81 Y77.72
G1 X94.07 Y77.72 S300.00 F1000

; Pass 0 Path 6928
G0 X94.01 Y77.62
G1 X92.69 Y77.62 S300.00 F1000

; Pass 0 Path 6929
G0 X92.54 Y77.52
G1 X93.94 Y77.52 S300.00 F1000

; Pass 0 Path 6930
G0 X93.87 Y77.42
G1 X92.37 Y77.42 S300.00 F1000

; Pass 0 Path 6931
G0 X92.13 Y77.32
G1 X93.79 Y77.32 S300.00 F1000

; Pass 0 Path 6932
G0 X93.71 Y77.22
G1 X91.71 Y77.22 S300.00 F1000

; Pass 0 Path 6933
G0 X94.48 Y81.42
G1 X85.46 Y81.42 S300.00 F1000

; Pass 0 Path 6934
G0 X85.18 Y81.52
G1 X94.48 Y81.52 S300.00 F1000

; Pass 0 Path 6935
G0 X94.48 Y81.62
G1 X84.97 Y81.62 S300.00 F1000

; Pass 0 Path 6936
G0 X84.79 Y81.72
G1 X94.48 Y81.72 S300.00 F1000

; Pass 0 Path 6937
G0 X94.48 Y81.82
G1 X84.64 Y81.82 S300.00 F1000

; Pass 0 Path 6938
G0 X84.50 Y81.92
G1 X94.46 Y81.92 S300.00 F1000

; Pass 0 Path 6939
G0 X94.42 Y82.02
G1 X84.38 Y82.02 S300.00 F1000

; Pass 0 Path 6940
G0 X84.27 Y82.12
G1 X94.35 Y82.12 S300.00 F1000

; Pass 0 Path 6941
G0 X94.22 Y82.22
G1 X84.17 Y82.22 S300.00 F1000

; Pass 0 Path 6942
G0 X84.32 Y89.42
G1 X83.32 Y89.42 S300.00 F1000

; Pass 0 Path 6943
G0 X83.32 Y89.52
G1 X84.32 Y89.52 S300.00 F1000

; Pass 0 Path 6944
G0 X84.32 Y89.62
G1 X83.32 Y89.62 S300.00 F1000

; Pass 0 Path 6945
G0 X83.32 Y89.72
G1 X84.32 Y89.72 S300.00 F1000

; Pass 0 Path 6946
G0 X84.32 Y89.82
G1 X83.32 Y89.82 S300.00 F1000

; Pass 0 Path 6947
G0 X83.32 Y89.92
G1 X84.32 Y89.92 S300.00 F1000

; Pass 0 Path 6948
G0 X84.32 Y90.02
G1 X83.32 Y90.02 S300.00 F1000

; Pass 0 Path 6949
G0 X83.32 Y90.12
G1 X84.32 Y90.12 S300.00 F1000

; Pass 0 Path 6950
G0 X84.32 Y90.22
G1 X83.32 Y90.22 S300.00 F1000

; Pass 0 Path 6951
G0 X83.32 Y90.32
G1 X84.32 Y90.32 S300.00 F1000

; Pass 0 Path 6952
G0 X84.32 Y90.42
G1 X83.32 Y90.42 S300.00 F1000

; Pass 0 Path 6953
G0 X83.32 Y90.52
G1 X84.32 Y90.52 S300.00 F1000

; Pass 0 Path 6954
G0 X84.32 Y90.62
G1 X83.32 Y90.62 S300.00 F1000

; Pass 0 Path 6955
G0 X83.32 Y90.72
G1 X84.32 Y90.72 S300.00 F1000

; Pass 0 Path 6956
G0 X84.32 Y90.82
G1 X83.32 Y90.82 S300.00 F1000

; Pass 0 Path 6957
G0 X83.32 Y90.92
G1 X84.32 Y90.92 S300.00 F1000

; Pass 0 Path 6958
G0 X84.32 Y91.02
G1 X83.32 Y91.02 S300.00 F1000

; Pass 0 Path 6959
G0 X83.32 Y91.12
G1 X84.32 Y91.12 S300.00 F1000

; Pass 0 Path 6960
G0 X84.32 Y91.22
G1 X83.32 Y91.22 S300.00 F1000

; Pass 0 Path 6961
G0 X83.32 Y91.32
G1 X84.32 Y91.32 S300.00 F1000

; Pass 0 Path 6962
G0 X84.32 Y91.42
G1 X83.32 Y91.42 S300.00 F1000

; Pass 0 Path 6963
G0 X83.32 Y91.52
G1 X84.32 Y91.52 S300.00 F1000

; Pass 0 Path 6964
G0 X84.32 Y91.62
G1 X83.32 Y91.62 S300.00 F1000

; Pass 0 Path 6965
G0 X83.32 Y91.72
G1 X84.32 Y91.72 S300.00 F1000

; Pass 0 Path 6966
G0 X84.32 Y91.82
G1 X83.32 Y91.82 S300.00 F1000

; Pass 0 Path 6967
G0 X83.32 Y91.92
G1 X84.32 Y91.92 S300.00 F1000

; Pass 0 Path 6968
G0 X84.32 Y92.02
G1 X83.32 Y92.02 S300.00 F1000

; Pass 0 Path 6969
G0 X83.32 Y92.12
G1 X84.32 Y92.12 S300.00 F1000

; Pass 0 Path 6970
G0 X84.32 Y92.22
G1 X83.32 Y92.22 S300.00 F1000

; Pass 0 Path 6971
G0 X83.32 Y92.32
G1 X84.32 Y92.32 S300.00 F1000

; Pass 0 Path 6972
G0 X84.32 Y92.42
G1 X83.32 Y92.42 S300.00 F1000

; Pass 0 Path 6973
G0 X83.32 Y92.52
G1 X84.32 Y92.52 S300.00 F1000

; Pass 0 Path 6974
G0 X84.32 Y92.62
G1 X83.32 Y92.62 S300.00 F1000

; Pass 0 Path 6975
G0 X83.32 Y92.72
G1 X84.32 Y92.72 S300.00 F1000

; Pass 0 Path 6976
G0 X84.32 Y92.82
G1 X83.32 Y92.82 S300.00 F1000

; Pass 0 Path 6977
G0 X83.32 Y92.92
G1 X84.32 Y92.92 S300.00 F1000

; Pass 0 Path 6978
G0 X84.32 Y93.02
G1 X83.32 Y93.02 S300.00 F1000

; Pass 0 Path 6979
G0 X83.32 Y93.12
G1 X84.32 Y93.12 S300.00 F1000

; Pass 0 Path 6980
G0 X84.32 Y93.22
G1 X83.32 Y93.22 S300.00 F1000

; Pass 0 Path 6981
G0 X83.32 Y93.32
G1 X84.32 Y93.32 S300.00 F1000

; Pass 0 Path 6982
G0 X84.32 Y93.42
G1 X83.32 Y93.42 S300.00 F1000

; Pass 0 Path 6983
G0 X83.32 Y93.52
G1 X84.32 Y93.52 S300.00 F1000

; Pass 0 Path 6984
G0 X84.32 Y93.62
G1 X83.32 Y93.62 S300.00 F1000

; Pass 0 Path 6985
G0 X83.32 Y93.72
G1 X84.32 Y93.72 S300.00 F1000

; Pass 0 Path 6986
G0 X84.32 Y93.82
G1 X83.32 Y93.82 S300.00 F1000

; Pass 0 Path 6987
G0 X83.32 Y93.92
G1 X84.32 Y93.92 S300.00 F1000

; Pass 0 Path 6988
G0 X84.32 Y94.02
G1 X83.32 Y94.02 S300.00 F1000

; Pass 0 Path 6989
G0 X83.32 Y94.12
G1 X84.32 Y94.12 S300.00 F1000

; Pass 0 Path 6990
G0 X84.32 Y94.22
G1 X83.32 Y94.22 S300.00 F1000

; Pass 0 Path 6991
G0 X83.32 Y94.32
G1 X84.32 Y94.32 S300.00 F1000

; Pass 0 Path 6992
G0 X84.32 Y94.42
G1 X83.32 Y94.42 S300.00 F1000

; Pass 0 Path 6993
G0 X83.32 Y94.52
G1 X84.32 Y94.52 S300.00 F1000

; Pass 0 Path 6994
G0 X84.32 Y94.62
G1 X83.32 Y94.62 S300.00 F1000

; Pass 0 Path 6995
G0 X83.32 Y94.72
G1 X84.32 Y94.72 S300.00 F1000

; Pass 0 Path 6996
G0 X84.32 Y94.82
G1 X83.32 Y94.82 S300.00 F1000

; Pass 0 Path 6997
G0 X83.32 Y94.92
G1 X84.32 Y94.92 S300.00 F1000

; Pass 0 Path 6998
G0 X84.32 Y95.02
G1 X83.32 Y95.02 S300.00 F1000

; Pass 0 Path 6999
G0 X83.32 Y95.12
G1 X84.32 Y95.12 S300.00 F1000

; Pass 0 Path 7000
G0 X84.32 Y95.22
G1 X83.32 Y95.22 S300.00 F1000

; Pass 0 Path 7001
G0 X83.32 Y95.32
G1 X84.32 Y95.32 S300.00 F1000

; Pass 0 Path 7002
G0 X84.32 Y95.42
G1 X83.32 Y95.42 S300.00 F1000

; Pass 0 Path 7003
G0 X83.32 Y95.52
G1 X84.32 Y95.52 S300.00 F1000

; Pass 0 Path 7004
G0 X84.32 Y95.62
G1 X83.32 Y95.62 S300.00 F1000

; Pass 0 Path 7005
G0 X83.32 Y95.72
G1 X84.32 Y95.72 S300.00 F1000

; Pass 0 Path 7006
G0 X84.32 Y95.82
G1 X83.32 Y95.82 S300.00 F1000

; Pass 0 Path 7007
G0 X83.32 Y95.92
G1 X84.32 Y95.92 S300.00 F1000

; Pass 0 Path 7008
G0 X84.32 Y96.02
G1 X83.32 Y96.02 S300.00 F1000

; Pass 0 Path 7009
G0 X83.32 Y96.12
G1 X84.32 Y96.12 S300.00 F1000

; Pass 0 Path 7010
G0 X84.32 Y96.22
G1 X83.32 Y96.22 S300.00 F1000

; Pass 0 Path 7011
G0 X83.32 Y96.32
G1 X84.32 Y96.32 S300.00 F1000

; Pass 0 Path 7012
G0 X84.32 Y96.42
G1 X83.32 Y96.42 S300.00 F1000

; Pass 0 Path 7013
G0 X83.32 Y96.52
G1 X84.32 Y96.52 S300.00 F1000

; Pass 0 Path 7014
G0 X84.32 Y96.62
G1 X83.32 Y96.62 S300.00 F1000

; Pass 0 Path 7015
G0 X83.32 Y96.72
G1 X84.32 Y96.72 S300.00 F1000

; Pass 0 Path 7016
G0 X84.32 Y96.82
G1 X83.32 Y96.82 S300.00 F1000

; Pass 0 Path 7017
G0 X83.32 Y96.92
G1 X84.32 Y96.92 S300.00 F1000

; Pass 0 Path 7018
G0 X84.32 Y97.02
G1 X83.32 Y97.02 S300.00 F1000

; Pass 0 Path 7019
G0 X83.32 Y97.12
G1 X84.32 Y97.12 S300.00 F1000

; Pass 0 Path 7020
G0 X84.32 Y97.22
G1 X83.32 Y97.22 S300.00 F1000

; Pass 0 Path 7021
G0 X83.32 Y97.32
G1 X84.32 Y97.32 S300.00 F1000

; Pass 0 Path 7022
G0 X84.32 Y97.42
G1 X83.32 Y97.42 S300.00 F1000

; Pass 0 Path 7023
G0 X83.32 Y97.52
G1 X84.32 Y97.52 S300.00 F1000

; Pass 0 Path 7024
G0 X84.32 Y97.62
G1 X83.32 Y97.62 S300.00 F1000

; Pass 0 Path 7025
G0 X83.32 Y97.72
G1 X84.32 Y97.72 S300.00 F1000

; Pass 0 Path 7026
G0 X84.32 Y97.82
G1 X83.32 Y97.82 S300.00 F1000

; Pass 0 Path 7027
G0 X83.32 Y97.92
G1 X84.32 Y97.92 S300.00 F1000

; Pass 0 Path 7028
G0 X84.32 Y98.02
G1 X83.32 Y98.02 S300.00 F1000

; Pass 0 Path 7029
G0 X83.32 Y98.12
G1 X84.32 Y98.12 S300.00 F1000

; Pass 0 Path 7030
G0 X84.32 Y98.22
G1 X83.32 Y98.22 S300.00 F1000

; Pass 0 Path 7031
G0 X83.32 Y98.32
G1 X84.32 Y98.32 S300.00 F1000

; Pass 0 Path 7032
G0 X84.32 Y98.42
G1 X83.32 Y98.42 S300.00 F1000

; Pass 0 Path 7033
G0 X83.32 Y98.52
G1 X84.32 Y98.52 S300.00 F1000

; Pass 0 Path 7034
G0 X84.32 Y98.62
G1 X83.32 Y98.62 S300.00 F1000

; Pass 0 Path 7035
G0 X83.32 Y98.72
G1 X84.32 Y98.72 S300.00 F1000

; Pass 0 Path 7036
G0 X84.32 Y98.82
G1 X83.32 Y98.82 S300.00 F1000

; Pass 0 Path 7037
G0 X83.32 Y98.92
G1 X84.32 Y98.92 S300.00 F1000

; Pass 0 Path 7038
G0 X84.32 Y99.02
G1 X83.32 Y99.02 S300.00 F1000

; Pass 0 Path 7039
G0 X83.32 Y99.12
G1 X84.32 Y99.12 S300.00 F1000

; Pass 0 Path 7040
G0 X84.32 Y99.22
G1 X83.32 Y99.22 S300.00 F1000

; Pass 0 Path 7041
G0 X83.32 Y99.32
G1 X84.32 Y99.32 S300.00 F1000

; Pass 0 Path 7042
G0 X84.32 Y99.42
G1 X83.32 Y99.42 S300.00 F1000

; Pass 0 Path 7043
G0 X83.32 Y99.52
G1 X84.32 Y99.52 S300.00 F1000

; Pass 0 Path 7044
G0 X84.32 Y99.62
G1 X83.32 Y99.62 S300.00 F1000

; Pass 0 Path 7045
G0 X83.32 Y99.72
G1 X84.33 Y99.72 S300.00 F1000

; Pass 0 Path 7046
G0 X84.34 Y99.82
G1 X83.33 Y99.82 S300.00 F1000

; Pass 0 Path 7047
G0 X83.34 Y99.92
G1 X84.35 Y99.92 S300.00 F1000

; Pass 0 Path 7048
G0 X84.37 Y100.02
G1 X83.35 Y100.02 S300.00 F1000

; Pass 0 Path 7049
G0 X83.37 Y100.12
G1 X84.40 Y100.12 S300.00 F1000

; Pass 0 Path 7050
G0 X84.43 Y100.22
G1 X83.39 Y100.22 S300.00 F1000

; Pass 0 Path 7051
G0 X83.42 Y100.32
G1 X84.46 Y100.32 S300.00 F1000

; Pass 0 Path 7052
G0 X84.50 Y100.42
G1 X83.44 Y100.42 S300.00 F1000

; Pass 0 Path 7053
G0 X83.48 Y100.52
G1 X84.55 Y100.52 S300.00 F1000

; Pass 0 Path 7054
G0 X84.61 Y100.62
G1 X83.51 Y100.62 S300.00 F1000

; Pass 0 Path 7055
G0 X83.55 Y100.72
G1 X84.67 Y100.72 S300.00 F1000

; Pass 0 Path 7056
G0 X84.75 Y100.82
G1 X83.59 Y100.82 S300.00 F1000

; Pass 0 Path 7057
G0 X83.64 Y100.92
G1 X84.83 Y100.92 S300.00 F1000

; Pass 0 Path 7058
G0 X84.92 Y101.02
G1 X83.69 Y101.02 S300.00 F1000

; Pass 0 Path 7059
G0 X83.75 Y101.12
G1 X85.03 Y101.12 S300.00 F1000

; Pass 0 Path 7060
G0 X85.16 Y101.22
G1 X83.81 Y101.22 S300.00 F1000

; Pass 0 Path 7061
G0 X83.88 Y101.32
G1 X85.31 Y101.32 S300.00 F1000

; Pass 0 Path 7062
G0 X85.51 Y101.42
G1 X83.96 Y101.42 S300.00 F1000

; Pass 0 Path 7063
G0 X84.04 Y101.52
G1 X85.78 Y101.52 S300.00 F1000

; Pass 0 Path 7064
G0 X85.65 Y102.52
G1 X94.48 Y102.52 S300.00 F1000

; Pass 0 Path 7065
G0 X94.48 Y102.42
G1 X85.32 Y102.42 S300.00 F1000

; Pass 0 Path 7066
G0 X85.08 Y102.32
G1 X94.48 Y102.32 S300.00 F1000

; Pass 0 Path 7067
G0 X94.48 Y102.22
G1 X84.88 Y102.22 S300.00 F1000

; Pass 0 Path 7068
G0 X84.72 Y102.12
G1 X94.48 Y102.12 S300.00 F1000

; Pass 0 Path 7069
G0 X94.47 Y102.02
G1 X84.57 Y102.02 S300.00 F1000

; Pass 0 Path 7070
G0 X84.44 Y101.92
G1 X94.45 Y101.92 S300.00 F1000

; Pass 0 Path 7071
G0 X94.39 Y101.82
G1 X84.33 Y101.82 S300.00 F1000

; Pass 0 Path 7072
G0 X84.22 Y101.72
G1 X94.30 Y101.72 S300.00 F1000

; Pass 0 Path 7073
G0 X94.11 Y101.62
G1 X84.12 Y101.62 S300.00 F1000

; Pass 0 Path 7074
G0 X91.95 Y106.62
G1 X93.75 Y106.62 S300.00 F1000

; Pass 0 Path 7075
G0 X93.83 Y106.52
G1 X92.25 Y106.52 S300.00 F1000

; Pass 0 Path 7076
G0 X92.45 Y106.42
G1 X93.90 Y106.42 S300.00 F1000

; Pass 0 Path 7077
G0 X93.97 Y106.32
G1 X92.61 Y106.32 S300.00 F1000

; Pass 0 Path 7078
G0 X92.74 Y106.22
G1 X94.04 Y106.22 S300.00 F1000

; Pass 0 Path 7079
G0 X94.10 Y106.12
G1 X92.86 Y106.12 S300.00 F1000

; Pass 0 Path 7080
G0 X92.95 Y106.02
G1 X94.15 Y106.02 S300.00 F1000

; Pass 0 Path 7081
G0 X94.20 Y105.92
G1 X93.04 Y105.92 S300.00 F1000

; Pass 0 Path 7082
G0 X93.11 Y105.82
G1 X94.24 Y105.82 S300.00 F1000

; Pass 0 Path 7083
G0 X94.28 Y105.72
G1 X93.18 Y105.72 S300.00 F1000

; Pass 0 Path 7084
G0 X93.24 Y105.62
G1 X94.32 Y105.62 S300.00 F1000

; Pass 0 Path 7085
G0 X94.35 Y105.52
G1 X93.29 Y105.52 S300.00 F1000

; Pass 0 Path 7086
G0 X93.33 Y105.42
G1 X94.38 Y105.42 S300.00 F1000

; Pass 0 Path 7087
G0 X94.40 Y105.32
G1 X93.37 Y105.32 S300.00 F1000

; Pass 0 Path 7088
G0 X93.40 Y105.22
G1 X94.43 Y105.22 S300.00 F1000

; Pass 0 Path 7089
G0 X94.44 Y105.12
G1 X93.43 Y105.12 S300.00 F1000

; Pass 0 Path 7090
G0 X93.45 Y105.02
G1 X94.46 Y105.02 S300.00 F1000

; Pass 0 Path 7091
G0 X94.47 Y104.92
G1 X93.46 Y104.92 S300.00 F1000

; Pass 0 Path 7092
G0 X93.47 Y104.82
G1 X94.48 Y104.82 S300.00 F1000

; Pass 0 Path 7093
G0 X94.48 Y104.72
G1 X93.48 Y104.72 S300.00 F1000

; Pass 0 Path 7094
G0 X93.48 Y104.62
G1 X94.48 Y104.62 S300.00 F1000

; Pass 0 Path 7095
G0 X94.48 Y104.52
G1 X93.48 Y104.52 S300.00 F1000

; Pass 0 Path 7096
G0 X93.48 Y104.42
G1 X94.48 Y104.42 S300.00 F1000

; Pass 0 Path 7097
G0 X94.48 Y104.32
G1 X93.48 Y104.32 S300.00 F1000

; Pass 0 Path 7098
G0 X93.48 Y104.22
G1 X94.48 Y104.22 S300.00 F1000

; Pass 0 Path 7099
G0 X94.48 Y104.12
G1 X93.48 Y104.12 S300.00 F1000

; Pass 0 Path 7100
G0 X93.48 Y104.02
G1 X94.48 Y104.02 S300.00 F1000

; Pass 0 Path 7101
G0 X94.48 Y103.92
G1 X93.48 Y103.92 S300.00 F1000

; Pass 0 Path 7102
G0 X93.48 Y103.82
G1 X94.48 Y103.82 S300.00 F1000

; Pass 0 Path 7103
G0 X94.48 Y103.72
G1 X93.48 Y103.72 S300.00 F1000

; Pass 0 Path 7104
G0 X93.48 Y103.62
G1 X94.48 Y103.62 S300.00 F1000

; Pass 0 Path 7105
G0 X94.48 Y103.52
G1 X93.48 Y103.52 S300.00 F1000

; Pass 0 Path 7106
G0 X93.48 Y103.42
G1 X94.48 Y103.42 S300.00 F1000

; Pass 0 Path 7107
G0 X94.48 Y103.32
G1 X93.48 Y103.32 S300.00 F1000

; Pass 0 Path 7108
G0 X93.48 Y103.22
G1 X94.48 Y103.22 S300.00 F1000

; Pass 0 Path 7109
G0 X94.48 Y103.12
G1 X93.48 Y103.12 S300.00 F1000

; Pass 0 Path 7110
G0 X93.48 Y103.02
G1 X94.48 Y103.02 S300.00 F1000

; Pass 0 Path 7111
G0 X94.48 Y102.92
G1 X93.48 Y102.92 S300.00 F1000

; Pass 0 Path 7112
G0 X93.48 Y102.82
G1 X94.48 Y102.82 S300.00 F1000

; Pass 0 Path 7113
G0 X94.48 Y102.72
G1 X93.48 Y102.72 S300.00 F1000

; Pass 0 Path 7114
G0 X93.48 Y102.62
G1 X94.48 Y102.62 S300.00 F1000

; Pass 0 Path 7115
G0 X95.56 Y96.12
G1 X91.71 Y96.12 S300.00 F1000

; Pass 0 Path 7116
G0 X91.59 Y96.02
G1 X96.12 Y96.02 S300.00 F1000

; Pass 0 Path 7117
G0 X96.28 Y95.92
G1 X91.58 Y95.92 S300.00 F1000

; Pass 0 Path 7118
G0 X91.58 Y95.82
G1 X96.38 Y95.82 S300.00 F1000

; Pass 0 Path 7119
G0 X96.44 Y95.72
G1 X91.58 Y95.72 S300.00 F1000

; Pass 0 Path 7120
G0 X91.58 Y95.62
G1 X96.48 Y95.62 S300.00 F1000

; Pass 0 Path 7121
G0 X96.51 Y95.52
G1 X91.58 Y95.52 S300.00 F1000

; Pass 0 Path 7122
G0 X91.58 Y95.42
G1 X96.52 Y95.42 S300.00 F1000

; Pass 0 Path 7123
G0 X96.52 Y95.32
G1 X91.58 Y95.32 S300.00 F1000

; Pass 0 Path 7124
G0 X91.58 Y95.22
G1 X96.51 Y95.22 S300.00 F1000

; Pass 0 Path 7125
G0 X96.49 Y95.12
G1 X91.58 Y95.12 S300.00 F1000

; Pass 0 Path 7126
G0 X91.58 Y95.02
G1 X96.46 Y95.02 S300.00 F1000

; Pass 0 Path 7127
G0 X96.40 Y94.92
G1 X91.58 Y94.92 S300.00 F1000

; Pass 0 Path 7128
G0 X91.58 Y94.82
G1 X96.32 Y94.82 S300.00 F1000

; Pass 0 Path 7129
G0 X96.19 Y94.72
G1 X91.58 Y94.72 S300.00 F1000

; Pass 0 Path 7130
G0 X91.58 Y94.62
G1 X95.92 Y94.62 S300.00 F1000

; Pass 0 Path 7131
G0 X95.26 Y93.42
G1 X93.14 Y93.42 S300.00 F1000

; Pass 0 Path 7132
G0 X93.12 Y93.42
G1 X91.58 Y93.42 S300.00 F1000

; Pass 0 Path 7133
G0 X91.58 Y93.52
G1 X93.12 Y93.52 S300.00 F1000

; Pass 0 Path 7134
G0 X93.12 Y93.62
G1 X91.58 Y93.62 S300.00 F1000

; Pass 0 Path 7135
G0 X91.58 Y93.72
G1 X93.12 Y93.72 S300.00 F1000

; Pass 0 Path 7136
G0 X93.12 Y93.82
G1 X91.58 Y93.82 S300.00 F1000

; Pass 0 Path 7137
G0 X91.58 Y93.92
G1 X93.12 Y93.92 S300.00 F1000

; Pass 0 Path 7138
G0 X93.12 Y94.02
G1 X91.58 Y94.02 S300.00 F1000

; Pass 0 Path 7139
G0 X91.58 Y94.12
G1 X93.12 Y94.12 S300.00 F1000

; Pass 0 Path 7140
G0 X93.12 Y94.22
G1 X91.58 Y94.22 S300.00 F1000

; Pass 0 Path 7141
G0 X91.58 Y94.32
G1 X93.12 Y94.32 S300.00 F1000

; Pass 0 Path 7142
G0 X93.12 Y94.42
G1 X91.58 Y94.42 S300.00 F1000

; Pass 0 Path 7143
G0 X91.58 Y94.52
G1 X93.12 Y94.52 S300.00 F1000

; Pass 0 Path 7144
G0 X93.55 Y93.52
G1 X94.94 Y93.52 S300.00 F1000

; Pass 0 Path 7145
G0 X95.49 Y93.32
G1 X91.58 Y93.32 S300.00 F1000

; Pass 0 Path 7146
G0 X91.58 Y93.22
G1 X95.67 Y93.22 S300.00 F1000

; Pass 0 Path 7147
G0 X95.83 Y93.12
G1 X91.58 Y93.12 S300.00 F1000

; Pass 0 Path 7148
G0 X91.58 Y93.02
G1 X95.96 Y93.02 S300.00 F1000

; Pass 0 Path 7149
G0 X96.08 Y92.92
G1 X91.58 Y92.92 S300.00 F1000

; Pass 0 Path 7150
G0 X91.58 Y92.82
G1 X96.19 Y92.82 S300.00 F1000

; Pass 0 Path 7151
G0 X96.29 Y92.72
G1 X91.58 Y92.72 S300.00 F1000

; Pass 0 Path 7152
G0 X91.58 Y92.62
G1 X96.37 Y92.62 S300.00 F1000

; Pass 0 Path 7153
G0 X96.45 Y92.52
G1 X91.58 Y92.52 S300.00 F1000

; Pass 0 Path 7154
G0 X91.58 Y92.42
G1 X96.53 Y92.42 S300.00 F1000

; Pass 0 Path 7155
G0 X96.59 Y92.32
G1 X91.58 Y92.32 S300.00 F1000

; Pass 0 Path 7156
G0 X91.59 Y92.22
G1 X96.65 Y92.22 S300.00 F1000

; Pass 0 Path 7157
G0 X96.71 Y92.12
G1 X91.62 Y92.12 S300.00 F1000

; Pass 0 Path 7158
G0 X91.65 Y92.02
G1 X93.79 Y92.02 S300.00 F1000

; Pass 0 Path 7159
G0 X93.42 Y91.92
G1 X91.70 Y91.92 S300.00 F1000

; Pass 0 Path 7160
G0 X91.77 Y91.82
G1 X93.14 Y91.82 S300.00 F1000

; Pass 0 Path 7161
G0 X92.91 Y91.72
G1 X91.86 Y91.72 S300.00 F1000

; Pass 0 Path 7162
G0 X92.01 Y91.62
G1 X92.69 Y91.62 S300.00 F1000

; Pass 0 Path 7163
G0 X92.02 Y89.82
G1 X91.32 Y89.82 S300.00 F1000

; Pass 0 Path 7164
G0 X91.17 Y89.72
G1 X92.17 Y89.72 S300.00 F1000

; Pass 0 Path 7165
G0 X92.30 Y89.62
G1 X91.07 Y89.62 S300.00 F1000

; Pass 0 Path 7166
G0 X91.01 Y89.52
G1 X92.46 Y89.52 S300.00 F1000

; Pass 0 Path 7167
G0 X92.67 Y89.42
G1 X90.96 Y89.42 S300.00 F1000

; Pass 0 Path 7168
G0 X90.93 Y89.32
G1 X93.18 Y89.32 S300.00 F1000

; Pass 0 Path 7169
G0 X94.15 Y89.32
G1 X96.77 Y89.32 S300.00 F1000

; Pass 0 Path 7170
G0 X96.82 Y89.42
G1 X94.67 Y89.42 S300.00 F1000

; Pass 0 Path 7171
G0 X94.92 Y89.52
G1 X96.86 Y89.52 S300.00 F1000

; Pass 0 Path 7172
G0 X96.89 Y89.62
G1 X95.08 Y89.62 S300.00 F1000

; Pass 0 Path 7173
G0 X95.20 Y89.72
G1 X96.93 Y89.72 S300.00 F1000

; Pass 0 Path 7174
G0 X96.95 Y89.82
G1 X95.29 Y89.82 S300.00 F1000

; Pass 0 Path 7175
G0 X95.36 Y89.92
G1 X96.98 Y89.92 S300.00 F1000

; Pass 0 Path 7176
G0 X97.00 Y90.02
G1 X95.41 Y90.02 S300.00 F1000

; Pass 0 Path 7177
G0 X95.44 Y90.12
G1 X97.01 Y90.12 S300.00 F1000

; Pass 0 Path 7178
G0 X97.03 Y90.22
G1 X95.47 Y90.22 S300.00 F1000

; Pass 0 Path 7179
G0 X95.49 Y90.32
G1 X97.04 Y90.32 S300.00 F1000

; Pass 0 Path 7180
G0 X97.05 Y90.42
G1 X95.51 Y90.42 S300.00 F1000

; Pass 0 Path 7181
G0 X95.51 Y90.52
G1 X97.05 Y90.52 S300.00 F1000

; Pass 0 Path 7182
G0 X97.05 Y90.62
G1 X95.52 Y90.62 S300.00 F1000

; Pass 0 Path 7183
G0 X95.52 Y90.72
G1 X97.05 Y90.72 S300.00 F1000

; Pass 0 Path 7184
G0 X97.05 Y90.82
G1 X95.51 Y90.82 S300.00 F1000

; Pass 0 Path 7185
G0 X95.50 Y90.92
G1 X97.04 Y90.92 S300.00 F1000

; Pass 0 Path 7186
G0 X97.03 Y91.02
G1 X95.48 Y91.02 S300.00 F1000

; Pass 0 Path 7187
G0 X95.46 Y91.12
G1 X97.02 Y91.12 S300.00 F1000

; Pass 0 Path 7188
G0 X97.01 Y91.22
G1 X95.43 Y91.22 S300.00 F1000

; Pass 0 Path 7189
G0 X95.39 Y91.32
G1 X96.99 Y91.32 S300.00 F1000

; Pass 0 Path 7190
G0 X96.97 Y91.42
G1 X95.34 Y91.42 S300.00 F1000

; Pass 0 Path 7191
G0 X95.29 Y91.52
G1 X96.94 Y91.52 S300.00 F1000

; Pass 0 Path 7192
G0 X96.91 Y91.62
G1 X95.21 Y91.62 S300.00 F1000

; Pass 0 Path 7193
G0 X95.13 Y91.72
G1 X96.88 Y91.72 S300.00 F1000

; Pass 0 Path 7194
G0 X96.84 Y91.82
G1 X95.01 Y91.82 S300.00 F1000

; Pass 0 Path 7195
G0 X94.86 Y91.92
G1 X96.80 Y91.92 S300.00 F1000

; Pass 0 Path 7196
G0 X96.76 Y92.02
G1 X94.61 Y92.02 S300.00 F1000

; Pass 0 Path 7197
G0 X96.72 Y89.22
G1 X90.91 Y89.22 S300.00 F1000

; Pass 0 Path 7198
G0 X90.91 Y89.12
G1 X96.67 Y89.12 S300.00 F1000

; Pass 0 Path 7199
G0 X96.60 Y89.02
G1 X90.92 Y89.02 S300.00 F1000

; Pass 0 Path 7200
G0 X90.94 Y88.92
G1 X96.53 Y88.92 S300.00 F1000

; Pass 0 Path 7201
G0 X96.46 Y88.82
G1 X90.98 Y88.82 S300.00 F1000

; Pass 0 Path 7202
G0 X91.04 Y88.72
G1 X96.37 Y88.72 S300.00 F1000

; Pass 0 Path 7203
G0 X96.27 Y88.62
G1 X91.11 Y88.62 S300.00 F1000

; Pass 0 Path 7204
G0 X91.19 Y88.52
G1 X96.17 Y88.52 S300.00 F1000

; Pass 0 Path 7205
G0 X96.04 Y88.42
G1 X91.30 Y88.42 S300.00 F1000

; Pass 0 Path 7206
G0 X91.44 Y88.32
G1 X95.90 Y88.32 S300.00 F1000

; Pass 0 Path 7207
G0 X95.74 Y88.22
G1 X91.60 Y88.22 S300.00 F1000

; Pass 0 Path 7208
G0 X91.80 Y88.12
G1 X95.55 Y88.12 S300.00 F1000

; Pass 0 Path 7209
G0 X95.31 Y88.02
G1 X92.05 Y88.02 S300.00 F1000

; Pass 0 Path 7210
G0 X92.39 Y87.92
G1 X95.00 Y87.92 S300.00 F1000

; Pass 0 Path 7211
G0 X94.51 Y87.82
G1 X92.91 Y87.82 S300.00 F1000

; Pass 0 Path 7212
G0 X85.80 Y117.92
G1 X84.04 Y117.92 S300.00 F1000

; Pass 0 Path 7213
G0 X83.96 Y118.02
G1 X85.52 Y118.02 S300.00 F1000

; Pass 0 Path 7214
G0 X85.32 Y118.12
G1 X83.89 Y118.12 S300.00 F1000

; Pass 0 Path 7215
G0 X83.82 Y118.22
G1 X85.17 Y118.22 S300.00 F1000

; Pass 0 Path 7216
G0 X85.04 Y118.32
G1 X83.75 Y118.32 S300.00 F1000

; Pass 0 Path 7217
G0 X83.70 Y118.42
G1 X84.93 Y118.42 S300.00 F1000

; Pass 0 Path 7218
G0 X84.83 Y118.52
G1 X83.64 Y118.52 S300.00 F1000

; Pass 0 Path 7219
G0 X83.60 Y118.62
G1 X84.75 Y118.62 S300.00 F1000

; Pass 0 Path 7220
G0 X84.68 Y118.72
G1 X83.55 Y118.72 S300.00 F1000

; Pass 0 Path 7221
G0 X83.51 Y118.82
G1 X84.61 Y118.82 S300.00 F1000

; Pass 0 Path 7222
G0 X84.56 Y118.92
G1 X83.48 Y118.92 S300.00 F1000

; Pass 0 Path 7223
G0 X83.45 Y119.02
G1 X84.51 Y119.02 S300.00 F1000

; Pass 0 Path 7224
G0 X84.46 Y119.12
G1 X83.42 Y119.12 S300.00 F1000

; Pass 0 Path 7225
G0 X83.39 Y119.22
G1 X84.43 Y119.22 S300.00 F1000

; Pass 0 Path 7226
G0 X84.40 Y119.32
G1 X83.37 Y119.32 S300.00 F1000

; Pass 0 Path 7227
G0 X83.36 Y119.42
G1 X84.37 Y119.42 S300.00 F1000

; Pass 0 Path 7228
G0 X84.35 Y119.52
G1 X83.34 Y119.52 S300.00 F1000

; Pass 0 Path 7229
G0 X83.33 Y119.62
G1 X84.34 Y119.62 S300.00 F1000

; Pass 0 Path 7230
G0 X84.33 Y119.72
G1 X83.32 Y119.72 S300.00 F1000

; Pass 0 Path 7231
G0 X83.32 Y119.82
G1 X84.32 Y119.82 S300.00 F1000

; Pass 0 Path 7232
G0 X84.32 Y119.92
G1 X83.32 Y119.92 S300.00 F1000

; Pass 0 Path 7233
G0 X83.32 Y120.02
G1 X84.32 Y120.02 S300.00 F1000

; Pass 0 Path 7234
G0 X84.32 Y120.12
G1 X83.32 Y120.12 S300.00 F1000

; Pass 0 Path 7235
G0 X83.32 Y120.22
G1 X84.32 Y120.22 S300.00 F1000

; Pass 0 Path 7236
G0 X84.32 Y120.32
G1 X83.32 Y120.32 S300.00 F1000

; Pass 0 Path 7237
G0 X83.32 Y120.42
G1 X84.32 Y120.42 S300.00 F1000

; Pass 0 Path 7238
G0 X84.32 Y120.52
G1 X83.32 Y120.52 S300.00 F1000

; Pass 0 Path 7239
G0 X83.32 Y120.62
G1 X84.32 Y120.62 S300.00 F1000

; Pass 0 Path 7240
G0 X84.32 Y120.72
G1 X83.32 Y120.72 S300.00 F1000

; Pass 0 Path 7241
G0 X83.32 Y120.82
G1 X84.32 Y120.82 S300.00 F1000

; Pass 0 Path 7242
G0 X84.32 Y120.92
G1 X83.32 Y120.92 S300.00 F1000

; Pass 0 Path 7243
G0 X83.32 Y121.02
G1 X84.32 Y121.02 S300.00 F1000

; Pass 0 Path 7244
G0 X84.32 Y121.12
G1 X83.32 Y121.12 S300.00 F1000

; Pass 0 Path 7245
G0 X83.32 Y121.22
G1 X84.32 Y121.22 S300.00 F1000

; Pass 0 Path 7246
G0 X84.32 Y121.32
G1 X83.32 Y121.32 S300.00 F1000

; Pass 0 Path 7247
G0 X83.32 Y121.42
G1 X84.32 Y121.42 S300.00 F1000

; Pass 0 Path 7248
G0 X84.32 Y121.52
G1 X83.32 Y121.52 S300.00 F1000

; Pass 0 Path 7249
G0 X83.32 Y121.62
G1 X84.32 Y121.62 S300.00 F1000

; Pass 0 Path 7250
G0 X84.32 Y121.72
G1 X83.32 Y121.72 S300.00 F1000

; Pass 0 Path 7251
G0 X83.32 Y121.82
G1 X84.32 Y121.82 S300.00 F1000

; Pass 0 Path 7252
G0 X84.32 Y121.92
G1 X83.32 Y121.92 S300.00 F1000

; Pass 0 Path 7253
G0 X83.32 Y122.02
G1 X84.32 Y122.02 S300.00 F1000

; Pass 0 Path 7254
G0 X84.32 Y122.12
G1 X83.32 Y122.12 S300.00 F1000

; Pass 0 Path 7255
G0 X83.32 Y122.22
G1 X84.32 Y122.22 S300.00 F1000

; Pass 0 Path 7256
G0 X84.32 Y122.32
G1 X83.32 Y122.32 S300.00 F1000

; Pass 0 Path 7257
G0 X83.32 Y122.42
G1 X84.32 Y122.42 S300.00 F1000

; Pass 0 Path 7258
G0 X84.32 Y122.52
G1 X83.32 Y122.52 S300.00 F1000

; Pass 0 Path 7259
G0 X83.32 Y122.62
G1 X84.32 Y122.62 S300.00 F1000

; Pass 0 Path 7260
G0 X84.32 Y122.72
G1 X83.32 Y122.72 S300.00 F1000

; Pass 0 Path 7261
G0 X83.32 Y122.82
G1 X84.32 Y122.82 S300.00 F1000

; Pass 0 Path 7262
G0 X84.32 Y122.92
G1 X83.32 Y122.92 S300.00 F1000

; Pass 0 Path 7263
G0 X83.32 Y123.02
G1 X84.32 Y123.02 S300.00 F1000

; Pass 0 Path 7264
G0 X84.32 Y123.12
G1 X83.32 Y123.12 S300.00 F1000

; Pass 0 Path 7265
G0 X83.32 Y123.22
G1 X84.32 Y123.22 S300.00 F1000

; Pass 0 Path 7266
G0 X84.32 Y123.32
G1 X83.32 Y123.32 S300.00 F1000

; Pass 0 Path 7267
G0 X83.32 Y123.42
G1 X84.32 Y123.42 S300.00 F1000

; Pass 0 Path 7268
G0 X84.32 Y123.52
G1 X83.32 Y123.52 S300.00 F1000

; Pass 0 Path 7269
G0 X83.32 Y123.62
G1 X84.32 Y123.62 S300.00 F1000

; Pass 0 Path 7270
G0 X84.32 Y123.72
G1 X83.32 Y123.72 S300.00 F1000

; Pass 0 Path 7271
G0 X83.32 Y123.82
G1 X84.32 Y123.82 S300.00 F1000

; Pass 0 Path 7272
G0 X84.32 Y123.92
G1 X83.32 Y123.92 S300.00 F1000

; Pass 0 Path 7273
G0 X83.32 Y124.02
G1 X84.32 Y124.02 S300.00 F1000

; Pass 0 Path 7274
G0 X84.32 Y124.12
G1 X83.32 Y124.12 S300.00 F1000

; Pass 0 Path 7275
G0 X83.32 Y124.22
G1 X84.32 Y124.22 S300.00 F1000

; Pass 0 Path 7276
G0 X84.32 Y124.32
G1 X83.32 Y124.32 S300.00 F1000

; Pass 0 Path 7277
G0 X83.32 Y124.42
G1 X84.32 Y124.42 S300.00 F1000

; Pass 0 Path 7278
G0 X84.32 Y124.52
G1 X83.32 Y124.52 S300.00 F1000

; Pass 0 Path 7279
G0 X83.32 Y124.62
G1 X84.32 Y124.62 S300.00 F1000

; Pass 0 Path 7280
G0 X84.32 Y124.72
G1 X83.32 Y124.72 S300.00 F1000

; Pass 0 Path 7281
G0 X83.32 Y124.82
G1 X84.32 Y124.82 S300.00 F1000

; Pass 0 Path 7282
G0 X84.32 Y124.92
G1 X83.32 Y124.92 S300.00 F1000

; Pass 0 Path 7283
G0 X83.32 Y125.02
G1 X84.32 Y125.02 S300.00 F1000

; Pass 0 Path 7284
G0 X84.32 Y125.12
G1 X83.32 Y125.12 S300.00 F1000

; Pass 0 Path 7285
G0 X83.32 Y125.22
G1 X84.32 Y125.22 S300.00 F1000

; Pass 0 Path 7286
G0 X84.32 Y125.32
G1 X83.32 Y125.32 S300.00 F1000

; Pass 0 Path 7287
G0 X83.32 Y125.42
G1 X84.32 Y125.42 S300.00 F1000

; Pass 0 Path 7288
G0 X84.32 Y125.52
G1 X83.32 Y125.52 S300.00 F1000

; Pass 0 Path 7289
G0 X83.32 Y125.62
G1 X84.32 Y125.62 S300.00 F1000

; Pass 0 Path 7290
G0 X84.32 Y125.72
G1 X83.32 Y125.72 S300.00 F1000

; Pass 0 Path 7291
G0 X83.32 Y125.82
G1 X84.32 Y125.82 S300.00 F1000

; Pass 0 Path 7292
G0 X84.32 Y125.92
G1 X83.32 Y125.92 S300.00 F1000

; Pass 0 Path 7293
G0 X83.32 Y126.02
G1 X84.32 Y126.02 S300.00 F1000

; Pass 0 Path 7294
G0 X84.32 Y126.12
G1 X83.32 Y126.12 S300.00 F1000

; Pass 0 Path 7295
G0 X83.32 Y126.22
G1 X84.32 Y126.22 S300.00 F1000

; Pass 0 Path 7296
G0 X84.32 Y126.32
G1 X83.32 Y126.32 S300.00 F1000

; Pass 0 Path 7297
G0 X83.32 Y126.42
G1 X84.32 Y126.42 S300.00 F1000

; Pass 0 Path 7298
G0 X84.32 Y126.52
G1 X83.32 Y126.52 S300.00 F1000

; Pass 0 Path 7299
G0 X83.32 Y126.62
G1 X84.32 Y126.62 S300.00 F1000

; Pass 0 Path 7300
G0 X84.32 Y126.72
G1 X83.32 Y126.72 S300.00 F1000

; Pass 0 Path 7301
G0 X83.32 Y126.82
G1 X84.32 Y126.82 S300.00 F1000

; Pass 0 Path 7302
G0 X84.32 Y126.92
G1 X83.32 Y126.92 S300.00 F1000

; Pass 0 Path 7303
G0 X83.32 Y127.02
G1 X84.32 Y127.02 S300.00 F1000

; Pass 0 Path 7304
G0 X84.32 Y127.12
G1 X83.32 Y127.12 S300.00 F1000

; Pass 0 Path 7305
G0 X83.32 Y127.22
G1 X84.32 Y127.22 S300.00 F1000

; Pass 0 Path 7306
G0 X84.32 Y127.32
G1 X83.32 Y127.32 S300.00 F1000

; Pass 0 Path 7307
G0 X83.32 Y127.42
G1 X84.32 Y127.42 S300.00 F1000

; Pass 0 Path 7308
G0 X84.32 Y127.52
G1 X83.32 Y127.52 S300.00 F1000

; Pass 0 Path 7309
G0 X83.32 Y127.62
G1 X84.32 Y127.62 S300.00 F1000

; Pass 0 Path 7310
G0 X84.32 Y127.72
G1 X83.32 Y127.72 S300.00 F1000

; Pass 0 Path 7311
G0 X83.32 Y127.82
G1 X84.32 Y127.82 S300.00 F1000

; Pass 0 Path 7312
G0 X84.32 Y127.92
G1 X83.32 Y127.92 S300.00 F1000

; Pass 0 Path 7313
G0 X83.32 Y128.02
G1 X84.32 Y128.02 S300.00 F1000

; Pass 0 Path 7314
G0 X84.32 Y128.12
G1 X83.32 Y128.12 S300.00 F1000

; Pass 0 Path 7315
G0 X83.32 Y128.22
G1 X84.32 Y128.22 S300.00 F1000

; Pass 0 Path 7316
G0 X84.32 Y128.32
G1 X83.32 Y128.32 S300.00 F1000

; Pass 0 Path 7317
G0 X83.32 Y128.42
G1 X84.32 Y128.42 S300.00 F1000

; Pass 0 Path 7318
G0 X84.32 Y128.52
G1 X83.32 Y128.52 S300.00 F1000

; Pass 0 Path 7319
G0 X83.32 Y128.62
G1 X84.32 Y128.62 S300.00 F1000

; Pass 0 Path 7320
G0 X84.32 Y128.72
G1 X83.32 Y128.72 S300.00 F1000

; Pass 0 Path 7321
G0 X83.32 Y128.82
G1 X84.32 Y128.82 S300.00 F1000

; Pass 0 Path 7322
G0 X84.32 Y128.92
G1 X83.32 Y128.92 S300.00 F1000

; Pass 0 Path 7323
G0 X83.32 Y129.02
G1 X84.32 Y129.02 S300.00 F1000

; Pass 0 Path 7324
G0 X84.32 Y129.12
G1 X83.32 Y129.12 S300.00 F1000

; Pass 0 Path 7325
G0 X83.32 Y129.22
G1 X84.32 Y129.22 S300.00 F1000

; Pass 0 Path 7326
G0 X84.32 Y129.32
G1 X83.32 Y129.32 S300.00 F1000

; Pass 0 Path 7327
G0 X83.32 Y129.42
G1 X84.32 Y129.42 S300.00 F1000

; Pass 0 Path 7328
G0 X84.32 Y129.52
G1 X83.32 Y129.52 S300.00 F1000

; Pass 0 Path 7329
G0 X83.32 Y129.62
G1 X84.32 Y129.62 S300.00 F1000

; Pass 0 Path 7330
G0 X84.32 Y129.72
G1 X83.32 Y129.72 S300.00 F1000

; Pass 0 Path 7331
G0 X83.32 Y129.82
G1 X84.32 Y129.82 S300.00 F1000

; Pass 0 Path 7332
G0 X84.32 Y129.92
G1 X83.32 Y129.92 S300.00 F1000

; Pass 0 Path 7333
G0 X83.32 Y130.02
G1 X84.32 Y130.02 S300.00 F1000

; Pass 0 Path 7334
G0 X84.32 Y130.12
G1 X83.32 Y130.12 S300.00 F1000

; Pass 0 Path 7335
G0 X83.32 Y130.22
G1 X84.32 Y130.22 S300.00 F1000

; Pass 0 Path 7336
G0 X84.32 Y130.32
G1 X83.32 Y130.32 S300.00 F1000

; Pass 0 Path 7337
G0 X83.32 Y130.42
G1 X84.32 Y130.42 S300.00 F1000

; Pass 0 Path 7338
G0 X84.32 Y130.52
G1 X83.32 Y130.52 S300.00 F1000

; Pass 0 Path 7339
G0 X83.32 Y130.62
G1 X84.32 Y130.62 S300.00 F1000

; Pass 0 Path 7340
G0 X84.32 Y130.72
G1 X83.32 Y130.72 S300.00 F1000

; Pass 0 Path 7341
G0 X83.32 Y130.82
G1 X84.32 Y130.82 S300.00 F1000

; Pass 0 Path 7342
G0 X84.32 Y130.92
G1 X83.32 Y130.92 S300.00 F1000

; Pass 0 Path 7343
G0 X83.32 Y131.02
G1 X84.32 Y131.02 S300.00 F1000

; Pass 0 Path 7344
G0 X84.32 Y131.12
G1 X83.32 Y131.12 S300.00 F1000

; Pass 0 Path 7345
G0 X83.32 Y131.22
G1 X84.32 Y131.22 S300.00 F1000

; Pass 0 Path 7346
G0 X84.32 Y131.32
G1 X83.32 Y131.32 S300.00 F1000

; Pass 0 Path 7347
G0 X83.32 Y131.42
G1 X84.32 Y131.42 S300.00 F1000

; Pass 0 Path 7348
G0 X84.32 Y131.52
G1 X83.32 Y131.52 S300.00 F1000

; Pass 0 Path 7349
G0 X83.32 Y131.62
G1 X84.32 Y131.62 S300.00 F1000

; Pass 0 Path 7350
G0 X84.32 Y131.72
G1 X83.32 Y131.72 S300.00 F1000

; Pass 0 Path 7351
G0 X83.32 Y131.82
G1 X84.32 Y131.82 S300.00 F1000

; Pass 0 Path 7352
G0 X84.32 Y131.92
G1 X83.32 Y131.92 S300.00 F1000

; Pass 0 Path 7353
G0 X83.32 Y132.02
G1 X84.32 Y132.02 S300.00 F1000

; Pass 0 Path 7354
G0 X84.32 Y132.12
G1 X83.32 Y132.12 S300.00 F1000

; Pass 0 Path 7355
G0 X83.32 Y132.22
G1 X84.32 Y132.22 S300.00 F1000

; Pass 0 Path 7356
G0 X84.32 Y132.32
G1 X83.32 Y132.32 S300.00 F1000

; Pass 0 Path 7357
G0 X83.32 Y132.42
G1 X84.32 Y132.42 S300.00 F1000

; Pass 0 Path 7358
G0 X84.32 Y132.52
G1 X83.32 Y132.52 S300.00 F1000

; Pass 0 Path 7359
G0 X83.32 Y132.62
G1 X84.32 Y132.62 S300.00 F1000

; Pass 0 Path 7360
G0 X84.32 Y132.72
G1 X83.32 Y132.72 S300.00 F1000

; Pass 0 Path 7361
G0 X83.32 Y132.82
G1 X84.32 Y132.82 S300.00 F1000

; Pass 0 Path 7362
G0 X84.32 Y132.92
G1 X83.32 Y132.92 S300.00 F1000

; Pass 0 Path 7363
G0 X83.32 Y133.02
G1 X84.32 Y133.02 S300.00 F1000

; Pass 0 Path 7364
G0 X84.32 Y133.12
G1 X83.32 Y133.12 S300.00 F1000

; Pass 0 Path 7365
G0 X83.32 Y133.22
G1 X84.32 Y133.22 S300.00 F1000

; Pass 0 Path 7366
G0 X84.32 Y133.32
G1 X83.32 Y133.32 S300.00 F1000

; Pass 0 Path 7367
G0 X83.32 Y133.42
G1 X84.32 Y133.42 S300.00 F1000

; Pass 0 Path 7368
G0 X84.32 Y133.52
G1 X83.32 Y133.52 S300.00 F1000

; Pass 0 Path 7369
G0 X83.32 Y133.62
G1 X84.32 Y133.62 S300.00 F1000

; Pass 0 Path 7370
G0 X84.32 Y133.72
G1 X83.32 Y133.72 S300.00 F1000

; Pass 0 Path 7371
G0 X83.32 Y133.82
G1 X84.32 Y133.82 S300.00 F1000

; Pass 0 Path 7372
G0 X84.32 Y133.92
G1 X83.32 Y133.92 S300.00 F1000

; Pass 0 Path 7373
G0 X83.32 Y134.02
G1 X84.32 Y134.02 S300.00 F1000

; Pass 0 Path 7374
G0 X84.32 Y134.12
G1 X83.32 Y134.12 S300.00 F1000

; Pass 0 Path 7375
G0 X83.32 Y134.22
G1 X84.32 Y134.22 S300.00 F1000

; Pass 0 Path 7376
G0 X84.32 Y134.32
G1 X83.32 Y134.32 S300.00 F1000

; Pass 0 Path 7377
G0 X83.32 Y134.42
G1 X84.32 Y134.42 S300.00 F1000

; Pass 0 Path 7378
G0 X84.32 Y134.52
G1 X83.32 Y134.52 S300.00 F1000

; Pass 0 Path 7379
G0 X83.32 Y134.62
G1 X84.32 Y134.62 S300.00 F1000

; Pass 0 Path 7380
G0 X84.32 Y134.72
G1 X83.32 Y134.72 S300.00 F1000

; Pass 0 Path 7381
G0 X83.32 Y134.82
G1 X84.32 Y134.82 S300.00 F1000

; Pass 0 Path 7382
G0 X84.32 Y134.92
G1 X83.32 Y134.92 S300.00 F1000

; Pass 0 Path 7383
G0 X83.32 Y135.02
G1 X84.32 Y135.02 S300.00 F1000

; Pass 0 Path 7384
G0 X84.32 Y135.12
G1 X83.32 Y135.12 S300.00 F1000

; Pass 0 Path 7385
G0 X83.32 Y135.22
G1 X84.32 Y135.22 S300.00 F1000

; Pass 0 Path 7386
G0 X84.33 Y135.32
G1 X83.33 Y135.32 S300.00 F1000

; Pass 0 Path 7387
G0 X83.34 Y135.42
G1 X84.34 Y135.42 S300.00 F1000

; Pass 0 Path 7388
G0 X84.36 Y135.52
G1 X83.35 Y135.52 S300.00 F1000

; Pass 0 Path 7389
G0 X83.36 Y135.62
G1 X84.38 Y135.62 S300.00 F1000

; Pass 0 Path 7390
G0 X84.41 Y135.72
G1 X83.38 Y135.72 S300.00 F1000

; Pass 0 Path 7391
G0 X83.40 Y135.82
G1 X84.44 Y135.82 S300.00 F1000

; Pass 0 Path 7392
G0 X84.48 Y135.92
G1 X83.43 Y135.92 S300.00 F1000

; Pass 0 Path 7393
G0 X83.46 Y136.02
G1 X84.52 Y136.02 S300.00 F1000

; Pass 0 Path 7394
G0 X84.57 Y136.12
G1 X83.49 Y136.12 S300.00 F1000

; Pass 0 Path 7395
G0 X83.53 Y136.22
G1 X84.63 Y136.22 S300.00 F1000

; Pass 0 Path 7396
G0 X84.70 Y136.32
G1 X83.57 Y136.32 S300.00 F1000

; Pass 0 Path 7397
G0 X83.61 Y136.42
G1 X84.78 Y136.42 S300.00 F1000

; Pass 0 Path 7398
G0 X84.86 Y136.52
G1 X83.66 Y136.52 S300.00 F1000

; Pass 0 Path 7399
G0 X83.72 Y136.62
G1 X84.96 Y136.62 S300.00 F1000

; Pass 0 Path 7400
G0 X85.08 Y136.72
G1 X83.78 Y136.72 S300.00 F1000

; Pass 0 Path 7401
G0 X83.84 Y136.82
G1 X85.22 Y136.82 S300.00 F1000

; Pass 0 Path 7402
G0 X85.38 Y136.92
G1 X83.91 Y136.92 S300.00 F1000

; Pass 0 Path 7403
G0 X83.99 Y137.02
G1 X85.60 Y137.02 S300.00 F1000

; Pass 0 Path 7404
G0 X85.93 Y137.12
G1 X84.07 Y137.12 S300.00 F1000

; Pass 0 Path 7405
G0 X92.15 Y130.22
G1 X96.59 Y130.22 S300.00 F1000

; Pass 0 Path 7406
G0 X96.69 Y130.32
G1 X92.24 Y130.32 S300.00 F1000

; Pass 0 Path 7407
G0 X92.33 Y130.42
G1 X96.76 Y130.42 S300.00 F1000

; Pass 0 Path 7408
G0 X96.81 Y130.52
G1 X92.42 Y130.52 S300.00 F1000

; Pass 0 Path 7409
G0 X92.52 Y130.62
G1 X96.85 Y130.62 S300.00 F1000

; Pass 0 Path 7410
G0 X96.87 Y130.72
G1 X92.63 Y130.72 S300.00 F1000

; Pass 0 Path 7411
G0 X92.75 Y130.82
G1 X96.88 Y130.82 S300.00 F1000

; Pass 0 Path 7412
G0 X96.87 Y130.92
G1 X92.87 Y130.92 S300.00 F1000

; Pass 0 Path 7413
G0 X93.00 Y131.02
G1 X96.85 Y131.02 S300.00 F1000

; Pass 0 Path 7414
G0 X96.81 Y131.12
G1 X93.15 Y131.12 S300.00 F1000

; Pass 0 Path 7415
G0 X93.31 Y131.22
G1 X96.75 Y131.22 S300.00 F1000

; Pass 0 Path 7416
G0 X96.68 Y131.32
G1 X93.49 Y131.32 S300.00 F1000

; Pass 0 Path 7417
G0 X93.68 Y131.42
G1 X96.57 Y131.42 S300.00 F1000

; Pass 0 Path 7418
G0 X96.43 Y131.52
G1 X93.92 Y131.52 S300.00 F1000

; Pass 0 Path 7419
G0 X94.20 Y131.62
G1 X96.22 Y131.62 S300.00 F1000

; Pass 0 Path 7420
G0 X95.89 Y131.72
G1 X94.61 Y131.72 S300.00 F1000

; Pass 0 Path 7421
G0 X94.73 Y130.12
G1 X92.07 Y130.12 S300.00 F1000

; Pass 0 Path 7422
G0 X92.00 Y130.02
G1 X94.46 Y130.02 S300.00 F1000

; Pass 0 Path 7423
G0 X94.26 Y129.92
G1 X91.93 Y129.92 S300.00 F1000

; Pass 0 Path 7424
G0 X91.86 Y129.82
G1 X94.10 Y129.82 S300.00 F1000

; Pass 0 Path 7425
G0 X93.96 Y129.72
G1 X91.80 Y129.72 S300.00 F1000

; Pass 0 Path 7426
G0 X91.74 Y129.62
G1 X93.84 Y129.62 S300.00 F1000

; Pass 0 Path 7427
G0 X93.73 Y129.52
G1 X91.68 Y129.52 S300.00 F1000

; Pass 0 Path 7428
G0 X91.63 Y129.42
G1 X93.63 Y129.42 S300.00 F1000

; Pass 0 Path 7429
G0 X93.54 Y129.32
G1 X91.58 Y129.32 S300.00 F1000

; Pass 0 Path 7430
G0 X91.53 Y129.22
G1 X93.46 Y129.22 S300.00 F1000

; Pass 0 Path 7431
G0 X93.39 Y129.12
G1 X91.48 Y129.12 S300.00 F1000

; Pass 0 Path 7432
G0 X91.44 Y129.02
G1 X93.32 Y129.02 S300.00 F1000

; Pass 0 Path 7433
G0 X93.25 Y128.92
G1 X91.40 Y128.92 S300.00 F1000

; Pass 0 Path 7434
G0 X91.37 Y128.82
G1 X93.19 Y128.82 S300.00 F1000

; Pass 0 Path 7435
G0 X93.13 Y128.72
G1 X91.33 Y128.72 S300.00 F1000

; Pass 0 Path 7436
G0 X91.30 Y128.62
G1 X93.08 Y128.62 S300.00 F1000

; Pass 0 Path 7437
G0 X93.03 Y128.52
G1 X91.27 Y128.52 S300.00 F1000

; Pass 0 Path 7438
G0 X91.24 Y128.42
G1 X92.99 Y128.42 S300.00 F1000

; Pass 0 Path 7439
G0 X92.95 Y128.32
G1 X91.22 Y128.32 S300.00 F1000

; Pass 0 Path 7440
G0 X91.20 Y128.22
G1 X92.91 Y128.22 S300.00 F1000

; Pass 0 Path 7441
G0 X92.87 Y128.12
G1 X91.18 Y128.12 S300.00 F1000

; Pass 0 Path 7442
G0 X91.16 Y128.02
G1 X92.84 Y128.02 S300.00 F1000

; Pass 0 Path 7443
G0 X92.90 Y128.02
G1 X95.93 Y128.02 S300.00 F1000

; Pass 0 Path 7444
G0 X96.03 Y127.92
G1 X91.14 Y127.92 S300.00 F1000

; Pass 0 Path 7445
G0 X91.13 Y127.82
G1 X96.12 Y127.82 S300.00 F1000

; Pass 0 Path 7446
G0 X96.20 Y127.72
G1 X91.12 Y127.72 S300.00 F1000

; Pass 0 Path 7447
G0 X91.11 Y127.62
G1 X96.28 Y127.62 S300.00 F1000

; Pass 0 Path 7448
G0 X96.35 Y127.52
G1 X91.10 Y127.52 S300.00 F1000

; Pass 0 Path 7449
G0 X91.09 Y127.42
G1 X96.41 Y127.42 S300.00 F1000

; Pass 0 Path 7450
G0 X96.47 Y127.32
G1 X91.09 Y127.32 S300.00 F1000

; Pass 0 Path 7451
G0 X91.09 Y127.22
G1 X96.52 Y127.22 S300.00 F1000

; Pass 0 Path 7452
G0 X96.56 Y127.12
G1 X94.42 Y127.12 S300.00 F1000

; Pass 0 Path 7453
G0 X94.68 Y127.02
G1 X96.61 Y127.02 S300.00 F1000

; Pass 0 Path 7454
G0 X96.64 Y126.92
G1 X94.83 Y126.92 S300.00 F1000

; Pass 0 Path 7455
G0 X94.94 Y126.82
G1 X96.68 Y126.82 S300.00 F1000

; Pass 0 Path 7456
G0 X96.71 Y126.72
G1 X95.03 Y126.72 S300.00 F1000

; Pass 0 Path 7457
G0 X95.10 Y126.62
G1 X96.73 Y126.62 S300.00 F1000

; Pass 0 Path 7458
G0 X96.75 Y126.52
G1 X95.15 Y126.52 S300.00 F1000

; Pass 0 Path 7459
G0 X95.19 Y126.42
G1 X96.77 Y126.42 S300.00 F1000

; Pass 0 Path 7460
G0 X96.79 Y126.32
G1 X95.23 Y126.32 S300.00 F1000

; Pass 0 Path 7461
G0 X95.25 Y126.22
G1 X96.80 Y126.22 S300.00 F1000

; Pass 0 Path 7462
G0 X96.81 Y126.12
G1 X95.27 Y126.12 S300.00 F1000

; Pass 0 Path 7463
G0 X95.28 Y126.02
G1 X96.81 Y126.02 S300.00 F1000

; Pass 0 Path 7464
G0 X96.81 Y125.92
G1 X95.28 Y125.92 S300.00 F1000

; Pass 0 Path 7465
G0 X95.27 Y125.82
G1 X96.81 Y125.82 S300.00 F1000

; Pass 0 Path 7466
G0 X96.80 Y125.72
G1 X95.26 Y125.72 S300.00 F1000

; Pass 0 Path 7467
G0 X95.24 Y125.62
G1 X96.80 Y125.62 S300.00 F1000

; Pass 0 Path 7468
G0 X96.79 Y125.52
G1 X95.22 Y125.52 S300.00 F1000

; Pass 0 Path 7469
G0 X95.19 Y125.42
G1 X96.77 Y125.42 S300.00 F1000

; Pass 0 Path 7470
G0 X96.75 Y125.32
G1 X95.14 Y125.32 S300.00 F1000

; Pass 0 Path 7471
G0 X95.09 Y125.22
G1 X96.73 Y125.22 S300.00 F1000

; Pass 0 Path 7472
G0 X96.71 Y125.12
G1 X95.01 Y125.12 S300.00 F1000

; Pass 0 Path 7473
G0 X94.91 Y125.02
G1 X96.68 Y125.02 S300.00 F1000

; Pass 0 Path 7474
G0 X96.65 Y124.92
G1 X94.78 Y124.92 S300.00 F1000

; Pass 0 Path 7475
G0 X94.55 Y124.82
G1 X96.61 Y124.82 S300.00 F1000

; Pass 0 Path 7476
G0 X96.57 Y124.72
G1 X91.59 Y124.72 S300.00 F1000

; Pass 0 Path 7477
G0 X91.54 Y124.82
G1 X93.68 Y124.82 S300.00 F1000

; Pass 0 Path 7478
G0 X93.46 Y124.92
G1 X91.49 Y124.92 S300.00 F1000

; Pass 0 Path 7479
G0 X91.45 Y125.02
G1 X93.32 Y125.02 S300.00 F1000

; Pass 0 Path 7480
G0 X93.22 Y125.12
G1 X91.41 Y125.12 S300.00 F1000

; Pass 0 Path 7481
G0 X91.38 Y125.22
G1 X93.14 Y125.22 S300.00 F1000

; Pass 0 Path 7482
G0 X93.08 Y125.32
G1 X91.34 Y125.32 S300.00 F1000

; Pass 0 Path 7483
G0 X91.31 Y125.42
G1 X93.03 Y125.42 S300.00 F1000

; Pass 0 Path 7484
G0 X92.99 Y125.52
G1 X91.28 Y125.52 S300.00 F1000

; Pass 0 Path 7485
G0 X91.26 Y125.62
G1 X92.95 Y125.62 S300.00 F1000

; Pass 0 Path 7486
G0 X92.92 Y125.72
G1 X91.23 Y125.72 S300.00 F1000

; Pass 0 Path 7487
G0 X91.21 Y125.82
G1 X92.89 Y125.82 S300.00 F1000

; Pass 0 Path 7488
G0 X92.86 Y125.92
G1 X91.19 Y125.92 S300.00 F1000

; Pass 0 Path 7489
G0 X91.18 Y126.02
G1 X92.84 Y126.02 S300.00 F1000

; Pass 0 Path 7490
G0 X92.82 Y126.12
G1 X91.16 Y126.12 S300.00 F1000

; Pass 0 Path 7491
G0 X91.15 Y126.22
G1 X92.84 Y126.22 S300.00 F1000

; Pass 0 Path 7492
G0 X92.91 Y126.32
G1 X91.13 Y126.32 S300.00 F1000

; Pass 0 Path 7493
G0 X91.12 Y126.42
G1 X92.98 Y126.42 S300.00 F1000

; Pass 0 Path 7494
G0 X93.07 Y126.52
G1 X91.11 Y126.52 S300.00 F1000

; Pass 0 Path 7495
G0 X91.10 Y126.62
G1 X93.16 Y126.62 S300.00 F1000

; Pass 0 Path 7496
G0 X93.26 Y126.72
G1 X91.10 Y126.72 S300.00 F1000

; Pass 0 Path 7497
G0 X91.09 Y126.82
G1 X93.38 Y126.82 S300.00 F1000

; Pass 0 Path 7498
G0 X93.52 Y126.92
G1 X91.09 Y126.92 S300.00 F1000

; Pass 0 Path 7499
G0 X91.09 Y127.02
G1 X93.70 Y127.02 S300.00 F1000

; Pass 0 Path 7500
G0 X93.96 Y127.12
G1 X91.09 Y127.12 S300.00 F1000

; Pass 0 Path 7501
G0 X93.02 Y128.12
G1 X95.81 Y128.12 S300.00 F1000

; Pass 0 Path 7502
G0 X95.68 Y128.22
G1 X93.16 Y128.22 S300.00 F1000

; Pass 0 Path 7503
G0 X93.29 Y128.32
G1 X95.53 Y128.32 S300.00 F1000

; Pass 0 Path 7504
G0 X95.35 Y128.42
G1 X93.44 Y128.42 S300.00 F1000

; Pass 0 Path 7505
G0 X93.62 Y128.52
G1 X95.13 Y128.52 S300.00 F1000

; Pass 0 Path 7506
G0 X94.81 Y128.62
G1 X93.87 Y128.62 S300.00 F1000

; Pass 0 Path 7507
G0 X95.74 Y130.12
G1 X96.43 Y130.12 S300.00 F1000

; Pass 0 Path 7508
G0 X96.53 Y124.62
G1 X91.64 Y124.62 S300.00 F1000

; Pass 0 Path 7509
G0 X91.70 Y124.52
G1 X96.48 Y124.52 S300.00 F1000

; Pass 0 Path 7510
G0 X96.42 Y124.42
G1 X91.77 Y124.42 S300.00 F1000

; Pass 0 Path 7511
G0 X91.84 Y124.32
G1 X96.36 Y124.32 S300.00 F1000

; Pass 0 Path 7512
G0 X96.29 Y124.22
G1 X91.91 Y124.22 S300.00 F1000

; Pass 0 Path 7513
G0 X91.99 Y124.12
G1 X96.21 Y124.12 S300.00 F1000

; Pass 0 Path 7514
G0 X96.12 Y124.02
G1 X92.09 Y124.02 S300.00 F1000

; Pass 0 Path 7515
G0 X92.19 Y123.92
G1 X96.02 Y123.92 S300.00 F1000

; Pass 0 Path 7516
G0 X95.91 Y123.82
G1 X92.30 Y123.82 S300.00 F1000

; Pass 0 Path 7517
G0 X92.44 Y123.72
G1 X95.78 Y123.72 S300.00 F1000

; Pass 0 Path 7518
G0 X95.62 Y123.62
G1 X92.59 Y123.62 S300.00 F1000

; Pass 0 Path 7519
G0 X92.77 Y123.52
G1 X95.44 Y123.52 S300.00 F1000

; Pass 0 Path 7520
G0 X95.22 Y123.42
G1 X92.99 Y123.42 S300.00 F1000

; Pass 0 Path 7521
G0 X93.30 Y123.32
G1 X94.90 Y123.32 S300.00 F1000

; Pass 0 Path 7522
G0 X74.14 Y123.52
G1 X68.11 Y123.52 S300.00 F1000

; Pass 0 Path 7523
G0 X68.11 Y123.62
G1 X74.14 Y123.62 S300.00 F1000

; Pass 0 Path 7524
G0 X74.14 Y123.72
G1 X68.11 Y123.72 S300.00 F1000

; Pass 0 Path 7525
G0 X68.11 Y123.82
G1 X74.14 Y123.82 S300.00 F1000

; Pass 0 Path 7526
G0 X74.14 Y123.92
G1 X68.11 Y123.92 S300.00 F1000

; Pass 0 Path 7527
G0 X68.11 Y124.02
G1 X74.14 Y124.02 S300.00 F1000

; Pass 0 Path 7528
G0 X74.14 Y124.12
G1 X68.11 Y124.12 S300.00 F1000

; Pass 0 Path 7529
G0 X68.11 Y124.22
G1 X74.14 Y124.22 S300.00 F1000

; Pass 0 Path 7530
G0 X74.14 Y124.32
G1 X68.11 Y124.32 S300.00 F1000

; Pass 0 Path 7531
G0 X68.11 Y124.42
G1 X74.14 Y124.42 S300.00 F1000

; Pass 0 Path 7532
G0 X74.14 Y124.52
G1 X68.11 Y124.52 S300.00 F1000

; Pass 0 Path 7533
G0 X68.11 Y124.62
G1 X74.13 Y124.62 S300.00 F1000

; Pass 0 Path 7534
G0 X74.13 Y124.72
G1 X68.11 Y124.72 S300.00 F1000

; Pass 0 Path 7535
G0 X68.11 Y124.82
G1 X74.12 Y124.82 S300.00 F1000

; Pass 0 Path 7536
G0 X74.10 Y124.92
G1 X72.66 Y124.92 S300.00 F1000

; Pass 0 Path 7537
G0 X72.68 Y125.02
G1 X74.08 Y125.02 S300.00 F1000

; Pass 0 Path 7538
G0 X74.04 Y125.12
G1 X72.71 Y125.12 S300.00 F1000

; Pass 0 Path 7539
G0 X72.75 Y125.22
G1 X73.99 Y125.22 S300.00 F1000

; Pass 0 Path 7540
G0 X73.92 Y125.32
G1 X72.82 Y125.32 S300.00 F1000

; Pass 0 Path 7541
G0 X72.93 Y125.42
G1 X73.80 Y125.42 S300.00 F1000

; Pass 0 Path 7542
G0 X73.56 Y125.52
G1 X73.18 Y125.52 S300.00 F1000

; Pass 0 Path 7543
G0 X72.33 Y126.42
G1 X69.97 Y126.42 S300.00 F1000

; Pass 0 Path 7544
G0 X70.08 Y126.52
G1 X72.44 Y126.52 S300.00 F1000

; Pass 0 Path 7545
G0 X72.55 Y126.62
G1 X70.20 Y126.62 S300.00 F1000

; Pass 0 Path 7546
G0 X70.32 Y126.72
G1 X72.66 Y126.72 S300.00 F1000

; Pass 0 Path 7547
G0 X72.77 Y126.82
G1 X70.44 Y126.82 S300.00 F1000

; Pass 0 Path 7548
G0 X70.56 Y126.92
G1 X72.87 Y126.92 S300.00 F1000

; Pass 0 Path 7549
G0 X72.98 Y127.02
G1 X70.68 Y127.02 S300.00 F1000

; Pass 0 Path 7550
G0 X70.79 Y127.12
G1 X73.08 Y127.12 S300.00 F1000

; Pass 0 Path 7551
G0 X73.17 Y127.22
G1 X70.91 Y127.22 S300.00 F1000

; Pass 0 Path 7552
G0 X71.03 Y127.32
G1 X73.27 Y127.32 S300.00 F1000

; Pass 0 Path 7553
G0 X73.36 Y127.42
G1 X71.15 Y127.42 S300.00 F1000

; Pass 0 Path 7554
G0 X71.25 Y127.52
G1 X73.45 Y127.52 S300.00 F1000

; Pass 0 Path 7555
G0 X73.53 Y127.62
G1 X71.36 Y127.62 S300.00 F1000

; Pass 0 Path 7556
G0 X71.47 Y127.72
G1 X73.61 Y127.72 S300.00 F1000

; Pass 0 Path 7557
G0 X73.68 Y127.82
G1 X71.58 Y127.82 S300.00 F1000

; Pass 0 Path 7558
G0 X71.68 Y127.92
G1 X73.75 Y127.92 S300.00 F1000

; Pass 0 Path 7559
G0 X73.81 Y128.02
G1 X71.79 Y128.02 S300.00 F1000

; Pass 0 Path 7560
G0 X71.89 Y128.12
G1 X73.86 Y128.12 S300.00 F1000

; Pass 0 Path 7561
G0 X73.91 Y128.22
G1 X71.99 Y128.22 S300.00 F1000

; Pass 0 Path 7562
G0 X72.09 Y128.32
G1 X73.95 Y128.32 S300.00 F1000

; Pass 0 Path 7563
G0 X73.98 Y128.42
G1 X72.18 Y128.42 S300.00 F1000

; Pass 0 Path 7564
G0 X72.26 Y128.52
G1 X74.01 Y128.52 S300.00 F1000

; Pass 0 Path 7565
G0 X74.03 Y128.62
G1 X72.34 Y128.62 S300.00 F1000

; Pass 0 Path 7566
G0 X72.41 Y128.72
G1 X74.05 Y128.72 S300.00 F1000

; Pass 0 Path 7567
G0 X74.06 Y128.82
G1 X72.47 Y128.82 S300.00 F1000

; Pass 0 Path 7568
G0 X72.51 Y128.92
G1 X74.07 Y128.92 S300.00 F1000

; Pass 0 Path 7569
G0 X74.07 Y129.02
G1 X72.53 Y129.02 S300.00 F1000

; Pass 0 Path 7570
G0 X72.54 Y129.12
G1 X74.07 Y129.12 S300.00 F1000

; Pass 0 Path 7571
G0 X74.07 Y129.22
G1 X72.53 Y129.22 S300.00 F1000

; Pass 0 Path 7572
G0 X72.52 Y129.32
G1 X74.06 Y129.32 S300.00 F1000

; Pass 0 Path 7573
G0 X74.05 Y129.42
G1 X72.49 Y129.42 S300.00 F1000

; Pass 0 Path 7574
G0 X72.45 Y129.52
G1 X74.04 Y129.52 S300.00 F1000

; Pass 0 Path 7575
G0 X74.02 Y129.62
G1 X72.39 Y129.62 S300.00 F1000

; Pass 0 Path 7576
G0 X72.31 Y129.72
G1 X73.99 Y129.72 S300.00 F1000

; Pass 0 Path 7577
G0 X73.97 Y129.82
G1 X72.21 Y129.82 S300.00 F1000

; Pass 0 Path 7578
G0 X72.07 Y129.92
G1 X73.93 Y129.92 S300.00 F1000

; Pass 0 Path 7579
G0 X73.90 Y130.02
G1 X71.88 Y130.02 S300.00 F1000

; Pass 0 Path 7580
G0 X71.55 Y130.12
G1 X73.86 Y130.12 S300.00 F1000

; Pass 0 Path 7581
G0 X73.81 Y130.22
G1 X68.58 Y130.22 S300.00 F1000

; Pass 0 Path 7582
G0 X68.53 Y130.12
G1 X70.83 Y130.12 S300.00 F1000

; Pass 0 Path 7583
G0 X70.51 Y130.02
G1 X68.48 Y130.02 S300.00 F1000

; Pass 0 Path 7584
G0 X68.44 Y129.92
G1 X70.34 Y129.92 S300.00 F1000

; Pass 0 Path 7585
G0 X70.22 Y129.82
G1 X68.41 Y129.82 S300.00 F1000

; Pass 0 Path 7586
G0 X68.39 Y129.72
G1 X70.13 Y129.72 S300.00 F1000

; Pass 0 Path 7587
G0 X70.05 Y129.62
G1 X68.37 Y129.62 S300.00 F1000

; Pass 0 Path 7588
G0 X68.36 Y129.52
G1 X69.99 Y129.52 S300.00 F1000

; Pass 0 Path 7589
G0 X69.94 Y129.42
G1 X68.36 Y129.42 S300.00 F1000

; Pass 0 Path 7590
G0 X68.37 Y129.32
G1 X69.89 Y129.32 S300.00 F1000

; Pass 0 Path 7591
G0 X69.85 Y129.22
G1 X68.39 Y129.22 S300.00 F1000

; Pass 0 Path 7592
G0 X68.43 Y129.12
G1 X69.82 Y129.12 S300.00 F1000

; Pass 0 Path 7593
G0 X69.77 Y129.02
G1 X68.48 Y129.02 S300.00 F1000

; Pass 0 Path 7594
G0 X68.57 Y128.92
G1 X69.69 Y128.92 S300.00 F1000

; Pass 0 Path 7595
G0 X69.58 Y128.82
G1 X68.68 Y128.82 S300.00 F1000

; Pass 0 Path 7596
G0 X68.88 Y128.72
G1 X69.38 Y128.72 S300.00 F1000

; Pass 0 Path 7597
G0 X68.64 Y130.32
G1 X73.75 Y130.32 S300.00 F1000

; Pass 0 Path 7598
G0 X73.70 Y130.42
G1 X68.70 Y130.42 S300.00 F1000

; Pass 0 Path 7599
G0 X68.78 Y130.52
G1 X73.63 Y130.52 S300.00 F1000

; Pass 0 Path 7600
G0 X73.56 Y130.62
G1 X68.86 Y130.62 S300.00 F1000

; Pass 0 Path 7601
G0 X68.95 Y130.72
G1 X73.47 Y130.72 S300.00 F1000

; Pass 0 Path 7602
G0 X73.38 Y130.82
G1 X69.05 Y130.82 S300.00 F1000

; Pass 0 Path 7603
G0 X69.16 Y130.92
G1 X73.28 Y130.92 S300.00 F1000

; Pass 0 Path 7604
G0 X73.17 Y131.02
G1 X69.28 Y131.02 S300.00 F1000

; Pass 0 Path 7605
G0 X69.42 Y131.12
G1 X73.04 Y131.12 S300.00 F1000

; Pass 0 Path 7606
G0 X72.90 Y131.22
G1 X69.58 Y131.22 S300.00 F1000

; Pass 0 Path 7607
G0 X69.75 Y131.32
G1 X72.73 Y131.32 S300.00 F1000

; Pass 0 Path 7608
G0 X72.53 Y131.42
G1 X69.96 Y131.42 S300.00 F1000

; Pass 0 Path 7609
G0 X70.22 Y131.52
G1 X72.27 Y131.52 S300.00 F1000

; Pass 0 Path 7610
G0 X71.91 Y131.62
G1 X70.59 Y131.62 S300.00 F1000

; Pass 0 Path 7611
G0 X69.85 Y126.32
G1 X72.21 Y126.32 S300.00 F1000

; Pass 0 Path 7612
G0 X72.10 Y126.22
G1 X69.73 Y126.22 S300.00 F1000

; Pass 0 Path 7613
G0 X69.61 Y126.12
G1 X71.98 Y126.12 S300.00 F1000

; Pass 0 Path 7614
G0 X71.87 Y126.02
G1 X69.49 Y126.02 S300.00 F1000

; Pass 0 Path 7615
G0 X69.37 Y125.92
G1 X71.75 Y125.92 S300.00 F1000

; Pass 0 Path 7616
G0 X71.64 Y125.82
G1 X69.26 Y125.82 S300.00 F1000

; Pass 0 Path 7617
G0 X69.14 Y125.72
G1 X71.53 Y125.72 S300.00 F1000

; Pass 0 Path 7618
G0 X71.41 Y125.62
G1 X69.02 Y125.62 S300.00 F1000

; Pass 0 Path 7619
G0 X68.90 Y125.52
G1 X71.30 Y125.52 S300.00 F1000

; Pass 0 Path 7620
G0 X71.18 Y125.42
G1 X68.78 Y125.42 S300.00 F1000

; Pass 0 Path 7621
G0 X68.67 Y125.32
G1 X71.07 Y125.32 S300.00 F1000

; Pass 0 Path 7622
G0 X70.95 Y125.22
G1 X68.55 Y125.22 S300.00 F1000

; Pass 0 Path 7623
G0 X68.43 Y125.12
G1 X70.84 Y125.12 S300.00 F1000

; Pass 0 Path 7624
G0 X70.72 Y125.02
G1 X68.31 Y125.02 S300.00 F1000

; Pass 0 Path 7625
G0 X68.19 Y124.92
G1 X70.61 Y124.92 S300.00 F1000

; Pass 0 Path 7626
G0 X68.12 Y123.42
G1 X74.13 Y123.42 S300.00 F1000

; Pass 0 Path 7627
G0 X51.32 Y125.62
G1 X49.76 Y125.62 S300.00 F1000

; Pass 0 Path 7628
G0 X49.78 Y125.72
G1 X51.33 Y125.72 S300.00 F1000

; Pass 0 Path 7629
G0 X51.33 Y125.82
G1 X49.80 Y125.82 S300.00 F1000

; Pass 0 Path 7630
G0 X49.80 Y125.92
G1 X51.33 Y125.92 S300.00 F1000

; Pass 0 Path 7631
G0 X51.33 Y126.02
G1 X49.78 Y126.02 S300.00 F1000

; Pass 0 Path 7632
G0 X49.76 Y126.12
G1 X51.31 Y126.12 S300.00 F1000

; Pass 0 Path 7633
G0 X51.30 Y126.22
G1 X49.72 Y126.22 S300.00 F1000

; Pass 0 Path 7634
G0 X49.66 Y126.32
G1 X51.27 Y126.32 S300.00 F1000

; Pass 0 Path 7635
G0 X51.25 Y126.42
G1 X49.59 Y126.42 S300.00 F1000

; Pass 0 Path 7636
G0 X49.51 Y126.52
G1 X51.21 Y126.52 S300.00 F1000

; Pass 0 Path 7637
G0 X51.17 Y126.62
G1 X49.40 Y126.62 S300.00 F1000

; Pass 0 Path 7638
G0 X49.27 Y126.72
G1 X51.12 Y126.72 S300.00 F1000

; Pass 0 Path 7639
G0 X51.06 Y126.82
G1 X49.10 Y126.82 S300.00 F1000

; Pass 0 Path 7640
G0 X48.88 Y126.92
G1 X50.99 Y126.92 S300.00 F1000

; Pass 0 Path 7641
G0 X50.92 Y127.02
G1 X48.52 Y127.02 S300.00 F1000

; Pass 0 Path 7642
G0 X47.67 Y127.12
G1 X50.83 Y127.12 S300.00 F1000

; Pass 0 Path 7643
G0 X50.74 Y127.22
G1 X47.47 Y127.22 S300.00 F1000

; Pass 0 Path 7644
G0 X47.36 Y127.32
G1 X50.63 Y127.32 S300.00 F1000

; Pass 0 Path 7645
G0 X50.51 Y127.42
G1 X47.29 Y127.42 S300.00 F1000

; Pass 0 Path 7646
G0 X47.24 Y127.52
G1 X50.38 Y127.52 S300.00 F1000

; Pass 0 Path 7647
G0 X50.24 Y127.62
G1 X47.21 Y127.62 S300.00 F1000

; Pass 0 Path 7648
G0 X47.20 Y127.72
G1 X50.07 Y127.72 S300.00 F1000

; Pass 0 Path 7649
G0 X50.03 Y127.82
G1 X47.20 Y127.82 S300.00 F1000

; Pass 0 Path 7650
G0 X47.21 Y127.92
G1 X50.18 Y127.92 S300.00 F1000

; Pass 0 Path 7651
G0 X50.32 Y128.02
G1 X47.23 Y128.02 S300.00 F1000

; Pass 0 Path 7652
G0 X47.28 Y128.12
G1 X50.44 Y128.12 S300.00 F1000

; Pass 0 Path 7653
G0 X50.55 Y128.22
G1 X47.34 Y128.22 S300.00 F1000

; Pass 0 Path 7654
G0 X47.42 Y128.32
G1 X50.65 Y128.32 S300.00 F1000

; Pass 0 Path 7655
G0 X50.73 Y128.42
G1 X47.55 Y128.42 S300.00 F1000

; Pass 0 Path 7656
G0 X47.79 Y128.52
G1 X50.80 Y128.52 S300.00 F1000

; Pass 0 Path 7657
G0 X50.86 Y128.62
G1 X48.90 Y128.62 S300.00 F1000

; Pass 0 Path 7658
G0 X49.09 Y128.72
G1 X50.91 Y128.72 S300.00 F1000

; Pass 0 Path 7659
G0 X50.95 Y128.82
G1 X49.22 Y128.82 S300.00 F1000

; Pass 0 Path 7660
G0 X49.32 Y128.92
G1 X50.98 Y128.92 S300.00 F1000

; Pass 0 Path 7661
G0 X51.01 Y129.02
G1 X49.40 Y129.02 S300.00 F1000

; Pass 0 Path 7662
G0 X49.45 Y129.12
G1 X51.03 Y129.12 S300.00 F1000

; Pass 0 Path 7663
G0 X51.04 Y129.22
G1 X49.49 Y129.22 S300.00 F1000

; Pass 0 Path 7664
G0 X49.51 Y129.32
G1 X51.05 Y129.32 S300.00 F1000

; Pass 0 Path 7665
G0 X51.05 Y129.42
G1 X49.52 Y129.42 S300.00 F1000

; Pass 0 Path 7666
G0 X49.51 Y129.52
G1 X51.05 Y129.52 S300.00 F1000

; Pass 0 Path 7667
G0 X51.04 Y129.62
G1 X49.49 Y129.62 S300.00 F1000

; Pass 0 Path 7668
G0 X49.45 Y129.72
G1 X51.03 Y129.72 S300.00 F1000

; Pass 0 Path 7669
G0 X51.02 Y129.82
G1 X49.39 Y129.82 S300.00 F1000

; Pass 0 Path 7670
G0 X49.31 Y129.92
G1 X50.99 Y129.92 S300.00 F1000

; Pass 0 Path 7671
G0 X50.97 Y130.02
G1 X49.18 Y130.02 S300.00 F1000

; Pass 0 Path 7672
G0 X48.99 Y130.12
G1 X50.94 Y130.12 S300.00 F1000

; Pass 0 Path 7673
G0 X50.90 Y130.22
G1 X48.61 Y130.22 S300.00 F1000

; Pass 0 Path 7674
G0 X47.76 Y130.22
G1 X45.56 Y130.22 S300.00 F1000

; Pass 0 Path 7675
G0 X45.56 Y130.32
G1 X50.86 Y130.32 S300.00 F1000

; Pass 0 Path 7676
G0 X50.81 Y130.42
G1 X45.58 Y130.42 S300.00 F1000

; Pass 0 Path 7677
G0 X45.61 Y130.52
G1 X50.76 Y130.52 S300.00 F1000

; Pass 0 Path 7678
G0 X50.69 Y130.62
G1 X45.65 Y130.62 S300.00 F1000

; Pass 0 Path 7679
G0 X45.70 Y130.72
G1 X50.63 Y130.72 S300.00 F1000

; Pass 0 Path 7680
G0 X50.55 Y130.82
G1 X45.77 Y130.82 S300.00 F1000

; Pass 0 Path 7681
G0 X45.86 Y130.92
G1 X50.46 Y130.92 S300.00 F1000

; Pass 0 Path 7682
G0 X50.36 Y131.02
G1 X45.96 Y131.02 S300.00 F1000

; Pass 0 Path 7683
G0 X46.08 Y131.12
G1 X50.26 Y131.12 S300.00 F1000

; Pass 0 Path 7684
G0 X50.14 Y131.22
G1 X46.23 Y131.22 S300.00 F1000

; Pass 0 Path 7685
G0 X46.39 Y131.32
G1 X50.00 Y131.32 S300.00 F1000

; Pass 0 Path 7686
G0 X49.84 Y131.42
G1 X46.59 Y131.42 S300.00 F1000

; Pass 0 Path 7687
G0 X46.83 Y131.52
G1 X49.64 Y131.52 S300.00 F1000

; Pass 0 Path 7688
G0 X49.38 Y131.62
G1 X47.13 Y131.62 S300.00 F1000

; Pass 0 Path 7689
G0 X47.58 Y131.72
G1 X48.99 Y131.72 S300.00 F1000

; Pass 0 Path 7690
G0 X47.40 Y130.12
G1 X45.57 Y130.12 S300.00 F1000

; Pass 0 Path 7691
G0 X45.59 Y130.02
G1 X47.22 Y130.02 S300.00 F1000

; Pass 0 Path 7692
G0 X47.08 Y129.92
G1 X45.63 Y129.92 S300.00 F1000

; Pass 0 Path 7693
G0 X45.68 Y129.82
G1 X46.97 Y129.82 S300.00 F1000

; Pass 0 Path 7694
G0 X46.88 Y129.72
G1 X45.76 Y129.72 S300.00 F1000

; Pass 0 Path 7695
G0 X45.87 Y129.62
G1 X46.76 Y129.62 S300.00 F1000

; Pass 0 Path 7696
G0 X46.57 Y129.52
G1 X46.05 Y129.52 S300.00 F1000

; Pass 0 Path 7697
G0 X46.28 Y125.12
G1 X45.61 Y125.12 S300.00 F1000

; Pass 0 Path 7698
G0 X45.46 Y125.02
G1 X46.45 Y125.02 S300.00 F1000

; Pass 0 Path 7699
G0 X46.63 Y124.92
G1 X45.36 Y124.92 S300.00 F1000

; Pass 0 Path 7700
G0 X45.29 Y124.82
G1 X46.97 Y124.82 S300.00 F1000

; Pass 0 Path 7701
G0 X46.73 Y123.32
G1 X49.10 Y123.32 S300.00 F1000

; Pass 0 Path 7702
G0 X49.50 Y123.42
G1 X46.30 Y123.42 S300.00 F1000

; Pass 0 Path 7703
G0 X46.01 Y123.52
G1 X49.77 Y123.52 S300.00 F1000

; Pass 0 Path 7704
G0 X49.98 Y123.62
G1 X45.79 Y123.62 S300.00 F1000

; Pass 0 Path 7705
G0 X45.63 Y123.72
G1 X50.16 Y123.72 S300.00 F1000

; Pass 0 Path 7706
G0 X50.30 Y123.82
G1 X45.50 Y123.82 S300.00 F1000

; Pass 0 Path 7707
G0 X45.40 Y123.92
G1 X50.43 Y123.92 S300.00 F1000

; Pass 0 Path 7708
G0 X50.54 Y124.02
G1 X45.32 Y124.02 S300.00 F1000

; Pass 0 Path 7709
G0 X45.26 Y124.12
G1 X50.64 Y124.12 S300.00 F1000

; Pass 0 Path 7710
G0 X50.73 Y124.22
G1 X45.22 Y124.22 S300.00 F1000

; Pass 0 Path 7711
G0 X45.20 Y124.32
G1 X50.81 Y124.32 S300.00 F1000

; Pass 0 Path 7712
G0 X50.88 Y124.42
G1 X45.19 Y124.42 S300.00 F1000

; Pass 0 Path 7713
G0 X45.19 Y124.52
G1 X50.94 Y124.52 S300.00 F1000

; Pass 0 Path 7714
G0 X51.00 Y124.62
G1 X45.21 Y124.62 S300.00 F1000

; Pass 0 Path 7715
G0 X45.24 Y124.72
G1 X51.06 Y124.72 S300.00 F1000

; Pass 0 Path 7716
G0 X51.10 Y124.82
G1 X48.73 Y124.82 S300.00 F1000

; Pass 0 Path 7717
G0 X49.10 Y124.92
G1 X51.15 Y124.92 S300.00 F1000

; Pass 0 Path 7718
G0 X51.19 Y125.02
G1 X49.30 Y125.02 S300.00 F1000

; Pass 0 Path 7719
G0 X49.44 Y125.12
G1 X51.22 Y125.12 S300.00 F1000

; Pass 0 Path 7720
G0 X51.25 Y125.22
G1 X49.54 Y125.22 S300.00 F1000

; Pass 0 Path 7721
G0 X49.62 Y125.32
G1 X51.27 Y125.32 S300.00 F1000

; Pass 0 Path 7722
G0 X51.29 Y125.42
G1 X49.68 Y125.42 S300.00 F1000

; Pass 0 Path 7723
G0 X49.72 Y125.52
G1 X51.31 Y125.52 S300.00 F1000

; Pass 0 Path 7724
G0 X50.54 Y159.02
G1 X48.11 Y159.02 S300.00 F1000

; Pass 0 Path 7725
G0 X47.85 Y159.12
G1 X50.81 Y159.12 S300.00 F1000

; Pass 0 Path 7726
G0 X50.94 Y159.22
G1 X47.72 Y159.22 S300.00 F1000

; Pass 0 Path 7727
G0 X47.63 Y159.32
G1 X51.03 Y159.32 S300.00 F1000

; Pass 0 Path 7728
G0 X51.08 Y159.42
G1 X47.58 Y159.42 S300.00 F1000

; Pass 0 Path 7729
G0 X47.54 Y159.52
G1 X51.11 Y159.52 S300.00 F1000

; Pass 0 Path 7730
G0 X51.13 Y159.62
G1 X47.52 Y159.62 S300.00 F1000

; Pass 0 Path 7731
G0 X47.51 Y159.72
G1 X51.14 Y159.72 S300.00 F1000

; Pass 0 Path 7732
G0 X51.14 Y159.82
G1 X47.51 Y159.82 S300.00 F1000

; Pass 0 Path 7733
G0 X47.53 Y159.92
G1 X51.13 Y159.92 S300.00 F1000

; Pass 0 Path 7734
G0 X51.10 Y160.02
G1 X47.55 Y160.02 S300.00 F1000

; Pass 0 Path 7735
G0 X47.59 Y160.12
G1 X51.05 Y160.12 S300.00 F1000

; Pass 0 Path 7736
G0 X50.99 Y160.22
G1 X47.66 Y160.22 S300.00 F1000

; Pass 0 Path 7737
G0 X47.75 Y160.32
G1 X50.89 Y160.32 S300.00 F1000

; Pass 0 Path 7738
G0 X50.69 Y160.42
G1 X47.92 Y160.42 S300.00 F1000

; Pass 0 Path 7739
G0 X48.83 Y160.52
G1 X50.37 Y160.52 S300.00 F1000

; Pass 0 Path 7740
G0 X50.37 Y160.62
G1 X48.83 Y160.62 S300.00 F1000

; Pass 0 Path 7741
G0 X48.83 Y160.72
G1 X50.37 Y160.72 S300.00 F1000

; Pass 0 Path 7742
G0 X50.65 Y160.82
G1 X45.39 Y160.82 S300.00 F1000

; Pass 0 Path 7743
G0 X45.38 Y160.92
G1 X50.88 Y160.92 S300.00 F1000

; Pass 0 Path 7744
G0 X50.98 Y161.02
G1 X45.38 Y161.02 S300.00 F1000

; Pass 0 Path 7745
G0 X45.38 Y161.12
G1 X51.05 Y161.12 S300.00 F1000

; Pass 0 Path 7746
G0 X51.10 Y161.22
G1 X45.38 Y161.22 S300.00 F1000

; Pass 0 Path 7747
G0 X45.38 Y161.32
G1 X51.12 Y161.32 S300.00 F1000

; Pass 0 Path 7748
G0 X51.14 Y161.42
G1 X45.38 Y161.42 S300.00 F1000

; Pass 0 Path 7749
G0 X45.38 Y161.52
G1 X51.14 Y161.52 S300.00 F1000

; Pass 0 Path 7750
G0 X51.13 Y161.62
G1 X45.38 Y161.62 S300.00 F1000

; Pass 0 Path 7751
G0 X45.38 Y161.72
G1 X51.11 Y161.72 S300.00 F1000

; Pass 0 Path 7752
G0 X51.08 Y161.82
G1 X45.38 Y161.82 S300.00 F1000

; Pass 0 Path 7753
G0 X45.38 Y161.92
G1 X51.03 Y161.92 S300.00 F1000

; Pass 0 Path 7754
G0 X50.95 Y162.02
G1 X45.42 Y162.02 S300.00 F1000

; Pass 0 Path 7755
G0 X45.48 Y162.12
G1 X50.82 Y162.12 S300.00 F1000

; Pass 0 Path 7756
G0 X50.46 Y162.22
G1 X45.54 Y162.22 S300.00 F1000

; Pass 0 Path 7757
G0 X45.60 Y162.32
G1 X47.33 Y162.32 S300.00 F1000

; Pass 0 Path 7758
G0 X47.39 Y162.42
G1 X45.66 Y162.42 S300.00 F1000

; Pass 0 Path 7759
G0 X45.72 Y162.52
G1 X47.45 Y162.52 S300.00 F1000

; Pass 0 Path 7760
G0 X47.51 Y162.62
G1 X45.78 Y162.62 S300.00 F1000

; Pass 0 Path 7761
G0 X45.84 Y162.72
G1 X47.58 Y162.72 S300.00 F1000

; Pass 0 Path 7762
G0 X47.64 Y162.82
G1 X45.90 Y162.82 S300.00 F1000

; Pass 0 Path 7763
G0 X45.96 Y162.92
G1 X47.70 Y162.92 S300.00 F1000

; Pass 0 Path 7764
G0 X47.76 Y163.02
G1 X46.02 Y163.02 S300.00 F1000

; Pass 0 Path 7765
G0 X46.08 Y163.12
G1 X47.82 Y163.12 S300.00 F1000

; Pass 0 Path 7766
G0 X47.89 Y163.22
G1 X46.14 Y163.22 S300.00 F1000

; Pass 0 Path 7767
G0 X46.20 Y163.32
G1 X47.95 Y163.32 S300.00 F1000

; Pass 0 Path 7768
G0 X48.01 Y163.42
G1 X46.26 Y163.42 S300.00 F1000

; Pass 0 Path 7769
G0 X46.32 Y163.52
G1 X48.07 Y163.52 S300.00 F1000

; Pass 0 Path 7770
G0 X48.14 Y163.62
G1 X46.38 Y163.62 S300.00 F1000

; Pass 0 Path 7771
G0 X46.44 Y163.72
G1 X48.20 Y163.72 S300.00 F1000

; Pass 0 Path 7772
G0 X48.26 Y163.82
G1 X46.50 Y163.82 S300.00 F1000

; Pass 0 Path 7773
G0 X46.56 Y163.92
G1 X48.32 Y163.92 S300.00 F1000

; Pass 0 Path 7774
G0 X48.38 Y164.02
G1 X46.62 Y164.02 S300.00 F1000

; Pass 0 Path 7775
G0 X46.68 Y164.12
G1 X48.45 Y164.12 S300.00 F1000

; Pass 0 Path 7776
G0 X48.51 Y164.22
G1 X46.74 Y164.22 S300.00 F1000

; Pass 0 Path 7777
G0 X46.80 Y164.32
G1 X48.57 Y164.32 S300.00 F1000

; Pass 0 Path 7778
G0 X48.63 Y164.42
G1 X46.86 Y164.42 S300.00 F1000

; Pass 0 Path 7779
G0 X46.92 Y164.52
G1 X48.69 Y164.52 S300.00 F1000

; Pass 0 Path 7780
G0 X48.76 Y164.62
G1 X46.98 Y164.62 S300.00 F1000

; Pass 0 Path 7781
G0 X47.04 Y164.72
G1 X48.82 Y164.72 S300.00 F1000

; Pass 0 Path 7782
G0 X48.83 Y164.72
G1 X50.37 Y164.72 S300.00 F1000

; Pass 0 Path 7783
G0 X50.37 Y164.62
G1 X48.83 Y164.62 S300.00 F1000

; Pass 0 Path 7784
G0 X48.83 Y164.52
G1 X50.37 Y164.52 S300.00 F1000

; Pass 0 Path 7785
G0 X50.37 Y164.42
G1 X48.83 Y164.42 S300.00 F1000

; Pass 0 Path 7786
G0 X48.83 Y164.32
G1 X50.37 Y164.32 S300.00 F1000

; Pass 0 Path 7787
G0 X50.37 Y164.22
G1 X48.83 Y164.22 S300.00 F1000

; Pass 0 Path 7788
G0 X48.83 Y164.12
G1 X50.37 Y164.12 S300.00 F1000

; Pass 0 Path 7789
G0 X50.37 Y164.02
G1 X48.83 Y164.02 S300.00 F1000

; Pass 0 Path 7790
G0 X48.83 Y163.92
G1 X50.37 Y163.92 S300.00 F1000

; Pass 0 Path 7791
G0 X50.37 Y163.82
G1 X48.83 Y163.82 S300.00 F1000

; Pass 0 Path 7792
G0 X48.83 Y163.72
G1 X50.37 Y163.72 S300.00 F1000

; Pass 0 Path 7793
G0 X50.37 Y163.62
G1 X48.83 Y163.62 S300.00 F1000

; Pass 0 Path 7794
G0 X48.83 Y163.52
G1 X50.37 Y163.52 S300.00 F1000

; Pass 0 Path 7795
G0 X50.37 Y163.42
G1 X48.83 Y163.42 S300.00 F1000

; Pass 0 Path 7796
G0 X48.83 Y163.32
G1 X50.37 Y163.32 S300.00 F1000

; Pass 0 Path 7797
G0 X50.37 Y163.22
G1 X48.83 Y163.22 S300.00 F1000

; Pass 0 Path 7798
G0 X48.83 Y163.12
G1 X50.37 Y163.12 S300.00 F1000

; Pass 0 Path 7799
G0 X50.37 Y163.02
G1 X48.83 Y163.02 S300.00 F1000

; Pass 0 Path 7800
G0 X48.83 Y162.92
G1 X50.37 Y162.92 S300.00 F1000

; Pass 0 Path 7801
G0 X50.37 Y162.82
G1 X48.83 Y162.82 S300.00 F1000

; Pass 0 Path 7802
G0 X48.83 Y162.72
G1 X50.37 Y162.72 S300.00 F1000

; Pass 0 Path 7803
G0 X50.37 Y162.62
G1 X48.83 Y162.62 S300.00 F1000

; Pass 0 Path 7804
G0 X48.83 Y162.52
G1 X50.37 Y162.52 S300.00 F1000

; Pass 0 Path 7805
G0 X50.37 Y162.42
G1 X48.83 Y162.42 S300.00 F1000

; Pass 0 Path 7806
G0 X48.83 Y162.32
G1 X50.37 Y162.32 S300.00 F1000

; Pass 0 Path 7807
G0 X50.37 Y164.82
G1 X47.10 Y164.82 S300.00 F1000

; Pass 0 Path 7808
G0 X47.16 Y164.92
G1 X50.37 Y164.92 S300.00 F1000

; Pass 0 Path 7809
G0 X50.37 Y165.02
G1 X47.22 Y165.02 S300.00 F1000

; Pass 0 Path 7810
G0 X47.28 Y165.12
G1 X50.37 Y165.12 S300.00 F1000

; Pass 0 Path 7811
G0 X50.37 Y165.22
G1 X47.34 Y165.22 S300.00 F1000

; Pass 0 Path 7812
G0 X47.40 Y165.32
G1 X50.37 Y165.32 S300.00 F1000

; Pass 0 Path 7813
G0 X50.37 Y165.42
G1 X47.46 Y165.42 S300.00 F1000

; Pass 0 Path 7814
G0 X47.52 Y165.52
G1 X50.37 Y165.52 S300.00 F1000

; Pass 0 Path 7815
G0 X50.37 Y165.62
G1 X47.58 Y165.62 S300.00 F1000

; Pass 0 Path 7816
G0 X47.64 Y165.72
G1 X50.37 Y165.72 S300.00 F1000

; Pass 0 Path 7817
G0 X50.37 Y165.82
G1 X47.70 Y165.82 S300.00 F1000

; Pass 0 Path 7818
G0 X47.76 Y165.92
G1 X50.37 Y165.92 S300.00 F1000

; Pass 0 Path 7819
G0 X50.37 Y166.02
G1 X47.82 Y166.02 S300.00 F1000

; Pass 0 Path 7820
G0 X47.88 Y166.12
G1 X50.37 Y166.12 S300.00 F1000

; Pass 0 Path 7821
G0 X50.37 Y166.22
G1 X47.94 Y166.22 S300.00 F1000

; Pass 0 Path 7822
G0 X48.00 Y166.32
G1 X50.37 Y166.32 S300.00 F1000

; Pass 0 Path 7823
G0 X50.37 Y166.42
G1 X48.06 Y166.42 S300.00 F1000

; Pass 0 Path 7824
G0 X48.12 Y166.52
G1 X50.37 Y166.52 S300.00 F1000

; Pass 0 Path 7825
G0 X50.37 Y166.62
G1 X48.18 Y166.62 S300.00 F1000

; Pass 0 Path 7826
G0 X48.24 Y166.72
G1 X50.37 Y166.72 S300.00 F1000

; Pass 0 Path 7827
G0 X50.37 Y166.82
G1 X48.30 Y166.82 S300.00 F1000

; Pass 0 Path 7828
G0 X48.36 Y166.92
G1 X50.37 Y166.92 S300.00 F1000

; Pass 0 Path 7829
G0 X50.37 Y167.02
G1 X48.42 Y167.02 S300.00 F1000

; Pass 0 Path 7830
G0 X48.50 Y167.12
G1 X50.31 Y167.12 S300.00 F1000

; Pass 0 Path 7831
G0 X68.42 Y165.82
G1 X73.74 Y165.82 S300.00 F1000

; Pass 0 Path 7832
G0 X73.78 Y165.72
G1 X71.74 Y165.72 S300.00 F1000

; Pass 0 Path 7833
G0 X71.98 Y165.62
G1 X73.82 Y165.62 S300.00 F1000

; Pass 0 Path 7834
G0 X73.85 Y165.52
G1 X72.12 Y165.52 S300.00 F1000

; Pass 0 Path 7835
G0 X72.22 Y165.42
G1 X73.87 Y165.42 S300.00 F1000

; Pass 0 Path 7836
G0 X73.89 Y165.32
G1 X72.29 Y165.32 S300.00 F1000

; Pass 0 Path 7837
G0 X72.34 Y165.22
G1 X73.90 Y165.22 S300.00 F1000

; Pass 0 Path 7838
G0 X73.91 Y165.12
G1 X72.36 Y165.12 S300.00 F1000

; Pass 0 Path 7839
G0 X72.38 Y165.02
G1 X73.91 Y165.02 S300.00 F1000

; Pass 0 Path 7840
G0 X73.91 Y164.92
G1 X72.38 Y164.92 S300.00 F1000

; Pass 0 Path 7841
G0 X72.36 Y164.82
G1 X73.90 Y164.82 S300.00 F1000

; Pass 0 Path 7842
G0 X73.89 Y164.72
G1 X72.33 Y164.72 S300.00 F1000

; Pass 0 Path 7843
G0 X72.28 Y164.62
G1 X73.88 Y164.62 S300.00 F1000

; Pass 0 Path 7844
G0 X73.85 Y164.52
G1 X72.21 Y164.52 S300.00 F1000

; Pass 0 Path 7845
G0 X72.13 Y164.42
G1 X73.82 Y164.42 S300.00 F1000

; Pass 0 Path 7846
G0 X73.79 Y164.32
G1 X72.01 Y164.32 S300.00 F1000

; Pass 0 Path 7847
G0 X71.85 Y164.22
G1 X73.74 Y164.22 S300.00 F1000

; Pass 0 Path 7848
G0 X73.69 Y164.12
G1 X71.54 Y164.12 S300.00 F1000

; Pass 0 Path 7849
G0 X70.48 Y164.02
G1 X73.62 Y164.02 S300.00 F1000

; Pass 0 Path 7850
G0 X73.55 Y163.92
G1 X70.33 Y163.92 S300.00 F1000

; Pass 0 Path 7851
G0 X70.23 Y163.82
G1 X73.45 Y163.82 S300.00 F1000

; Pass 0 Path 7852
G0 X73.35 Y163.72
G1 X70.16 Y163.72 S300.00 F1000

; Pass 0 Path 7853
G0 X70.11 Y163.62
G1 X73.23 Y163.62 S300.00 F1000

; Pass 0 Path 7854
G0 X73.09 Y163.52
G1 X70.08 Y163.52 S300.00 F1000

; Pass 0 Path 7855
G0 X70.06 Y163.42
G1 X72.95 Y163.42 S300.00 F1000

; Pass 0 Path 7856
G0 X72.87 Y163.32
G1 X70.06 Y163.32 S300.00 F1000

; Pass 0 Path 7857
G0 X70.06 Y163.22
G1 X73.04 Y163.22 S300.00 F1000

; Pass 0 Path 7858
G0 X73.19 Y163.12
G1 X70.09 Y163.12 S300.00 F1000

; Pass 0 Path 7859
G0 X70.13 Y163.02
G1 X73.32 Y163.02 S300.00 F1000

; Pass 0 Path 7860
G0 X73.45 Y162.92
G1 X70.19 Y162.92 S300.00 F1000

; Pass 0 Path 7861
G0 X70.28 Y162.82
G1 X73.56 Y162.82 S300.00 F1000

; Pass 0 Path 7862
G0 X73.66 Y162.72
G1 X70.43 Y162.72 S300.00 F1000

; Pass 0 Path 7863
G0 X70.87 Y162.62
G1 X73.75 Y162.62 S300.00 F1000

; Pass 0 Path 7864
G0 X73.82 Y162.52
G1 X71.63 Y162.52 S300.00 F1000

; Pass 0 Path 7865
G0 X71.88 Y162.42
G1 X73.89 Y162.42 S300.00 F1000

; Pass 0 Path 7866
G0 X73.96 Y162.32
G1 X72.06 Y162.32 S300.00 F1000

; Pass 0 Path 7867
G0 X72.21 Y162.22
G1 X74.01 Y162.22 S300.00 F1000

; Pass 0 Path 7868
G0 X74.05 Y162.12
G1 X72.33 Y162.12 S300.00 F1000

; Pass 0 Path 7869
G0 X72.42 Y162.02
G1 X74.09 Y162.02 S300.00 F1000

; Pass 0 Path 7870
G0 X74.12 Y161.92
G1 X72.50 Y161.92 S300.00 F1000

; Pass 0 Path 7871
G0 X72.56 Y161.82
G1 X74.15 Y161.82 S300.00 F1000

; Pass 0 Path 7872
G0 X74.17 Y161.72
G1 X72.60 Y161.72 S300.00 F1000

; Pass 0 Path 7873
G0 X72.63 Y161.62
G1 X74.18 Y161.62 S300.00 F1000

; Pass 0 Path 7874
G0 X74.19 Y161.52
G1 X72.65 Y161.52 S300.00 F1000

; Pass 0 Path 7875
G0 X72.66 Y161.42
G1 X74.19 Y161.42 S300.00 F1000

; Pass 0 Path 7876
G0 X74.19 Y161.32
G1 X72.65 Y161.32 S300.00 F1000

; Pass 0 Path 7877
G0 X72.63 Y161.22
G1 X74.18 Y161.22 S300.00 F1000

; Pass 0 Path 7878
G0 X74.17 Y161.12
G1 X72.60 Y161.12 S300.00 F1000

; Pass 0 Path 7879
G0 X72.56 Y161.02
G1 X74.16 Y161.02 S300.00 F1000

; Pass 0 Path 7880
G0 X74.14 Y160.92
G1 X72.51 Y160.92 S300.00 F1000

; Pass 0 Path 7881
G0 X72.44 Y160.82
G1 X74.12 Y160.82 S300.00 F1000

; Pass 0 Path 7882
G0 X74.09 Y160.72
G1 X72.35 Y160.72 S300.00 F1000

; Pass 0 Path 7883
G0 X72.22 Y160.62
G1 X74.06 Y160.62 S300.00 F1000

; Pass 0 Path 7884
G0 X74.02 Y160.52
G1 X72.05 Y160.52 S300.00 F1000

; Pass 0 Path 7885
G0 X71.77 Y160.42
G1 X73.98 Y160.42 S300.00 F1000

; Pass 0 Path 7886
G0 X73.94 Y160.32
G1 X70.90 Y160.32 S300.00 F1000

; Pass 0 Path 7887
G0 X70.56 Y160.32
G1 X68.12 Y160.32 S300.00 F1000

; Pass 0 Path 7888
G0 X68.08 Y160.22
G1 X73.88 Y160.22 S300.00 F1000

; Pass 0 Path 7889
G0 X73.83 Y160.12
G1 X68.06 Y160.12 S300.00 F1000

; Pass 0 Path 7890
G0 X68.05 Y160.02
G1 X73.76 Y160.02 S300.00 F1000

; Pass 0 Path 7891
G0 X73.69 Y159.92
G1 X68.05 Y159.92 S300.00 F1000

; Pass 0 Path 7892
G0 X68.07 Y159.82
G1 X73.62 Y159.82 S300.00 F1000

; Pass 0 Path 7893
G0 X73.53 Y159.72
G1 X68.10 Y159.72 S300.00 F1000

; Pass 0 Path 7894
G0 X68.15 Y159.62
G1 X73.44 Y159.62 S300.00 F1000

; Pass 0 Path 7895
G0 X73.33 Y159.52
G1 X68.22 Y159.52 S300.00 F1000

; Pass 0 Path 7896
G0 X68.31 Y159.42
G1 X73.21 Y159.42 S300.00 F1000

; Pass 0 Path 7897
G0 X73.07 Y159.32
G1 X68.43 Y159.32 S300.00 F1000

; Pass 0 Path 7898
G0 X68.58 Y159.22
G1 X72.91 Y159.22 S300.00 F1000

; Pass 0 Path 7899
G0 X72.72 Y159.12
G1 X68.78 Y159.12 S300.00 F1000

; Pass 0 Path 7900
G0 X69.04 Y159.02
G1 X72.48 Y159.02 S300.00 F1000

; Pass 0 Path 7901
G0 X72.14 Y158.92
G1 X69.40 Y158.92 S300.00 F1000

; Pass 0 Path 7902
G0 X70.04 Y158.82
G1 X71.54 Y158.82 S300.00 F1000

; Pass 0 Path 7903
G0 X69.66 Y160.42
G1 X68.17 Y160.42 S300.00 F1000

; Pass 0 Path 7904
G0 X68.25 Y160.52
G1 X69.41 Y160.52 S300.00 F1000

; Pass 0 Path 7905
G0 X69.25 Y160.62
G1 X68.37 Y160.62 S300.00 F1000

; Pass 0 Path 7906
G0 X68.56 Y160.72
G1 X69.06 Y160.72 S300.00 F1000

; Pass 0 Path 7907
G0 X68.82 Y165.12
G1 X69.53 Y165.12 S300.00 F1000

; Pass 0 Path 7908
G0 X69.68 Y165.22
G1 X68.68 Y165.22 S300.00 F1000

; Pass 0 Path 7909
G0 X68.58 Y165.32
G1 X69.78 Y165.32 S300.00 F1000

; Pass 0 Path 7910
G0 X69.88 Y165.42
G1 X68.52 Y165.42 S300.00 F1000

; Pass 0 Path 7911
G0 X68.47 Y165.52
G1 X69.99 Y165.52 S300.00 F1000

; Pass 0 Path 7912
G0 X70.14 Y165.62
G1 X68.44 Y165.62 S300.00 F1000

; Pass 0 Path 7913
G0 X68.42 Y165.72
G1 X70.36 Y165.72 S300.00 F1000

; Pass 0 Path 7914
G0 X69.80 Y167.12
G1 X72.41 Y167.12 S300.00 F1000

; Pass 0 Path 7915
G0 X72.63 Y167.02
G1 X69.54 Y167.02 S300.00 F1000

; Pass 0 Path 7916
G0 X69.32 Y166.92
G1 X72.80 Y166.92 S300.00 F1000

; Pass 0 Path 7917
G0 X72.95 Y166.82
G1 X69.15 Y166.82 S300.00 F1000

; Pass 0 Path 7918
G0 X69.00 Y166.72
G1 X73.08 Y166.72 S300.00 F1000

; Pass 0 Path 7919
G0 X73.19 Y166.62
G1 X68.87 Y166.62 S300.00 F1000

; Pass 0 Path 7920
G0 X68.76 Y166.52
G1 X73.29 Y166.52 S300.00 F1000

; Pass 0 Path 7921
G0 X73.38 Y166.42
G1 X68.67 Y166.42 S300.00 F1000

; Pass 0 Path 7922
G0 X68.59 Y166.32
G1 X73.46 Y166.32 S300.00 F1000

; Pass 0 Path 7923
G0 X73.53 Y166.22
G1 X68.53 Y166.22 S300.00 F1000

; Pass 0 Path 7924
G0 X68.48 Y166.12
G1 X73.59 Y166.12 S300.00 F1000

; Pass 0 Path 7925
G0 X73.65 Y166.02
G1 X68.45 Y166.02 S300.00 F1000

; Pass 0 Path 7926
G0 X68.42 Y165.92
G1 X73.70 Y165.92 S300.00 F1000

; Pass 0 Path 7927
G0 X72.12 Y167.22
G1 X70.14 Y167.22 S300.00 F1000

; Pass 0 Path 7928
G0 X70.73 Y167.32
G1 X71.59 Y167.32 S300.00 F1000

; Pass 0 Path 7929
G0 X83.32 Y167.32
G1 X84.32 Y167.32 S300.00 F1000

; Pass 0 Path 7930
G0 X84.32 Y167.22
G1 X83.32 Y167.22 S300.00 F1000

; Pass 0 Path 7931
G0 X83.32 Y167.12
G1 X84.32 Y167.12 S300.00 F1000

; Pass 0 Path 7932
G0 X84.32 Y167.02
G1 X83.32 Y167.02 S300.00 F1000

; Pass 0 Path 7933
G0 X83.32 Y166.92
G1 X84.32 Y166.92 S300.00 F1000

; Pass 0 Path 7934
G0 X84.32 Y166.82
G1 X83.32 Y166.82 S300.00 F1000

; Pass 0 Path 7935
G0 X83.32 Y166.72
G1 X84.32 Y166.72 S300.00 F1000

; Pass 0 Path 7936
G0 X84.32 Y166.62
G1 X83.32 Y166.62 S300.00 F1000

; Pass 0 Path 7937
G0 X83.32 Y166.52
G1 X84.32 Y166.52 S300.00 F1000

; Pass 0 Path 7938
G0 X84.32 Y166.42
G1 X83.32 Y166.42 S300.00 F1000

; Pass 0 Path 7939
G0 X83.32 Y166.32
G1 X84.32 Y166.32 S300.00 F1000

; Pass 0 Path 7940
G0 X84.32 Y166.22
G1 X83.32 Y166.22 S300.00 F1000

; Pass 0 Path 7941
G0 X83.32 Y166.12
G1 X84.32 Y166.12 S300.00 F1000

; Pass 0 Path 7942
G0 X84.32 Y166.02
G1 X83.32 Y166.02 S300.00 F1000

; Pass 0 Path 7943
G0 X83.32 Y165.92
G1 X84.32 Y165.92 S300.00 F1000

; Pass 0 Path 7944
G0 X84.32 Y165.82
G1 X83.32 Y165.82 S300.00 F1000

; Pass 0 Path 7945
G0 X83.32 Y165.72
G1 X84.32 Y165.72 S300.00 F1000

; Pass 0 Path 7946
G0 X84.32 Y165.62
G1 X83.32 Y165.62 S300.00 F1000

; Pass 0 Path 7947
G0 X83.32 Y165.52
G1 X84.32 Y165.52 S300.00 F1000

; Pass 0 Path 7948
G0 X84.32 Y165.42
G1 X83.32 Y165.42 S300.00 F1000

; Pass 0 Path 7949
G0 X83.32 Y165.32
G1 X84.32 Y165.32 S300.00 F1000

; Pass 0 Path 7950
G0 X84.32 Y165.22
G1 X83.32 Y165.22 S300.00 F1000

; Pass 0 Path 7951
G0 X83.32 Y165.12
G1 X84.32 Y165.12 S300.00 F1000

; Pass 0 Path 7952
G0 X84.32 Y165.02
G1 X83.32 Y165.02 S300.00 F1000

; Pass 0 Path 7953
G0 X83.32 Y164.92
G1 X84.32 Y164.92 S300.00 F1000

; Pass 0 Path 7954
G0 X84.32 Y164.82
G1 X83.32 Y164.82 S300.00 F1000

; Pass 0 Path 7955
G0 X83.32 Y164.72
G1 X84.32 Y164.72 S300.00 F1000

; Pass 0 Path 7956
G0 X84.32 Y164.62
G1 X83.32 Y164.62 S300.00 F1000

; Pass 0 Path 7957
G0 X83.32 Y164.52
G1 X84.32 Y164.52 S300.00 F1000

; Pass 0 Path 7958
G0 X84.32 Y164.42
G1 X83.32 Y164.42 S300.00 F1000

; Pass 0 Path 7959
G0 X83.32 Y164.32
G1 X84.32 Y164.32 S300.00 F1000

; Pass 0 Path 7960
G0 X84.32 Y164.22
G1 X83.32 Y164.22 S300.00 F1000

; Pass 0 Path 7961
G0 X83.32 Y164.12
G1 X84.32 Y164.12 S300.00 F1000

; Pass 0 Path 7962
G0 X84.32 Y164.02
G1 X83.32 Y164.02 S300.00 F1000

; Pass 0 Path 7963
G0 X83.32 Y163.92
G1 X84.32 Y163.92 S300.00 F1000

; Pass 0 Path 7964
G0 X84.32 Y163.82
G1 X83.32 Y163.82 S300.00 F1000

; Pass 0 Path 7965
G0 X83.32 Y163.72
G1 X84.32 Y163.72 S300.00 F1000

; Pass 0 Path 7966
G0 X84.32 Y163.62
G1 X83.32 Y163.62 S300.00 F1000

; Pass 0 Path 7967
G0 X83.32 Y163.52
G1 X84.32 Y163.52 S300.00 F1000

; Pass 0 Path 7968
G0 X84.32 Y163.42
G1 X83.32 Y163.42 S300.00 F1000

; Pass 0 Path 7969
G0 X83.32 Y163.32
G1 X84.32 Y163.32 S300.00 F1000

; Pass 0 Path 7970
G0 X84.32 Y163.22
G1 X83.32 Y163.22 S300.00 F1000

; Pass 0 Path 7971
G0 X83.32 Y163.12
G1 X84.32 Y163.12 S300.00 F1000

; Pass 0 Path 7972
G0 X84.32 Y163.02
G1 X83.32 Y163.02 S300.00 F1000

; Pass 0 Path 7973
G0 X83.32 Y162.92
G1 X84.32 Y162.92 S300.00 F1000

; Pass 0 Path 7974
G0 X84.32 Y162.82
G1 X83.32 Y162.82 S300.00 F1000

; Pass 0 Path 7975
G0 X83.32 Y162.72
G1 X84.32 Y162.72 S300.00 F1000

; Pass 0 Path 7976
G0 X84.32 Y162.62
G1 X83.32 Y162.62 S300.00 F1000

; Pass 0 Path 7977
G0 X83.32 Y162.52
G1 X84.32 Y162.52 S300.00 F1000

; Pass 0 Path 7978
G0 X84.32 Y162.42
G1 X83.32 Y162.42 S300.00 F1000

; Pass 0 Path 7979
G0 X83.32 Y162.32
G1 X84.32 Y162.32 S300.00 F1000

; Pass 0 Path 7980
G0 X84.32 Y162.22
G1 X83.32 Y162.22 S300.00 F1000

; Pass 0 Path 7981
G0 X83.32 Y162.12
G1 X84.32 Y162.12 S300.00 F1000

; Pass 0 Path 7982
G0 X84.32 Y162.02
G1 X83.32 Y162.02 S300.00 F1000

; Pass 0 Path 7983
G0 X83.32 Y161.92
G1 X84.32 Y161.92 S300.00 F1000

; Pass 0 Path 7984
G0 X84.32 Y161.82
G1 X83.32 Y161.82 S300.00 F1000

; Pass 0 Path 7985
G0 X83.32 Y161.72
G1 X84.32 Y161.72 S300.00 F1000

; Pass 0 Path 7986
G0 X84.32 Y161.62
G1 X83.32 Y161.62 S300.00 F1000

; Pass 0 Path 7987
G0 X83.32 Y161.52
G1 X84.32 Y161.52 S300.00 F1000

; Pass 0 Path 7988
G0 X84.32 Y161.42
G1 X83.32 Y161.42 S300.00 F1000

; Pass 0 Path 7989
G0 X83.32 Y161.32
G1 X84.32 Y161.32 S300.00 F1000

; Pass 0 Path 7990
G0 X84.32 Y161.22
G1 X83.32 Y161.22 S300.00 F1000

; Pass 0 Path 7991
G0 X83.32 Y161.12
G1 X84.32 Y161.12 S300.00 F1000

; Pass 0 Path 7992
G0 X84.32 Y161.02
G1 X83.32 Y161.02 S300.00 F1000

; Pass 0 Path 7993
G0 X83.32 Y160.92
G1 X84.32 Y160.92 S300.00 F1000

; Pass 0 Path 7994
G0 X84.32 Y160.82
G1 X83.32 Y160.82 S300.00 F1000

; Pass 0 Path 7995
G0 X83.32 Y160.72
G1 X84.32 Y160.72 S300.00 F1000

; Pass 0 Path 7996
G0 X84.32 Y160.62
G1 X83.32 Y160.62 S300.00 F1000

; Pass 0 Path 7997
G0 X83.32 Y160.52
G1 X84.32 Y160.52 S300.00 F1000

; Pass 0 Path 7998
G0 X84.32 Y160.42
G1 X83.32 Y160.42 S300.00 F1000

; Pass 0 Path 7999
G0 X83.32 Y160.32
G1 X84.32 Y160.32 S300.00 F1000

; Pass 0 Path 8000
G0 X84.32 Y160.22
G1 X83.32 Y160.22 S300.00 F1000

; Pass 0 Path 8001
G0 X83.32 Y160.12
G1 X84.32 Y160.12 S300.00 F1000

; Pass 0 Path 8002
G0 X84.32 Y160.02
G1 X83.32 Y160.02 S300.00 F1000

; Pass 0 Path 8003
G0 X83.32 Y159.92
G1 X84.32 Y159.92 S300.00 F1000

; Pass 0 Path 8004
G0 X84.32 Y159.82
G1 X83.32 Y159.82 S300.00 F1000

; Pass 0 Path 8005
G0 X83.32 Y159.72
G1 X84.32 Y159.72 S300.00 F1000

; Pass 0 Path 8006
G0 X84.32 Y159.62
G1 X83.32 Y159.62 S300.00 F1000

; Pass 0 Path 8007
G0 X83.32 Y159.52
G1 X84.32 Y159.52 S300.00 F1000

; Pass 0 Path 8008
G0 X84.32 Y159.42
G1 X83.32 Y159.42 S300.00 F1000

; Pass 0 Path 8009
G0 X83.32 Y159.32
G1 X84.32 Y159.32 S300.00 F1000

; Pass 0 Path 8010
G0 X84.32 Y159.22
G1 X83.32 Y159.22 S300.00 F1000

; Pass 0 Path 8011
G0 X83.32 Y159.12
G1 X84.32 Y159.12 S300.00 F1000

; Pass 0 Path 8012
G0 X84.32 Y159.02
G1 X83.32 Y159.02 S300.00 F1000

; Pass 0 Path 8013
G0 X83.32 Y158.92
G1 X84.32 Y158.92 S300.00 F1000

; Pass 0 Path 8014
G0 X84.32 Y158.82
G1 X83.32 Y158.82 S300.00 F1000

; Pass 0 Path 8015
G0 X83.32 Y158.72
G1 X84.32 Y158.72 S300.00 F1000

; Pass 0 Path 8016
G0 X84.32 Y158.62
G1 X83.32 Y158.62 S300.00 F1000

; Pass 0 Path 8017
G0 X83.32 Y158.52
G1 X84.32 Y158.52 S300.00 F1000

; Pass 0 Path 8018
G0 X84.32 Y158.42
G1 X83.32 Y158.42 S300.00 F1000

; Pass 0 Path 8019
G0 X83.32 Y158.32
G1 X84.32 Y158.32 S300.00 F1000

; Pass 0 Path 8020
G0 X84.32 Y158.22
G1 X83.32 Y158.22 S300.00 F1000

; Pass 0 Path 8021
G0 X83.32 Y158.12
G1 X84.32 Y158.12 S300.00 F1000

; Pass 0 Path 8022
G0 X84.32 Y158.02
G1 X83.32 Y158.02 S300.00 F1000

; Pass 0 Path 8023
G0 X83.32 Y157.92
G1 X84.32 Y157.92 S300.00 F1000

; Pass 0 Path 8024
G0 X84.32 Y157.82
G1 X83.32 Y157.82 S300.00 F1000

; Pass 0 Path 8025
G0 X83.32 Y157.72
G1 X84.32 Y157.72 S300.00 F1000

; Pass 0 Path 8026
G0 X84.32 Y157.62
G1 X83.32 Y157.62 S300.00 F1000

; Pass 0 Path 8027
G0 X83.32 Y157.52
G1 X84.32 Y157.52 S300.00 F1000

; Pass 0 Path 8028
G0 X84.32 Y157.42
G1 X83.32 Y157.42 S300.00 F1000

; Pass 0 Path 8029
G0 X83.32 Y157.32
G1 X84.32 Y157.32 S300.00 F1000

; Pass 0 Path 8030
G0 X84.32 Y157.22
G1 X83.32 Y157.22 S300.00 F1000

; Pass 0 Path 8031
G0 X83.32 Y157.12
G1 X84.32 Y157.12 S300.00 F1000

; Pass 0 Path 8032
G0 X84.32 Y157.02
G1 X83.32 Y157.02 S300.00 F1000

; Pass 0 Path 8033
G0 X83.32 Y156.92
G1 X84.32 Y156.92 S300.00 F1000

; Pass 0 Path 8034
G0 X84.32 Y156.82
G1 X83.32 Y156.82 S300.00 F1000

; Pass 0 Path 8035
G0 X83.32 Y156.72
G1 X84.32 Y156.72 S300.00 F1000

; Pass 0 Path 8036
G0 X84.32 Y156.62
G1 X83.32 Y156.62 S300.00 F1000

; Pass 0 Path 8037
G0 X83.32 Y156.52
G1 X84.32 Y156.52 S300.00 F1000

; Pass 0 Path 8038
G0 X84.32 Y156.42
G1 X83.32 Y156.42 S300.00 F1000

; Pass 0 Path 8039
G0 X83.32 Y156.32
G1 X84.32 Y156.32 S300.00 F1000

; Pass 0 Path 8040
G0 X84.32 Y156.22
G1 X83.32 Y156.22 S300.00 F1000

; Pass 0 Path 8041
G0 X83.32 Y156.12
G1 X84.32 Y156.12 S300.00 F1000

; Pass 0 Path 8042
G0 X84.32 Y156.02
G1 X83.32 Y156.02 S300.00 F1000

; Pass 0 Path 8043
G0 X83.32 Y155.92
G1 X84.32 Y155.92 S300.00 F1000

; Pass 0 Path 8044
G0 X84.32 Y155.82
G1 X83.32 Y155.82 S300.00 F1000

; Pass 0 Path 8045
G0 X83.32 Y155.72
G1 X84.32 Y155.72 S300.00 F1000

; Pass 0 Path 8046
G0 X84.32 Y155.62
G1 X83.32 Y155.62 S300.00 F1000

; Pass 0 Path 8047
G0 X83.32 Y155.52
G1 X84.32 Y155.52 S300.00 F1000

; Pass 0 Path 8048
G0 X84.32 Y155.42
G1 X83.32 Y155.42 S300.00 F1000

; Pass 0 Path 8049
G0 X83.32 Y155.32
G1 X84.32 Y155.32 S300.00 F1000

; Pass 0 Path 8050
G0 X84.33 Y155.22
G1 X83.33 Y155.22 S300.00 F1000

; Pass 0 Path 8051
G0 X83.34 Y155.12
G1 X84.35 Y155.12 S300.00 F1000

; Pass 0 Path 8052
G0 X84.36 Y155.02
G1 X83.35 Y155.02 S300.00 F1000

; Pass 0 Path 8053
G0 X83.37 Y154.92
G1 X84.39 Y154.92 S300.00 F1000

; Pass 0 Path 8054
G0 X84.41 Y154.82
G1 X83.38 Y154.82 S300.00 F1000

; Pass 0 Path 8055
G0 X83.41 Y154.72
G1 X84.45 Y154.72 S300.00 F1000

; Pass 0 Path 8056
G0 X84.49 Y154.62
G1 X83.43 Y154.62 S300.00 F1000

; Pass 0 Path 8057
G0 X83.46 Y154.52
G1 X84.54 Y154.52 S300.00 F1000

; Pass 0 Path 8058
G0 X84.59 Y154.42
G1 X83.50 Y154.42 S300.00 F1000

; Pass 0 Path 8059
G0 X83.54 Y154.32
G1 X84.65 Y154.32 S300.00 F1000

; Pass 0 Path 8060
G0 X84.72 Y154.22
G1 X83.58 Y154.22 S300.00 F1000

; Pass 0 Path 8061
G0 X83.62 Y154.12
G1 X84.80 Y154.12 S300.00 F1000

; Pass 0 Path 8062
G0 X84.89 Y154.02
G1 X83.68 Y154.02 S300.00 F1000

; Pass 0 Path 8063
G0 X83.73 Y153.92
G1 X84.99 Y153.92 S300.00 F1000

; Pass 0 Path 8064
G0 X85.11 Y153.82
G1 X83.79 Y153.82 S300.00 F1000

; Pass 0 Path 8065
G0 X83.86 Y153.72
G1 X85.26 Y153.72 S300.00 F1000

; Pass 0 Path 8066
G0 X85.44 Y153.62
G1 X83.93 Y153.62 S300.00 F1000

; Pass 0 Path 8067
G0 X84.01 Y153.52
G1 X85.67 Y153.52 S300.00 F1000

; Pass 0 Path 8068
G0 X86.10 Y153.42
G1 X84.09 Y153.42 S300.00 F1000

; Pass 0 Path 8069
G0 X84.19 Y153.32
G1 X94.26 Y153.32 S300.00 F1000

; Pass 0 Path 8070
G0 X94.37 Y153.22
G1 X84.29 Y153.22 S300.00 F1000

; Pass 0 Path 8071
G0 X84.40 Y153.12
G1 X94.43 Y153.12 S300.00 F1000

; Pass 0 Path 8072
G0 X94.47 Y153.02
G1 X84.53 Y153.02 S300.00 F1000

; Pass 0 Path 8073
G0 X84.67 Y152.92
G1 X94.48 Y152.92 S300.00 F1000

; Pass 0 Path 8074
G0 X94.48 Y152.82
G1 X84.83 Y152.82 S300.00 F1000

; Pass 0 Path 8075
G0 X85.01 Y152.72
G1 X94.48 Y152.72 S300.00 F1000

; Pass 0 Path 8076
G0 X94.48 Y152.62
G1 X85.23 Y152.62 S300.00 F1000

; Pass 0 Path 8077
G0 X85.53 Y152.52
G1 X94.48 Y152.52 S300.00 F1000

; Pass 0 Path 8078
G0 X94.48 Y152.42
G1 X86.05 Y152.42 S300.00 F1000

; Pass 0 Path 8079
G0 X92.07 Y148.42
G1 X93.78 Y148.42 S300.00 F1000

; Pass 0 Path 8080
G0 X93.86 Y148.52
G1 X92.32 Y148.52 S300.00 F1000

; Pass 0 Path 8081
G0 X92.51 Y148.62
G1 X93.93 Y148.62 S300.00 F1000

; Pass 0 Path 8082
G0 X94.00 Y148.72
G1 X92.66 Y148.72 S300.00 F1000

; Pass 0 Path 8083
G0 X92.78 Y148.82
G1 X94.06 Y148.82 S300.00 F1000

; Pass 0 Path 8084
G0 X94.12 Y148.92
G1 X92.89 Y148.92 S300.00 F1000

; Pass 0 Path 8085
G0 X92.98 Y149.02
G1 X94.17 Y149.02 S300.00 F1000

; Pass 0 Path 8086
G0 X94.21 Y149.12
G1 X93.07 Y149.12 S300.00 F1000

; Pass 0 Path 8087
G0 X93.14 Y149.22
G1 X94.26 Y149.22 S300.00 F1000

; Pass 0 Path 8088
G0 X94.30 Y149.32
G1 X93.20 Y149.32 S300.00 F1000

; Pass 0 Path 8089
G0 X93.25 Y149.42
G1 X94.33 Y149.42 S300.00 F1000

; Pass 0 Path 8090
G0 X94.36 Y149.52
G1 X93.30 Y149.52 S300.00 F1000

; Pass 0 Path 8091
G0 X93.34 Y149.62
G1 X94.39 Y149.62 S300.00 F1000

; Pass 0 Path 8092
G0 X94.41 Y149.72
G1 X93.38 Y149.72 S300.00 F1000

; Pass 0 Path 8093
G0 X93.41 Y149.82
G1 X94.43 Y149.82 S300.00 F1000

; Pass 0 Path 8094
G0 X94.45 Y149.92
G1 X93.43 Y149.92 S300.00 F1000

; Pass 0 Path 8095
G0 X93.45 Y150.02
G1 X94.46 Y150.02 S300.00 F1000

; Pass 0 Path 8096
G0 X94.47 Y150.12
G1 X93.47 Y150.12 S300.00 F1000

; Pass 0 Path 8097
G0 X93.48 Y150.22
G1 X94.48 Y150.22 S300.00 F1000

; Pass 0 Path 8098
G0 X94.48 Y150.32
G1 X93.48 Y150.32 S300.00 F1000

; Pass 0 Path 8099
G0 X93.48 Y150.42
G1 X94.48 Y150.42 S300.00 F1000

; Pass 0 Path 8100
G0 X94.48 Y150.52
G1 X93.48 Y150.52 S300.00 F1000

; Pass 0 Path 8101
G0 X93.48 Y150.62
G1 X94.48 Y150.62 S300.00 F1000

; Pass 0 Path 8102
G0 X94.48 Y150.72
G1 X93.48 Y150.72 S300.00 F1000

; Pass 0 Path 8103
G0 X93.48 Y150.82
G1 X94.48 Y150.82 S300.00 F1000

; Pass 0 Path 8104
G0 X94.48 Y150.92
G1 X93.48 Y150.92 S300.00 F1000

; Pass 0 Path 8105
G0 X93.48 Y151.02
G1 X94.48 Y151.02 S300.00 F1000

; Pass 0 Path 8106
G0 X94.48 Y151.12
G1 X93.48 Y151.12 S300.00 F1000

; Pass 0 Path 8107
G0 X93.48 Y151.22
G1 X94.48 Y151.22 S300.00 F1000

; Pass 0 Path 8108
G0 X94.48 Y151.32
G1 X93.48 Y151.32 S300.00 F1000

; Pass 0 Path 8109
G0 X93.48 Y151.42
G1 X94.48 Y151.42 S300.00 F1000

; Pass 0 Path 8110
G0 X94.48 Y151.52
G1 X93.48 Y151.52 S300.00 F1000

; Pass 0 Path 8111
G0 X93.48 Y151.62
G1 X94.48 Y151.62 S300.00 F1000

; Pass 0 Path 8112
G0 X94.48 Y151.72
G1 X93.48 Y151.72 S300.00 F1000

; Pass 0 Path 8113
G0 X93.48 Y151.82
G1 X94.48 Y151.82 S300.00 F1000

; Pass 0 Path 8114
G0 X94.48 Y151.92
G1 X93.48 Y151.92 S300.00 F1000

; Pass 0 Path 8115
G0 X93.48 Y152.02
G1 X94.48 Y152.02 S300.00 F1000

; Pass 0 Path 8116
G0 X94.48 Y152.12
G1 X93.48 Y152.12 S300.00 F1000

; Pass 0 Path 8117
G0 X93.48 Y152.22
G1 X94.48 Y152.22 S300.00 F1000

; Pass 0 Path 8118
G0 X94.48 Y152.32
G1 X93.48 Y152.32 S300.00 F1000

; Pass 0 Path 8119
G0 X93.79 Y159.02
G1 X94.32 Y159.02 S300.00 F1000

; Pass 0 Path 8120
G0 X94.50 Y159.12
G1 X93.59 Y159.12 S300.00 F1000

; Pass 0 Path 8121
G0 X93.48 Y159.22
G1 X94.60 Y159.22 S300.00 F1000

; Pass 0 Path 8122
G0 X94.67 Y159.32
G1 X93.39 Y159.32 S300.00 F1000

; Pass 0 Path 8123
G0 X93.34 Y159.42
G1 X94.73 Y159.42 S300.00 F1000

; Pass 0 Path 8124
G0 X94.77 Y159.52
G1 X93.30 Y159.52 S300.00 F1000

; Pass 0 Path 8125
G0 X93.28 Y159.62
G1 X94.81 Y159.62 S300.00 F1000

; Pass 0 Path 8126
G0 X94.85 Y159.72
G1 X93.27 Y159.72 S300.00 F1000

; Pass 0 Path 8127
G0 X93.27 Y159.82
G1 X94.88 Y159.82 S300.00 F1000

; Pass 0 Path 8128
G0 X94.91 Y159.92
G1 X93.29 Y159.92 S300.00 F1000

; Pass 0 Path 8129
G0 X93.31 Y160.02
G1 X94.95 Y160.02 S300.00 F1000

; Pass 0 Path 8130
G0 X94.98 Y160.12
G1 X93.34 Y160.12 S300.00 F1000

; Pass 0 Path 8131
G0 X93.38 Y160.22
G1 X95.01 Y160.22 S300.00 F1000

; Pass 0 Path 8132
G0 X95.05 Y160.32
G1 X93.41 Y160.32 S300.00 F1000

; Pass 0 Path 8133
G0 X93.44 Y160.42
G1 X95.08 Y160.42 S300.00 F1000

; Pass 0 Path 8134
G0 X95.11 Y160.52
G1 X93.48 Y160.52 S300.00 F1000

; Pass 0 Path 8135
G0 X93.51 Y160.62
G1 X95.15 Y160.62 S300.00 F1000

; Pass 0 Path 8136
G0 X95.18 Y160.72
G1 X93.55 Y160.72 S300.00 F1000

; Pass 0 Path 8137
G0 X93.58 Y160.82
G1 X95.22 Y160.82 S300.00 F1000

; Pass 0 Path 8138
G0 X95.25 Y160.92
G1 X93.61 Y160.92 S300.00 F1000

; Pass 0 Path 8139
G0 X93.65 Y161.02
G1 X95.28 Y161.02 S300.00 F1000

; Pass 0 Path 8140
G0 X95.32 Y161.12
G1 X93.68 Y161.12 S300.00 F1000

; Pass 0 Path 8141
G0 X93.72 Y161.22
G1 X95.35 Y161.22 S300.00 F1000

; Pass 0 Path 8142
G0 X95.38 Y161.32
G1 X93.75 Y161.32 S300.00 F1000

; Pass 0 Path 8143
G0 X93.78 Y161.42
G1 X95.42 Y161.42 S300.00 F1000

; Pass 0 Path 8144
G0 X95.45 Y161.52
G1 X93.82 Y161.52 S300.00 F1000

; Pass 0 Path 8145
G0 X93.85 Y161.62
G1 X95.48 Y161.62 S300.00 F1000

; Pass 0 Path 8146
G0 X95.52 Y161.72
G1 X93.89 Y161.72 S300.00 F1000

; Pass 0 Path 8147
G0 X93.92 Y161.82
G1 X95.55 Y161.82 S300.00 F1000

; Pass 0 Path 8148
G0 X95.58 Y161.92
G1 X93.95 Y161.92 S300.00 F1000

; Pass 0 Path 8149
G0 X93.99 Y162.02
G1 X95.62 Y162.02 S300.00 F1000

; Pass 0 Path 8150
G0 X95.65 Y162.12
G1 X94.02 Y162.12 S300.00 F1000

; Pass 0 Path 8151
G0 X94.06 Y162.22
G1 X95.68 Y162.22 S300.00 F1000

; Pass 0 Path 8152
G0 X95.72 Y162.32
G1 X94.09 Y162.32 S300.00 F1000

; Pass 0 Path 8153
G0 X94.12 Y162.42
G1 X95.75 Y162.42 S300.00 F1000

; Pass 0 Path 8154
G0 X95.78 Y162.52
G1 X94.16 Y162.52 S300.00 F1000

; Pass 0 Path 8155
G0 X94.19 Y162.62
G1 X95.82 Y162.62 S300.00 F1000

; Pass 0 Path 8156
G0 X95.85 Y162.72
G1 X94.23 Y162.72 S300.00 F1000

; Pass 0 Path 8157
G0 X94.26 Y162.82
G1 X95.88 Y162.82 S300.00 F1000

; Pass 0 Path 8158
G0 X95.92 Y162.92
G1 X94.29 Y162.92 S300.00 F1000

; Pass 0 Path 8159
G0 X94.33 Y163.02
G1 X95.95 Y163.02 S300.00 F1000

; Pass 0 Path 8160
G0 X95.99 Y163.12
G1 X94.36 Y163.12 S300.00 F1000

; Pass 0 Path 8161
G0 X94.40 Y163.22
G1 X96.02 Y163.22 S300.00 F1000

; Pass 0 Path 8162
G0 X96.05 Y163.32
G1 X94.43 Y163.32 S300.00 F1000

; Pass 0 Path 8163
G0 X94.46 Y163.42
G1 X96.09 Y163.42 S300.00 F1000

; Pass 0 Path 8164
G0 X96.12 Y163.52
G1 X94.50 Y163.52 S300.00 F1000

; Pass 0 Path 8165
G0 X94.53 Y163.62
G1 X96.15 Y163.62 S300.00 F1000

; Pass 0 Path 8166
G0 X96.19 Y163.72
G1 X94.57 Y163.72 S300.00 F1000

; Pass 0 Path 8167
G0 X94.60 Y163.82
G1 X96.22 Y163.82 S300.00 F1000

; Pass 0 Path 8168
G0 X96.25 Y163.92
G1 X94.63 Y163.92 S300.00 F1000

; Pass 0 Path 8169
G0 X94.67 Y164.02
G1 X96.29 Y164.02 S300.00 F1000

; Pass 0 Path 8170
G0 X96.32 Y164.12
G1 X94.70 Y164.12 S300.00 F1000

; Pass 0 Path 8171
G0 X94.74 Y164.22
G1 X96.35 Y164.22 S300.00 F1000

; Pass 0 Path 8172
G0 X96.39 Y164.32
G1 X94.77 Y164.32 S300.00 F1000

; Pass 0 Path 8173
G0 X94.80 Y164.42
G1 X96.42 Y164.42 S300.00 F1000

; Pass 0 Path 8174
G0 X96.45 Y164.52
G1 X94.84 Y164.52 S300.00 F1000

; Pass 0 Path 8175
G0 X94.87 Y164.62
G1 X96.49 Y164.62 S300.00 F1000

; Pass 0 Path 8176
G0 X96.52 Y164.72
G1 X94.91 Y164.72 S300.00 F1000

; Pass 0 Path 8177
G0 X94.94 Y164.82
G1 X96.55 Y164.82 S300.00 F1000

; Pass 0 Path 8178
G0 X96.59 Y164.92
G1 X94.97 Y164.92 S300.00 F1000

; Pass 0 Path 8179
G0 X95.01 Y165.02
G1 X96.62 Y165.02 S300.00 F1000

; Pass 0 Path 8180
G0 X96.65 Y165.12
G1 X95.04 Y165.12 S300.00 F1000

; Pass 0 Path 8181
G0 X95.08 Y165.22
G1 X96.69 Y165.22 S300.00 F1000

; Pass 0 Path 8182
G0 X96.72 Y165.32
G1 X95.11 Y165.32 S300.00 F1000

; Pass 0 Path 8183
G0 X95.14 Y165.42
G1 X96.76 Y165.42 S300.00 F1000

; Pass 0 Path 8184
G0 X96.79 Y165.52
G1 X95.18 Y165.52 S300.00 F1000

; Pass 0 Path 8185
G0 X96.82 Y165.62
G1 X91.12 Y165.62 S300.00 F1000

; Pass 0 Path 8186
G0 X91.11 Y165.72
G1 X96.86 Y165.72 S300.00 F1000

; Pass 0 Path 8187
G0 X96.86 Y165.82
G1 X91.10 Y165.82 S300.00 F1000

; Pass 0 Path 8188
G0 X91.10 Y165.92
G1 X96.86 Y165.92 S300.00 F1000

; Pass 0 Path 8189
G0 X96.86 Y166.02
G1 X91.10 Y166.02 S300.00 F1000

; Pass 0 Path 8190
G0 X91.10 Y166.12
G1 X96.86 Y166.12 S300.00 F1000

; Pass 0 Path 8191
G0 X96.86 Y166.22
G1 X91.10 Y166.22 S300.00 F1000

; Pass 0 Path 8192
G0 X91.10 Y166.32
G1 X96.86 Y166.32 S300.00 F1000

; Pass 0 Path 8193
G0 X96.86 Y166.42
G1 X91.10 Y166.42 S300.00 F1000

; Pass 0 Path 8194
G0 X91.10 Y166.52
G1 X96.86 Y166.52 S300.00 F1000

; Pass 0 Path 8195
G0 X96.86 Y166.62
G1 X91.10 Y166.62 S300.00 F1000

; Pass 0 Path 8196
G0 X91.10 Y166.72
G1 X96.86 Y166.72 S300.00 F1000

; Pass 0 Path 8197
G0 X96.86 Y166.82
G1 X91.10 Y166.82 S300.00 F1000

; Pass 0 Path 8198
G0 X91.10 Y166.92
G1 X96.86 Y166.92 S300.00 F1000

; Pass 0 Path 8199
G0 X96.86 Y167.02
G1 X91.10 Y167.02 S300.00 F1000

; Pass 0 Path 8200
G0 X91.15 Y167.12
G1 X96.81 Y167.12 S300.00 F1000

; Pass 0 Path 8201
G0 X92.57 Y165.52
G1 X91.14 Y165.52 S300.00 F1000

; Pass 0 Path 8202
G0 X91.16 Y165.42
G1 X92.55 Y165.42 S300.00 F1000

; Pass 0 Path 8203
G0 X92.52 Y165.32
G1 X91.20 Y165.32 S300.00 F1000

; Pass 0 Path 8204
G0 X91.26 Y165.22
G1 X92.47 Y165.22 S300.00 F1000

; Pass 0 Path 8205
G0 X92.39 Y165.12
G1 X91.34 Y165.12 S300.00 F1000

; Pass 0 Path 8206
G0 X91.48 Y165.02
G1 X92.25 Y165.02 S300.00 F1000

; Pass 0 Path 8207
G0 X84.32 Y167.42
G1 X83.32 Y167.42 S300.00 F1000

; Pass 0 Path 8208
G0 X83.32 Y167.52
G1 X84.32 Y167.52 S300.00 F1000

; Pass 0 Path 8209
G0 X84.32 Y167.62
G1 X83.32 Y167.62 S300.00 F1000

; Pass 0 Path 8210
G0 X83.32 Y167.72
G1 X84.32 Y167.72 S300.00 F1000

; Pass 0 Path 8211
G0 X84.32 Y167.82
G1 X83.32 Y167.82 S300.00 F1000

; Pass 0 Path 8212
G0 X83.32 Y167.92
G1 X84.32 Y167.92 S300.00 F1000

; Pass 0 Path 8213
G0 X84.32 Y168.02
G1 X83.32 Y168.02 S300.00 F1000

; Pass 0 Path 8214
G0 X83.32 Y168.12
G1 X84.32 Y168.12 S300.00 F1000

; Pass 0 Path 8215
G0 X84.32 Y168.22
G1 X83.32 Y168.22 S300.00 F1000

; Pass 0 Path 8216
G0 X83.32 Y168.32
G1 X84.32 Y168.32 S300.00 F1000

; Pass 0 Path 8217
G0 X84.32 Y168.42
G1 X83.32 Y168.42 S300.00 F1000

; Pass 0 Path 8218
G0 X83.32 Y168.52
G1 X84.32 Y168.52 S300.00 F1000

; Pass 0 Path 8219
G0 X84.32 Y168.62
G1 X83.32 Y168.62 S300.00 F1000

; Pass 0 Path 8220
G0 X83.32 Y168.72
G1 X84.32 Y168.72 S300.00 F1000

; Pass 0 Path 8221
G0 X84.32 Y168.82
G1 X83.32 Y168.82 S300.00 F1000

; Pass 0 Path 8222
G0 X83.32 Y168.92
G1 X84.32 Y168.92 S300.00 F1000

; Pass 0 Path 8223
G0 X84.32 Y169.02
G1 X83.32 Y169.02 S300.00 F1000

; Pass 0 Path 8224
G0 X83.32 Y169.12
G1 X84.32 Y169.12 S300.00 F1000

; Pass 0 Path 8225
G0 X84.32 Y169.22
G1 X83.32 Y169.22 S300.00 F1000

; Pass 0 Path 8226
G0 X83.32 Y169.32
G1 X84.32 Y169.32 S300.00 F1000

; Pass 0 Path 8227
G0 X84.32 Y169.42
G1 X83.32 Y169.42 S300.00 F1000

; Pass 0 Path 8228
G0 X83.32 Y169.52
G1 X84.32 Y169.52 S300.00 F1000

; Pass 0 Path 8229
G0 X84.32 Y169.62
G1 X83.32 Y169.62 S300.00 F1000

; Pass 0 Path 8230
G0 X83.32 Y169.72
G1 X84.32 Y169.72 S300.00 F1000

; Pass 0 Path 8231
G0 X84.32 Y169.82
G1 X83.32 Y169.82 S300.00 F1000

; Pass 0 Path 8232
G0 X83.32 Y169.92
G1 X84.32 Y169.92 S300.00 F1000

; Pass 0 Path 8233
G0 X84.32 Y170.02
G1 X83.32 Y170.02 S300.00 F1000

; Pass 0 Path 8234
G0 X83.32 Y170.12
G1 X84.32 Y170.12 S300.00 F1000

; Pass 0 Path 8235
G0 X84.32 Y170.22
G1 X83.32 Y170.22 S300.00 F1000

; Pass 0 Path 8236
G0 X83.32 Y170.32
G1 X84.32 Y170.32 S300.00 F1000

; Pass 0 Path 8237
G0 X84.32 Y170.42
G1 X83.32 Y170.42 S300.00 F1000

; Pass 0 Path 8238
G0 X83.32 Y170.52
G1 X84.32 Y170.52 S300.00 F1000

; Pass 0 Path 8239
G0 X84.32 Y170.62
G1 X83.32 Y170.62 S300.00 F1000

; Pass 0 Path 8240
G0 X83.32 Y170.72
G1 X84.32 Y170.72 S300.00 F1000

; Pass 0 Path 8241
G0 X84.32 Y170.82
G1 X83.32 Y170.82 S300.00 F1000

; Pass 0 Path 8242
G0 X83.33 Y170.92
G1 X84.33 Y170.92 S300.00 F1000

; Pass 0 Path 8243
G0 X84.35 Y171.02
G1 X83.34 Y171.02 S300.00 F1000

; Pass 0 Path 8244
G0 X83.35 Y171.12
G1 X84.37 Y171.12 S300.00 F1000

; Pass 0 Path 8245
G0 X84.39 Y171.22
G1 X83.37 Y171.22 S300.00 F1000

; Pass 0 Path 8246
G0 X83.39 Y171.32
G1 X84.42 Y171.32 S300.00 F1000

; Pass 0 Path 8247
G0 X84.45 Y171.42
G1 X83.41 Y171.42 S300.00 F1000

; Pass 0 Path 8248
G0 X83.44 Y171.52
G1 X84.50 Y171.52 S300.00 F1000

; Pass 0 Path 8249
G0 X84.54 Y171.62
G1 X83.47 Y171.62 S300.00 F1000

; Pass 0 Path 8250
G0 X83.50 Y171.72
G1 X84.60 Y171.72 S300.00 F1000

; Pass 0 Path 8251
G0 X84.66 Y171.82
G1 X83.54 Y171.82 S300.00 F1000

; Pass 0 Path 8252
G0 X83.58 Y171.92
G1 X84.73 Y171.92 S300.00 F1000

; Pass 0 Path 8253
G0 X84.81 Y172.02
G1 X83.63 Y172.02 S300.00 F1000

; Pass 0 Path 8254
G0 X83.68 Y172.12
G1 X84.90 Y172.12 S300.00 F1000

; Pass 0 Path 8255
G0 X85.01 Y172.22
G1 X83.74 Y172.22 S300.00 F1000

; Pass 0 Path 8256
G0 X83.80 Y172.32
G1 X85.13 Y172.32 S300.00 F1000

; Pass 0 Path 8257
G0 X85.28 Y172.42
G1 X83.87 Y172.42 S300.00 F1000

; Pass 0 Path 8258
G0 X83.94 Y172.52
G1 X85.46 Y172.52 S300.00 F1000

; Pass 0 Path 8259
G0 X85.71 Y172.62
G1 X84.02 Y172.62 S300.00 F1000

; Pass 0 Path 8260
G0 X84.11 Y172.72
G1 X86.27 Y172.72 S300.00 F1000

; Pass 0 Path 8261
G0 X63.41 Y190.32
G1 X58.51 Y190.32 S300.00 F1000

; Pass 0 Path 8262
G0 X58.44 Y190.42
G1 X63.48 Y190.42 S300.00 F1000

; Pass 0 Path 8263
G0 X63.54 Y190.52
G1 X58.38 Y190.52 S300.00 F1000

; Pass 0 Path 8264
G0 X58.32 Y190.62
G1 X63.60 Y190.62 S300.00 F1000

; Pass 0 Path 8265
G0 X63.64 Y190.72
G1 X58.27 Y190.72 S300.00 F1000

; Pass 0 Path 8266
G0 X58.23 Y190.82
G1 X60.66 Y190.82 S300.00 F1000

; Pass 0 Path 8267
G0 X60.28 Y190.92
G1 X58.20 Y190.92 S300.00 F1000

; Pass 0 Path 8268
G0 X58.16 Y191.02
G1 X60.07 Y191.02 S300.00 F1000

; Pass 0 Path 8269
G0 X59.93 Y191.12
G1 X58.14 Y191.12 S300.00 F1000

; Pass 0 Path 8270
G0 X58.12 Y191.22
G1 X59.83 Y191.22 S300.00 F1000

; Pass 0 Path 8271
G0 X59.75 Y191.32
G1 X58.10 Y191.32 S300.00 F1000

; Pass 0 Path 8272
G0 X58.09 Y191.42
G1 X59.69 Y191.42 S300.00 F1000

; Pass 0 Path 8273
G0 X59.65 Y191.52
G1 X58.08 Y191.52 S300.00 F1000

; Pass 0 Path 8274
G0 X58.07 Y191.62
G1 X59.62 Y191.62 S300.00 F1000

; Pass 0 Path 8275
G0 X59.61 Y191.72
G1 X58.07 Y191.72 S300.00 F1000

; Pass 0 Path 8276
G0 X58.08 Y191.82
G1 X59.61 Y191.82 S300.00 F1000

; Pass 0 Path 8277
G0 X59.62 Y191.92
G1 X58.09 Y191.92 S300.00 F1000

; Pass 0 Path 8278
G0 X58.10 Y192.02
G1 X59.64 Y192.02 S300.00 F1000

; Pass 0 Path 8279
G0 X59.68 Y192.12
G1 X58.12 Y192.12 S300.00 F1000

; Pass 0 Path 8280
G0 X58.14 Y192.22
G1 X59.74 Y192.22 S300.00 F1000

; Pass 0 Path 8281
G0 X59.81 Y192.32
G1 X58.17 Y192.32 S300.00 F1000

; Pass 0 Path 8282
G0 X58.21 Y192.42
G1 X59.91 Y192.42 S300.00 F1000

; Pass 0 Path 8283
G0 X60.04 Y192.52
G1 X58.25 Y192.52 S300.00 F1000

; Pass 0 Path 8284
G0 X58.30 Y192.62
G1 X60.20 Y192.62 S300.00 F1000

; Pass 0 Path 8285
G0 X60.45 Y192.72
G1 X58.36 Y192.72 S300.00 F1000

; Pass 0 Path 8286
G0 X58.42 Y192.82
G1 X63.50 Y192.82 S300.00 F1000

; Pass 0 Path 8287
G0 X63.56 Y192.72
G1 X61.48 Y192.72 S300.00 F1000

; Pass 0 Path 8288
G0 X61.73 Y192.62
G1 X63.62 Y192.62 S300.00 F1000

; Pass 0 Path 8289
G0 X63.67 Y192.52
G1 X61.89 Y192.52 S300.00 F1000

; Pass 0 Path 8290
G0 X62.02 Y192.42
G1 X63.71 Y192.42 S300.00 F1000

; Pass 0 Path 8291
G0 X63.75 Y192.32
G1 X62.11 Y192.32 S300.00 F1000

; Pass 0 Path 8292
G0 X62.18 Y192.22
G1 X63.78 Y192.22 S300.00 F1000

; Pass 0 Path 8293
G0 X63.80 Y192.12
G1 X62.24 Y192.12 S300.00 F1000

; Pass 0 Path 8294
G0 X62.28 Y192.02
G1 X63.82 Y192.02 S300.00 F1000

; Pass 0 Path 8295
G0 X63.83 Y191.92
G1 X62.30 Y191.92 S300.00 F1000

; Pass 0 Path 8296
G0 X62.31 Y191.82
G1 X63.84 Y191.82 S300.00 F1000

; Pass 0 Path 8297
G0 X63.85 Y191.72
G1 X62.31 Y191.72 S300.00 F1000

; Pass 0 Path 8298
G0 X62.30 Y191.62
G1 X63.85 Y191.62 S300.00 F1000

; Pass 0 Path 8299
G0 X63.84 Y191.52
G1 X62.27 Y191.52 S300.00 F1000

; Pass 0 Path 8300
G0 X62.23 Y191.42
G1 X63.83 Y191.42 S300.00 F1000

; Pass 0 Path 8301
G0 X63.82 Y191.32
G1 X62.17 Y191.32 S300.00 F1000

; Pass 0 Path 8302
G0 X62.09 Y191.22
G1 X63.80 Y191.22 S300.00 F1000

; Pass 0 Path 8303
G0 X63.78 Y191.12
G1 X61.99 Y191.12 S300.00 F1000

; Pass 0 Path 8304
G0 X61.85 Y191.02
G1 X63.76 Y191.02 S300.00 F1000

; Pass 0 Path 8305
G0 X63.72 Y190.92
G1 X61.64 Y190.92 S300.00 F1000

; Pass 0 Path 8306
G0 X61.26 Y190.82
G1 X63.69 Y190.82 S300.00 F1000

; Pass 0 Path 8307
G0 X63.33 Y190.22
G1 X58.59 Y190.22 S300.00 F1000

; Pass 0 Path 8308
G0 X58.68 Y190.12
G1 X63.24 Y190.12 S300.00 F1000

; Pass 0 Path 8309
G0 X63.14 Y190.02
G1 X58.78 Y190.02 S300.00 F1000

; Pass 0 Path 8310
G0 X58.89 Y189.92
G1 X63.03 Y189.92 S300.00 F1000

; Pass 0 Path 8311
G0 X62.90 Y189.82
G1 X59.02 Y189.82 S300.00 F1000

; Pass 0 Path 8312
G0 X59.17 Y189.72
G1 X62.74 Y189.72 S300.00 F1000

; Pass 0 Path 8313
G0 X62.56 Y189.62
G1 X59.35 Y189.62 S300.00 F1000

; Pass 0 Path 8314
G0 X59.56 Y189.52
G1 X62.35 Y189.52 S300.00 F1000

; Pass 0 Path 8315
G0 X62.06 Y189.42
G1 X59.85 Y189.42 S300.00 F1000

; Pass 0 Path 8316
G0 X60.27 Y189.32
G1 X61.63 Y189.32 S300.00 F1000

; Pass 0 Path 8317
G0 X63.43 Y192.92
G1 X58.49 Y192.92 S300.00 F1000

; Pass 0 Path 8318
G0 X58.57 Y193.02
G1 X63.35 Y193.02 S300.00 F1000

; Pass 0 Path 8319
G0 X63.27 Y193.12
G1 X58.65 Y193.12 S300.00 F1000

; Pass 0 Path 8320
G0 X58.74 Y193.22
G1 X63.18 Y193.22 S300.00 F1000

; Pass 0 Path 8321
G0 X63.07 Y193.32
G1 X58.85 Y193.32 S300.00 F1000

; Pass 0 Path 8322
G0 X58.96 Y193.42
G1 X62.96 Y193.42 S300.00 F1000

; Pass 0 Path 8323
G0 X62.83 Y193.52
G1 X59.09 Y193.52 S300.00 F1000

; Pass 0 Path 8324
G0 X59.22 Y193.62
G1 X62.70 Y193.62 S300.00 F1000

; Pass 0 Path 8325
G0 X62.78 Y193.72
G1 X59.14 Y193.72 S300.00 F1000

; Pass 0 Path 8326
G0 X59.01 Y193.82
G1 X62.90 Y193.82 S300.00 F1000

; Pass 0 Path 8327
G0 X63.02 Y193.92
G1 X58.90 Y193.92 S300.00 F1000

; Pass 0 Path 8328
G0 X58.80 Y194.02
G1 X63.12 Y194.02 S300.00 F1000

; Pass 0 Path 8329
G0 X63.22 Y194.12
G1 X58.70 Y194.12 S300.00 F1000

; Pass 0 Path 8330
G0 X58.62 Y194.22
G1 X63.30 Y194.22 S300.00 F1000

; Pass 0 Path 8331
G0 X63.38 Y194.32
G1 X58.54 Y194.32 S300.00 F1000

; Pass 0 Path 8332
G0 X58.47 Y194.42
G1 X60.44 Y194.42 S300.00 F1000

; Pass 0 Path 8333
G0 X60.21 Y194.52
G1 X58.41 Y194.52 S300.00 F1000

; Pass 0 Path 8334
G0 X58.36 Y194.62
G1 X60.06 Y194.62 S300.00 F1000

; Pass 0 Path 8335
G0 X59.95 Y194.72
G1 X58.31 Y194.72 S300.00 F1000

; Pass 0 Path 8336
G0 X58.27 Y194.82
G1 X59.87 Y194.82 S300.00 F1000

; Pass 0 Path 8337
G0 X59.81 Y194.92
G1 X58.24 Y194.92 S300.00 F1000

; Pass 0 Path 8338
G0 X58.22 Y195.02
G1 X59.77 Y195.02 S300.00 F1000

; Pass 0 Path 8339
G0 X59.74 Y195.12
G1 X58.20 Y195.12 S300.00 F1000

; Pass 0 Path 8340
G0 X58.19 Y195.22
G1 X59.73 Y195.22 S300.00 F1000

; Pass 0 Path 8341
G0 X59.72 Y195.32
G1 X58.19 Y195.32 S300.00 F1000

; Pass 0 Path 8342
G0 X58.19 Y195.42
G1 X59.73 Y195.42 S300.00 F1000

; Pass 0 Path 8343
G0 X59.74 Y195.52
G1 X58.19 Y195.52 S300.00 F1000

; Pass 0 Path 8344
G0 X58.20 Y195.62
G1 X59.77 Y195.62 S300.00 F1000

; Pass 0 Path 8345
G0 X59.82 Y195.72
G1 X58.21 Y195.72 S300.00 F1000

; Pass 0 Path 8346
G0 X58.23 Y195.82
G1 X59.88 Y195.82 S300.00 F1000

; Pass 0 Path 8347
G0 X59.96 Y195.92
G1 X58.26 Y195.92 S300.00 F1000

; Pass 0 Path 8348
G0 X58.28 Y196.02
G1 X60.07 Y196.02 S300.00 F1000

; Pass 0 Path 8349
G0 X60.22 Y196.12
G1 X58.32 Y196.12 S300.00 F1000

; Pass 0 Path 8350
G0 X58.36 Y196.22
G1 X60.47 Y196.22 S300.00 F1000

; Pass 0 Path 8351
G0 X61.45 Y196.22
G1 X63.57 Y196.22 S300.00 F1000

; Pass 0 Path 8352
G0 X63.61 Y196.12
G1 X61.69 Y196.12 S300.00 F1000

; Pass 0 Path 8353
G0 X61.85 Y196.02
G1 X63.64 Y196.02 S300.00 F1000

; Pass 0 Path 8354
G0 X63.67 Y195.92
G1 X61.96 Y195.92 S300.00 F1000

; Pass 0 Path 8355
G0 X62.04 Y195.82
G1 X63.69 Y195.82 S300.00 F1000

; Pass 0 Path 8356
G0 X63.71 Y195.72
G1 X62.10 Y195.72 S300.00 F1000

; Pass 0 Path 8357
G0 X62.15 Y195.62
G1 X63.72 Y195.62 S300.00 F1000

; Pass 0 Path 8358
G0 X63.73 Y195.52
G1 X62.18 Y195.52 S300.00 F1000

; Pass 0 Path 8359
G0 X62.19 Y195.42
G1 X63.73 Y195.42 S300.00 F1000

; Pass 0 Path 8360
G0 X63.73 Y195.32
G1 X62.20 Y195.32 S300.00 F1000

; Pass 0 Path 8361
G0 X62.20 Y195.22
G1 X63.73 Y195.22 S300.00 F1000

; Pass 0 Path 8362
G0 X63.71 Y195.12
G1 X62.18 Y195.12 S300.00 F1000

; Pass 0 Path 8363
G0 X62.15 Y195.02
G1 X63.70 Y195.02 S300.00 F1000

; Pass 0 Path 8364
G0 X63.67 Y194.92
G1 X62.11 Y194.92 S300.00 F1000

; Pass 0 Path 8365
G0 X62.05 Y194.82
G1 X63.64 Y194.82 S300.00 F1000

; Pass 0 Path 8366
G0 X63.60 Y194.72
G1 X61.97 Y194.72 S300.00 F1000

; Pass 0 Path 8367
G0 X61.86 Y194.62
G1 X63.56 Y194.62 S300.00 F1000

; Pass 0 Path 8368
G0 X63.51 Y194.52
G1 X61.71 Y194.52 S300.00 F1000

; Pass 0 Path 8369
G0 X61.48 Y194.42
G1 X63.45 Y194.42 S300.00 F1000

; Pass 0 Path 8370
G0 X63.53 Y196.32
G1 X58.40 Y196.32 S300.00 F1000

; Pass 0 Path 8371
G0 X58.45 Y196.42
G1 X63.47 Y196.42 S300.00 F1000

; Pass 0 Path 8372
G0 X63.42 Y196.52
G1 X58.51 Y196.52 S300.00 F1000

; Pass 0 Path 8373
G0 X58.57 Y196.62
G1 X63.35 Y196.62 S300.00 F1000

; Pass 0 Path 8374
G0 X63.28 Y196.72
G1 X58.64 Y196.72 S300.00 F1000

; Pass 0 Path 8375
G0 X58.72 Y196.82
G1 X63.21 Y196.82 S300.00 F1000

; Pass 0 Path 8376
G0 X63.12 Y196.92
G1 X58.81 Y196.92 S300.00 F1000

; Pass 0 Path 8377
G0 X58.90 Y197.02
G1 X63.02 Y197.02 S300.00 F1000

; Pass 0 Path 8378
G0 X62.91 Y197.12
G1 X59.01 Y197.12 S300.00 F1000

; Pass 0 Path 8379
G0 X59.13 Y197.22
G1 X62.79 Y197.22 S300.00 F1000

; Pass 0 Path 8380
G0 X62.65 Y197.32
G1 X59.27 Y197.32 S300.00 F1000

; Pass 0 Path 8381
G0 X59.43 Y197.42
G1 X62.49 Y197.42 S300.00 F1000

; Pass 0 Path 8382
G0 X62.30 Y197.52
G1 X59.62 Y197.52 S300.00 F1000

; Pass 0 Path 8383
G0 X59.85 Y197.62
G1 X62.07 Y197.62 S300.00 F1000

; Pass 0 Path 8384
G0 X61.76 Y197.72
G1 X60.16 Y197.72 S300.00 F1000

; Pass 0 Path 8385
G0 X60.86 Y197.82
G1 X61.06 Y197.82 S300.00 F1000

; Pass 0 Path 8386
G0 X7.67 Y198.12
G1 X5.46 Y198.12 S300.00 F1000

; Pass 0 Path 8387
G0 X5.36 Y198.02
G1 X7.11 Y198.02 S300.00 F1000

; Pass 0 Path 8388
G0 X6.85 Y197.92
G1 X5.28 Y197.92 S300.00 F1000

; Pass 0 Path 8389
G0 X5.20 Y197.82
G1 X6.66 Y197.82 S300.00 F1000

; Pass 0 Path 8390
G0 X6.50 Y197.72
G1 X5.13 Y197.72 S300.00 F1000

; Pass 0 Path 8391
G0 X5.07 Y197.62
G1 X6.37 Y197.62 S300.00 F1000

; Pass 0 Path 8392
G0 X6.26 Y197.52
G1 X5.01 Y197.52 S300.00 F1000

; Pass 0 Path 8393
G0 X4.95 Y197.42
G1 X6.16 Y197.42 S300.00 F1000

; Pass 0 Path 8394
G0 X6.07 Y197.32
G1 X4.90 Y197.32 S300.00 F1000

; Pass 0 Path 8395
G0 X4.85 Y197.22
G1 X6.00 Y197.22 S300.00 F1000

; Pass 0 Path 8396
G0 X5.93 Y197.12
G1 X4.81 Y197.12 S300.00 F1000

; Pass 0 Path 8397
G0 X4.77 Y197.02
G1 X5.87 Y197.02 S300.00 F1000

; Pass 0 Path 8398
G0 X5.81 Y196.92
G1 X4.74 Y196.92 S300.00 F1000

; Pass 0 Path 8399
G0 X4.71 Y196.82
G1 X5.77 Y196.82 S300.00 F1000

; Pass 0 Path 8400
G0 X5.73 Y196.72
G1 X4.68 Y196.72 S300.00 F1000

; Pass 0 Path 8401
G0 X4.66 Y196.62
G1 X5.69 Y196.62 S300.00 F1000

; Pass 0 Path 8402
G0 X5.66 Y196.52
G1 X4.64 Y196.52 S300.00 F1000

; Pass 0 Path 8403
G0 X4.62 Y196.42
G1 X5.63 Y196.42 S300.00 F1000

; Pass 0 Path 8404
G0 X5.61 Y196.32
G1 X4.60 Y196.32 S300.00 F1000

; Pass 0 Path 8405
G0 X4.59 Y196.22
G1 X5.60 Y196.22 S300.00 F1000

; Pass 0 Path 8406
G0 X5.59 Y196.12
G1 X4.59 Y196.12 S300.00 F1000

; Pass 0 Path 8407
G0 X4.58 Y196.02
G1 X5.58 Y196.02 S300.00 F1000

; Pass 0 Path 8408
G0 X5.58 Y195.92
G1 X4.58 Y195.92 S300.00 F1000

; Pass 0 Path 8409
G0 X4.58 Y195.82
G1 X5.58 Y195.82 S300.00 F1000

; Pass 0 Path 8410
G0 X5.58 Y195.72
G1 X4.58 Y195.72 S300.00 F1000

; Pass 0 Path 8411
G0 X4.58 Y195.62
G1 X5.58 Y195.62 S300.00 F1000

; Pass 0 Path 8412
G0 X5.58 Y195.52
G1 X4.58 Y195.52 S300.00 F1000

; Pass 0 Path 8413
G0 X4.58 Y195.42
G1 X5.58 Y195.42 S300.00 F1000

; Pass 0 Path 8414
G0 X5.58 Y195.32
G1 X4.58 Y195.32 S300.00 F1000

; Pass 0 Path 8415
G0 X4.58 Y195.22
G1 X5.58 Y195.22 S300.00 F1000

; Pass 0 Path 8416
G0 X5.58 Y195.12
G1 X4.58 Y195.12 S300.00 F1000

; Pass 0 Path 8417
G0 X4.58 Y195.02
G1 X5.58 Y195.02 S300.00 F1000

; Pass 0 Path 8418
G0 X5.58 Y194.92
G1 X4.58 Y194.92 S300.00 F1000

; Pass 0 Path 8419
G0 X4.58 Y194.82
G1 X5.58 Y194.82 S300.00 F1000

; Pass 0 Path 8420
G0 X5.58 Y194.72
G1 X4.58 Y194.72 S300.00 F1000

; Pass 0 Path 8421
G0 X4.58 Y194.62
G1 X5.58 Y194.62 S300.00 F1000

; Pass 0 Path 8422
G0 X5.58 Y194.52
G1 X4.58 Y194.52 S300.00 F1000

; Pass 0 Path 8423
G0 X4.58 Y194.42
G1 X5.58 Y194.42 S300.00 F1000

; Pass 0 Path 8424
G0 X5.58 Y194.32
G1 X4.58 Y194.32 S300.00 F1000

; Pass 0 Path 8425
G0 X4.58 Y194.22
G1 X5.58 Y194.22 S300.00 F1000

; Pass 0 Path 8426
G0 X5.58 Y194.12
G1 X4.58 Y194.12 S300.00 F1000

; Pass 0 Path 8427
G0 X4.58 Y194.02
G1 X5.58 Y194.02 S300.00 F1000

; Pass 0 Path 8428
G0 X5.58 Y193.92
G1 X4.58 Y193.92 S300.00 F1000

; Pass 0 Path 8429
G0 X4.58 Y193.82
G1 X5.58 Y193.82 S300.00 F1000

; Pass 0 Path 8430
G0 X5.58 Y193.72
G1 X4.58 Y193.72 S300.00 F1000

; Pass 0 Path 8431
G0 X4.58 Y193.62
G1 X5.58 Y193.62 S300.00 F1000

; Pass 0 Path 8432
G0 X5.58 Y193.52
G1 X4.58 Y193.52 S300.00 F1000

; Pass 0 Path 8433
G0 X4.58 Y193.42
G1 X5.58 Y193.42 S300.00 F1000

; Pass 0 Path 8434
G0 X5.58 Y193.32
G1 X4.58 Y193.32 S300.00 F1000

; Pass 0 Path 8435
G0 X4.58 Y193.22
G1 X5.58 Y193.22 S300.00 F1000

; Pass 0 Path 8436
G0 X5.58 Y193.12
G1 X4.58 Y193.12 S300.00 F1000

; Pass 0 Path 8437
G0 X4.58 Y193.02
G1 X5.58 Y193.02 S300.00 F1000

; Pass 0 Path 8438
G0 X5.58 Y192.92
G1 X4.58 Y192.92 S300.00 F1000

; Pass 0 Path 8439
G0 X4.58 Y192.82
G1 X5.58 Y192.82 S300.00 F1000

; Pass 0 Path 8440
G0 X5.58 Y192.72
G1 X4.58 Y192.72 S300.00 F1000

; Pass 0 Path 8441
G0 X4.58 Y192.62
G1 X5.58 Y192.62 S300.00 F1000

; Pass 0 Path 8442
G0 X5.58 Y192.52
G1 X4.58 Y192.52 S300.00 F1000

; Pass 0 Path 8443
G0 X4.58 Y192.42
G1 X5.58 Y192.42 S300.00 F1000

; Pass 0 Path 8444
G0 X5.58 Y192.32
G1 X4.58 Y192.32 S300.00 F1000

; Pass 0 Path 8445
G0 X4.58 Y192.22
G1 X5.58 Y192.22 S300.00 F1000

; Pass 0 Path 8446
G0 X5.58 Y192.12
G1 X4.58 Y192.12 S300.00 F1000

; Pass 0 Path 8447
G0 X4.58 Y192.02
G1 X5.58 Y192.02 S300.00 F1000

; Pass 0 Path 8448
G0 X5.58 Y191.92
G1 X4.58 Y191.92 S300.00 F1000

; Pass 0 Path 8449
G0 X4.58 Y191.82
G1 X5.58 Y191.82 S300.00 F1000

; Pass 0 Path 8450
G0 X5.58 Y191.72
G1 X4.58 Y191.72 S300.00 F1000

; Pass 0 Path 8451
G0 X4.58 Y191.62
G1 X5.58 Y191.62 S300.00 F1000

; Pass 0 Path 8452
G0 X5.58 Y191.52
G1 X4.58 Y191.52 S300.00 F1000

; Pass 0 Path 8453
G0 X4.58 Y191.42
G1 X5.58 Y191.42 S300.00 F1000

; Pass 0 Path 8454
G0 X5.58 Y191.32
G1 X4.58 Y191.32 S300.00 F1000

; Pass 0 Path 8455
G0 X4.58 Y191.22
G1 X5.58 Y191.22 S300.00 F1000

; Pass 0 Path 8456
G0 X5.58 Y191.12
G1 X4.58 Y191.12 S300.00 F1000

; Pass 0 Path 8457
G0 X4.58 Y191.02
G1 X5.58 Y191.02 S300.00 F1000

; Pass 0 Path 8458
G0 X5.58 Y190.92
G1 X4.58 Y190.92 S300.00 F1000

; Pass 0 Path 8459
G0 X4.58 Y190.82
G1 X5.58 Y190.82 S300.00 F1000

; Pass 0 Path 8460
G0 X5.58 Y190.72
G1 X4.58 Y190.72 S300.00 F1000

; Pass 0 Path 8461
G0 X4.58 Y190.62
G1 X5.58 Y190.62 S300.00 F1000

; Pass 0 Path 8462
G0 X5.58 Y190.52
G1 X4.58 Y190.52 S300.00 F1000

; Pass 0 Path 8463
G0 X4.58 Y190.42
G1 X5.58 Y190.42 S300.00 F1000

; Pass 0 Path 8464
G0 X5.58 Y190.32
G1 X4.58 Y190.32 S300.00 F1000

; Pass 0 Path 8465
G0 X4.58 Y190.22
G1 X5.58 Y190.22 S300.00 F1000

; Pass 0 Path 8466
G0 X5.58 Y190.12
G1 X4.58 Y190.12 S300.00 F1000

; Pass 0 Path 8467
G0 X4.58 Y190.02
G1 X5.58 Y190.02 S300.00 F1000

; Pass 0 Path 8468
G0 X5.58 Y189.92
G1 X4.58 Y189.92 S300.00 F1000

; Pass 0 Path 8469
G0 X4.58 Y189.82
G1 X5.58 Y189.82 S300.00 F1000

; Pass 0 Path 8470
G0 X5.58 Y189.72
G1 X4.58 Y189.72 S300.00 F1000

; Pass 0 Path 8471
G0 X4.58 Y189.62
G1 X5.58 Y189.62 S300.00 F1000

; Pass 0 Path 8472
G0 X5.58 Y189.52
G1 X4.58 Y189.52 S300.00 F1000

; Pass 0 Path 8473
G0 X4.58 Y189.42
G1 X5.58 Y189.42 S300.00 F1000

; Pass 0 Path 8474
G0 X5.58 Y189.32
G1 X4.58 Y189.32 S300.00 F1000

; Pass 0 Path 8475
G0 X4.58 Y189.22
G1 X5.58 Y189.22 S300.00 F1000

; Pass 0 Path 8476
G0 X5.58 Y189.12
G1 X4.58 Y189.12 S300.00 F1000

; Pass 0 Path 8477
G0 X4.58 Y189.02
G1 X5.58 Y189.02 S300.00 F1000

; Pass 0 Path 8478
G0 X5.58 Y188.92
G1 X4.58 Y188.92 S300.00 F1000

; Pass 0 Path 8479
G0 X4.58 Y188.82
G1 X5.58 Y188.82 S300.00 F1000

; Pass 0 Path 8480
G0 X5.58 Y188.72
G1 X4.58 Y188.72 S300.00 F1000

; Pass 0 Path 8481
G0 X4.58 Y188.62
G1 X5.58 Y188.62 S300.00 F1000

; Pass 0 Path 8482
G0 X5.58 Y188.52
G1 X4.58 Y188.52 S300.00 F1000

; Pass 0 Path 8483
G0 X4.58 Y188.42
G1 X5.58 Y188.42 S300.00 F1000

; Pass 0 Path 8484
G0 X5.58 Y188.32
G1 X4.58 Y188.32 S300.00 F1000

; Pass 0 Path 8485
G0 X4.58 Y188.22
G1 X5.58 Y188.22 S300.00 F1000

; Pass 0 Path 8486
G0 X5.58 Y188.12
G1 X4.58 Y188.12 S300.00 F1000

; Pass 0 Path 8487
G0 X4.58 Y188.02
G1 X5.58 Y188.02 S300.00 F1000

; Pass 0 Path 8488
G0 X5.58 Y187.92
G1 X4.58 Y187.92 S300.00 F1000

; Pass 0 Path 8489
G0 X4.58 Y187.82
G1 X5.58 Y187.82 S300.00 F1000

; Pass 0 Path 8490
G0 X5.58 Y187.72
G1 X4.58 Y187.72 S300.00 F1000

; Pass 0 Path 8491
G0 X4.58 Y187.62
G1 X5.58 Y187.62 S300.00 F1000

; Pass 0 Path 8492
G0 X5.58 Y187.52
G1 X4.58 Y187.52 S300.00 F1000

; Pass 0 Path 8493
G0 X4.58 Y187.42
G1 X5.58 Y187.42 S300.00 F1000

; Pass 0 Path 8494
G0 X5.58 Y187.32
G1 X4.58 Y187.32 S300.00 F1000

; Pass 0 Path 8495
G0 X4.58 Y187.22
G1 X5.58 Y187.22 S300.00 F1000

; Pass 0 Path 8496
G0 X5.58 Y187.12
G1 X4.58 Y187.12 S300.00 F1000

; Pass 0 Path 8497
G0 X4.58 Y187.02
G1 X5.58 Y187.02 S300.00 F1000

; Pass 0 Path 8498
G0 X5.58 Y186.92
G1 X4.58 Y186.92 S300.00 F1000

; Pass 0 Path 8499
G0 X4.58 Y186.82
G1 X5.58 Y186.82 S300.00 F1000

; Pass 0 Path 8500
G0 X5.58 Y186.72
G1 X4.58 Y186.72 S300.00 F1000

; Pass 0 Path 8501
G0 X4.58 Y186.62
G1 X5.58 Y186.62 S300.00 F1000

; Pass 0 Path 8502
G0 X5.58 Y186.52
G1 X4.58 Y186.52 S300.00 F1000

; Pass 0 Path 8503
G0 X4.58 Y186.42
G1 X5.58 Y186.42 S300.00 F1000

; Pass 0 Path 8504
G0 X5.58 Y186.32
G1 X4.58 Y186.32 S300.00 F1000

; Pass 0 Path 8505
G0 X4.58 Y186.22
G1 X5.58 Y186.22 S300.00 F1000

; Pass 0 Path 8506
G0 X5.58 Y186.12
G1 X4.58 Y186.12 S300.00 F1000

; Pass 0 Path 8507
G0 X4.58 Y186.02
G1 X5.58 Y186.02 S300.00 F1000

; Pass 0 Path 8508
G0 X5.58 Y185.92
G1 X4.58 Y185.92 S300.00 F1000

; Pass 0 Path 8509
G0 X4.58 Y185.82
G1 X5.58 Y185.82 S300.00 F1000

; Pass 0 Path 8510
G0 X5.58 Y185.72
G1 X4.58 Y185.72 S300.00 F1000

; Pass 0 Path 8511
G0 X4.58 Y185.62
G1 X5.58 Y185.62 S300.00 F1000

; Pass 0 Path 8512
G0 X5.58 Y185.52
G1 X4.58 Y185.52 S300.00 F1000

; Pass 0 Path 8513
G0 X4.58 Y185.42
G1 X5.58 Y185.42 S300.00 F1000

; Pass 0 Path 8514
G0 X5.58 Y185.32
G1 X4.58 Y185.32 S300.00 F1000

; Pass 0 Path 8515
G0 X4.58 Y185.22
G1 X5.58 Y185.22 S300.00 F1000

; Pass 0 Path 8516
G0 X5.58 Y185.12
G1 X4.58 Y185.12 S300.00 F1000

; Pass 0 Path 8517
G0 X4.58 Y185.02
G1 X5.58 Y185.02 S300.00 F1000

; Pass 0 Path 8518
G0 X5.58 Y184.92
G1 X4.58 Y184.92 S300.00 F1000

; Pass 0 Path 8519
G0 X4.58 Y184.82
G1 X5.58 Y184.82 S300.00 F1000

; Pass 0 Path 8520
G0 X5.58 Y184.72
G1 X4.58 Y184.72 S300.00 F1000

; Pass 0 Path 8521
G0 X4.58 Y184.62
G1 X5.58 Y184.62 S300.00 F1000

; Pass 0 Path 8522
G0 X5.58 Y184.52
G1 X4.58 Y184.52 S300.00 F1000

; Pass 0 Path 8523
G0 X4.58 Y184.42
G1 X5.58 Y184.42 S300.00 F1000

; Pass 0 Path 8524
G0 X5.58 Y184.32
G1 X4.58 Y184.32 S300.00 F1000

; Pass 0 Path 8525
G0 X4.58 Y184.22
G1 X5.58 Y184.22 S300.00 F1000

; Pass 0 Path 8526
G0 X5.58 Y184.12
G1 X4.58 Y184.12 S300.00 F1000

; Pass 0 Path 8527
G0 X4.58 Y184.02
G1 X5.58 Y184.02 S300.00 F1000

; Pass 0 Path 8528
G0 X5.58 Y183.92
G1 X4.58 Y183.92 S300.00 F1000

; Pass 0 Path 8529
G0 X4.58 Y183.82
G1 X5.58 Y183.82 S300.00 F1000

; Pass 0 Path 8530
G0 X5.58 Y183.72
G1 X4.58 Y183.72 S300.00 F1000

; Pass 0 Path 8531
G0 X4.58 Y183.62
G1 X5.58 Y183.62 S300.00 F1000

; Pass 0 Path 8532
G0 X5.58 Y183.52
G1 X4.58 Y183.52 S300.00 F1000

; Pass 0 Path 8533
G0 X4.58 Y183.42
G1 X5.58 Y183.42 S300.00 F1000

; Pass 0 Path 8534
G0 X5.58 Y183.32
G1 X4.58 Y183.32 S300.00 F1000

; Pass 0 Path 8535
G0 X4.58 Y183.22
G1 X5.58 Y183.22 S300.00 F1000


;
; Operation:    1
; Type:         Laser Cut
; Paths:        117
; Passes:       1
; Cut rate:     100 mm/min
;


; Pass 0

; Pass 0 Path 0
G0 X5.08 Y3.04
G1 X5.09 Y2.98 S1000.00 F100
G1 X5.09 Y2.91
G1 X5.10 Y2.85
G1 X5.11 Y2.78
G1 X5.12 Y2.72
G1 X5.13 Y2.66
G1 X5.15 Y2.59
G1 X5.16 Y2.53
G1 X5.18 Y2.47
G1 X5.20 Y2.41
G1 X5.22 Y2.35
G1 X5.24 Y2.29
G1 X5.26 Y2.23
G1 X5.28 Y2.17
G1 X5.30 Y2.12
G1 X5.33 Y2.06
G1 X5.36 Y2.00
G1 X5.39 Y1.95
G1 X5.42 Y1.89
G1 X5.45 Y1.84
G1 X5.48 Y1.78
G1 X5.51 Y1.73
G1 X5.54 Y1.68
G1 X5.58 Y1.63
G1 X5.62 Y1.58
G1 X5.65 Y1.53
G1 X5.69 Y1.48
G1 X5.73 Y1.44
G1 X5.77 Y1.39
G1 X5.81 Y1.34
G1 X5.86 Y1.30
G1 X5.90 Y1.26
G1 X5.95 Y1.21
G1 X5.99 Y1.17
G1 X6.04 Y1.13
G1 X6.09 Y1.09
G1 X6.13 Y1.06
G1 X6.18 Y1.02
G1 X6.23 Y0.98
G1 X6.29 Y0.95
G1 X6.34 Y0.91
G1 X6.39 Y0.88
G1 X6.44 Y0.85
G1 X6.50 Y0.82
G1 X6.55 Y0.79
G1 X6.61 Y0.76
G1 X6.67 Y0.74
G1 X6.72 Y0.71
G1 X6.78 Y0.69
G1 X6.84 Y0.67
G1 X6.90 Y0.65
G1 X6.96 Y0.63
G1 X7.02 Y0.61
G1 X7.08 Y0.59
G1 X7.14 Y0.57
G1 X7.20 Y0.56
G1 X7.27 Y0.55
G1 X7.33 Y0.54
G1 X7.39 Y0.53
G1 X7.46 Y0.52
G1 X7.52 Y0.51
G1 X7.59 Y0.51
G1 X7.65 Y0.50
G1 X7.72 Y0.50
G1 X25.30 Y0.50
G1 X25.37 Y0.50
G1 X25.43 Y0.51
G1 X25.50 Y0.51
G1 X25.57 Y0.52
G1 X25.63 Y0.53
G1 X25.70 Y0.54
G1 X25.76 Y0.55
G1 X25.83 Y0.56
G1 X25.89 Y0.58
G1 X25.95 Y0.59
G1 X26.02 Y0.61
G1 X26.08 Y0.63
G1 X26.14 Y0.65
G1 X26.20 Y0.67
G1 X26.26 Y0.70
G1 X26.32 Y0.72
G1 X26.38 Y0.75
G1 X26.43 Y0.78
G1 X26.49 Y0.80
G1 X26.55 Y0.83
G1 X26.60 Y0.87
G1 X26.66 Y0.90
G1 X26.71 Y0.93
G1 X26.76 Y0.97
G1 X26.81 Y1.00
G1 X26.87 Y1.04
G1 X26.92 Y1.08
G1 X26.96 Y1.12
G1 X27.01 Y1.16
G1 X27.06 Y1.20
G1 X27.11 Y1.24
G1 X27.15 Y1.29
G1 X27.94 Y0.50
G1 X33.02 Y0.50
G1 X38.10 Y5.58
G1 X38.10 Y5.58
G1 X43.18 Y0.50
G1 X48.26 Y0.50
G1 X53.34 Y5.58
G1 X53.34 Y5.58
G1 X58.42 Y0.50
G1 X63.50 Y0.50
G1 X68.58 Y5.58
G1 X68.58 Y5.58
G1 X73.66 Y0.50
G1 X78.74 Y0.50
G1 X83.82 Y5.58
G1 X83.82 Y5.58
G1 X88.90 Y0.50
G1 X93.98 Y0.50
G1 X99.06 Y5.58
G1 X104.14 Y0.50
G1 X109.22 Y0.50
G1 X114.30 Y5.58
G1 X119.38 Y0.50
G1 X124.46 Y0.50
G1 X129.54 Y5.58
G1 X134.62 Y0.50
G1 X139.70 Y0.50
G1 X142.94 Y3.74
G1 X142.93 Y3.79
G1 X142.92 Y3.85
G1 X142.92 Y3.90
G1 X142.91 Y3.95
G1 X142.90 Y4.01
G1 X142.89 Y4.06
G1 X142.89 Y4.12
G1 X142.88 Y4.17
G1 X142.88 Y4.23
G1 X142.87 Y4.28
G1 X142.86 Y4.34
G1 X142.86 Y4.39
G1 X142.85 Y4.45
G1 X142.85 Y4.50
G1 X142.84 Y4.56
G1 X142.84 Y4.61
G1 X142.84 Y4.67
G1 X142.83 Y4.72
G1 X142.83 Y4.78
G1 X142.83 Y4.83
G1 X142.82 Y4.89
G1 X142.82 Y4.94
G1 X142.82 Y5.00
G1 X142.82 Y5.05
G1 X142.82 Y5.11
G1 X142.82 Y5.16
G1 X142.81 Y5.22
G1 X142.81 Y5.27
G1 X142.81 Y5.33
G1 X142.82 Y5.38
G1 X142.82 Y5.44
G1 X142.82 Y5.49
G1 X142.82 Y5.55
G1 X142.82 Y5.60
G1 X142.82 Y5.66
G1 X142.83 Y5.71
G1 X142.83 Y5.76
G1 X142.83 Y5.82
G1 X142.84 Y5.87
G1 X142.84 Y5.93
G1 X142.85 Y5.98
G1 X142.85 Y6.03
G1 X142.86 Y6.09
G1 X142.86 Y6.14
G1 X142.87 Y6.20
G1 X142.88 Y6.25
G1 X142.88 Y6.30
G1 X142.89 Y6.36
G1 X142.90 Y6.41
G1 X142.91 Y6.46
G1 X142.92 Y6.51
G1 X142.93 Y6.57
G1 X142.94 Y6.62
G1 X142.95 Y6.67
G1 X142.96 Y6.72
G1 X142.97 Y6.78
G1 X142.99 Y6.83
G1 X143.00 Y6.88
G1 X143.01 Y6.93
G1 X143.03 Y6.98
G1 X143.04 Y7.03
G1 X143.06 Y7.08
G1 X143.07 Y7.13
G1 X143.09 Y7.18
G1 X143.10 Y7.24
G1 X143.08 Y7.37
G1 X143.09 Y7.43
G1 X143.11 Y7.49
G1 X143.14 Y7.55
G1 X143.17 Y7.62
G1 X143.20 Y7.68
G1 X143.23 Y7.74
G1 X143.26 Y7.80
G1 X143.29 Y7.86
G1 X143.33 Y7.92
G1 X143.36 Y7.98
G1 X143.40 Y8.04
G1 X143.43 Y8.10
G1 X143.46 Y8.16
G1 X143.50 Y8.23
G1 X143.53 Y8.29
G1 X143.56 Y8.35
G1 X143.58 Y8.42
G1 X143.61 Y8.47
G1 X143.63 Y8.53
G1 X143.65 Y8.59
G1 X143.68 Y8.65
G1 X143.71 Y8.72
G1 X143.74 Y8.78
G1 X143.76 Y8.85
G1 X143.79 Y8.91
G1 X143.82 Y8.98
G1 X143.86 Y9.05
G1 X143.89 Y9.11
G1 X143.92 Y9.18
G1 X143.95 Y9.25
G1 X143.99 Y9.32
G1 X144.02 Y9.39
G1 X144.06 Y9.46
G1 X144.10 Y9.52
G1 X144.13 Y9.59
G1 X144.17 Y9.66
G1 X144.21 Y9.72
G1 X144.25 Y9.79
G1 X144.28 Y9.85
G1 X144.32 Y9.91
G1 X144.36 Y9.97
G1 X144.40 Y10.03
G1 X144.44 Y10.09
G1 X144.48 Y10.15
G1 X144.53 Y10.20
G1 X144.57 Y10.25
G1 X144.61 Y10.30
G1 X144.65 Y10.34
G1 X144.69 Y10.39
G1 X144.75 Y10.43
G1 X144.82 Y10.45
G1 X144.88 Y10.47
G1 X144.94 Y10.51
G1 X144.98 Y10.57
G1 X145.00 Y10.63
G1 X145.02 Y10.70
G1 X145.06 Y10.76
G1 X145.09 Y10.78
G1 X145.13 Y10.81
G1 X145.17 Y10.84
G1 X145.23 Y10.88
G1 X145.29 Y10.92
G1 X145.36 Y10.96
G1 X145.43 Y11.00
G1 X145.50 Y11.04
G1 X145.57 Y11.08
G1 X145.64 Y11.11
G1 X145.70 Y11.15
G1 X145.76 Y11.18
G1 X145.82 Y11.21
G1 X145.86 Y11.23
G1 X145.90 Y11.24
G1 X145.92 Y11.25
G1 X146.02 Y11.26
G1 X146.11 Y11.25
G1 X146.20 Y11.24
G1 X146.29 Y11.25
G1 X146.36 Y11.28
G1 X146.48 Y11.35
G1 X146.54 Y11.37
G1 X146.63 Y11.38
G1 X146.73 Y11.37
G1 X146.82 Y11.36
G1 X146.91 Y11.37
G1 X146.97 Y11.44
G1 X147.03 Y11.50
G1 X147.07 Y11.51
G1 X147.13 Y11.51
G1 X147.19 Y11.52
G1 X147.26 Y11.52
G1 X147.34 Y11.53
G1 X147.42 Y11.53
G1 X147.50 Y11.54
G1 X147.59 Y11.54
G1 X147.68 Y11.54
G1 X147.76 Y11.54
G1 X147.84 Y11.53
G1 X147.92 Y11.53
G1 X147.99 Y11.52
G1 X148.05 Y11.52
G1 X148.10 Y11.51
G1 X148.14 Y11.50
G1 X148.20 Y11.43
G1 X148.27 Y11.37
G1 X148.36 Y11.36
G1 X148.45 Y11.36
G1 X148.54 Y11.36
G1 X148.64 Y11.37
G1 X148.73 Y11.38
G1 X148.82 Y11.39
G1 X148.91 Y11.39
G1 X149.01 Y11.37
G1 X149.07 Y11.35
G1 X149.13 Y11.32
G1 X149.19 Y11.28
G1 X149.25 Y11.25
G1 X149.31 Y11.23
G1 X149.38 Y11.22
G1 X149.44 Y11.20
G1 X149.50 Y11.18
G1 X149.56 Y11.17
G1 X149.62 Y11.15
G1 X149.68 Y11.14
G1 X149.75 Y11.13
G1 X149.84 Y11.12
G1 X149.93 Y11.13
G1 X150.02 Y11.14
G1 X150.12 Y11.13
G1 X150.19 Y11.11
G1 X150.28 Y11.08
G1 X150.28 Y11.08
G1 X152.40 Y13.20
G1 X155.45 Y10.15
G1 X155.47 Y10.22
G1 X155.49 Y10.28
G1 X155.51 Y10.35
G1 X155.53 Y10.42
G1 X155.55 Y10.49
G1 X155.56 Y10.56
G1 X155.58 Y10.63
G1 X155.60 Y10.71
G1 X155.61 Y10.78
G1 X155.62 Y10.85
G1 X155.64 Y10.93
G1 X155.65 Y11.00
G1 X155.66 Y11.08
G1 X155.67 Y11.15
G1 X155.67 Y11.23
G1 X155.68 Y11.30
G1 X155.69 Y11.38
G1 X155.69 Y11.45
G1 X155.69 Y11.53
G1 X155.69 Y11.60
G1 X155.69 Y11.67
G1 X155.68 Y11.74
G1 X155.68 Y11.81
G1 X155.67 Y11.88
G1 X155.66 Y11.95
G1 X155.65 Y12.01
G1 X155.64 Y12.07
G1 X155.62 Y12.14
G1 X155.60 Y12.20
G1 X155.58 Y12.25
G1 X155.56 Y12.31
G1 X155.54 Y12.36
G1 X155.52 Y12.40
G1 X155.51 Y12.45
G1 X155.51 Y12.51
G1 X155.51 Y12.58
G1 X155.51 Y12.65
G1 X155.51 Y12.73
G1 X155.52 Y12.81
G1 X155.52 Y12.89
G1 X155.52 Y12.97
G1 X155.52 Y13.06
G1 X155.52 Y13.15
G1 X155.51 Y13.24
G1 X155.50 Y13.33
G1 X155.48 Y13.42
G1 X155.45 Y13.51
G1 X155.41 Y13.59
G1 X155.40 Y13.65
G1 X155.41 Y13.71
G1 X155.42 Y13.78
G1 X155.41 Y13.84
G1 X155.38 Y13.91
G1 X155.33 Y13.97
G1 X155.28 Y14.03
G1 X155.22 Y14.09
G1 X155.16 Y14.15
G1 X155.09 Y14.20
G1 X155.02 Y14.25
G1 X154.95 Y14.29
G1 X154.87 Y14.34
G1 X154.79 Y14.38
G1 X154.71 Y14.42
G1 X154.62 Y14.47
G1 X154.54 Y14.51
G1 X154.37 Y14.59
G1 X154.29 Y14.63
G1 X154.20 Y14.67
G1 X154.12 Y14.71
G1 X154.04 Y14.75
G1 X153.97 Y14.80
G1 X153.89 Y14.84
G1 X153.82 Y14.89
G1 X153.76 Y14.94
G1 X153.70 Y15.00
G1 X153.64 Y15.05
G1 X153.59 Y15.12
G1 X153.55 Y15.18
G1 X153.51 Y15.25
G1 X153.48 Y15.32
G1 X153.46 Y15.40
G1 X153.45 Y15.48
G1 X153.44 Y15.56
G1 X153.44 Y15.60
G1 X153.44 Y15.63
G1 X153.45 Y15.67
G1 X153.45 Y15.71
G1 X153.45 Y15.75
G1 X153.46 Y15.79
G1 X153.46 Y15.84
G1 X153.47 Y15.88
G1 X153.48 Y15.93
G1 X153.48 Y15.97
G1 X153.49 Y16.02
G1 X153.50 Y16.07
G1 X153.51 Y16.12
G1 X153.52 Y16.17
G1 X153.53 Y16.21
G1 X153.55 Y16.26
G1 X153.56 Y16.31
G1 X153.57 Y16.36
G1 X153.59 Y16.41
G1 X153.60 Y16.45
G1 X153.61 Y16.50
G1 X153.63 Y16.55
G1 X153.65 Y16.59
G1 X153.66 Y16.63
G1 X153.68 Y16.68
G1 X153.70 Y16.72
G1 X153.72 Y16.75
G1 X153.73 Y16.79
G1 X153.75 Y16.83
G1 X153.77 Y16.86
G1 X153.79 Y16.89
G1 X153.81 Y16.92
G1 X153.84 Y16.96
G1 X153.87 Y17.00
G1 X153.90 Y17.03
G1 X153.93 Y17.07
G1 X153.96 Y17.11
G1 X153.99 Y17.15
G1 X154.02 Y17.19
G1 X154.09 Y17.27
G1 X154.12 Y17.32
G1 X154.15 Y17.36
G1 X154.19 Y17.40
G1 X154.22 Y17.44
G1 X154.25 Y17.48
G1 X154.28 Y17.53
G1 X154.32 Y17.57
G1 X154.35 Y17.61
G1 X154.38 Y17.66
G1 X154.41 Y17.70
G1 X154.45 Y17.74
G1 X154.48 Y17.79
G1 X154.51 Y17.83
G1 X154.54 Y17.88
G1 X154.57 Y17.92
G1 X154.60 Y17.97
G1 X154.63 Y18.02
G1 X154.66 Y18.06
G1 X154.69 Y18.11
G1 X154.72 Y18.16
G1 X154.74 Y18.20
G1 X154.77 Y18.25
G1 X154.80 Y18.30
G1 X154.82 Y18.34
G1 X154.84 Y18.39
G1 X154.87 Y18.44
G1 X154.89 Y18.49
G1 X154.91 Y18.53
G1 X154.93 Y18.58
G1 X154.95 Y18.63
G1 X154.97 Y18.68
G1 X154.98 Y18.73
G1 X155.00 Y18.78
G1 X155.01 Y18.83
G1 X155.02 Y18.88
G1 X155.04 Y18.93
G1 X155.05 Y18.97
G1 X155.05 Y19.02
G1 X155.06 Y19.07
G1 X155.07 Y19.12
G1 X155.07 Y19.17
G1 X155.07 Y19.22
G1 X155.07 Y19.27
G1 X155.07 Y19.32
G1 X155.07 Y19.37
G1 X155.06 Y19.42
G1 X155.05 Y19.47
G1 X155.04 Y19.52
G1 X155.03 Y19.57
G1 X155.02 Y19.62
G1 X155.00 Y19.68
G1 X154.99 Y19.73
G1 X154.97 Y19.78
G1 X154.95 Y19.83
G1 X154.92 Y19.88
G1 X154.88 Y19.96
G1 X154.84 Y20.03
G1 X154.80 Y20.11
G1 X154.76 Y20.18
G1 X154.72 Y20.25
G1 X154.67 Y20.32
G1 X154.62 Y20.38
G1 X154.56 Y20.44
G1 X152.40 Y18.28
G1 X150.86 Y19.82
G1 X150.83 Y19.77
G1 X150.80 Y19.72
G1 X150.77 Y19.67
G1 X150.73 Y19.63
G1 X150.67 Y19.59
G1 X150.54 Y19.55
G1 X150.48 Y19.51
G1 X150.44 Y19.46
G1 X150.40 Y19.41
G1 X150.37 Y19.36
G1 X150.33 Y19.30
G1 X150.30 Y19.24
G1 X150.27 Y19.18
G1 X150.24 Y19.11
G1 X150.21 Y19.04
G1 X150.19 Y18.97
G1 X150.16 Y18.90
G1 X150.14 Y18.82
G1 X150.12 Y18.75
G1 X150.09 Y18.67
G1 X150.07 Y18.60
G1 X150.05 Y18.52
G1 X150.04 Y18.44
G1 X150.02 Y18.37
G1 X150.00 Y18.29
G1 X149.98 Y18.22
G1 X149.96 Y18.15
G1 X149.95 Y18.08
G1 X149.93 Y18.01
G1 X149.91 Y17.94
G1 X149.90 Y17.88
G1 X149.88 Y17.82
G1 X149.86 Y17.77
G1 X149.85 Y17.72
G1 X149.83 Y17.67
G1 X149.81 Y17.63
G1 X149.79 Y17.59
G1 X149.77 Y17.56
G1 X149.75 Y17.54
G1 X149.69 Y17.53
G1 X149.62 Y17.54
G1 X149.55 Y17.48
G1 X149.44 Y17.34
G1 X149.38 Y17.29
G1 X149.31 Y17.26
G1 X149.24 Y17.25
G1 X149.16 Y17.23
G1 X149.08 Y17.23
G1 X149.00 Y17.23
G1 X148.91 Y17.24
G1 X148.82 Y17.25
G1 X148.73 Y17.27
G1 X148.64 Y17.29
G1 X148.55 Y17.32
G1 X148.46 Y17.35
G1 X148.39 Y17.38
G1 X148.31 Y17.42
G1 X148.25 Y17.46
G1 X148.19 Y17.49
G1 X148.14 Y17.54
G1 X148.08 Y17.61
G1 X148.02 Y17.68
G1 X147.97 Y17.75
G1 X147.92 Y17.82
G1 X147.88 Y17.90
G1 X147.84 Y17.97
G1 X147.81 Y18.05
G1 X147.79 Y18.13
G1 X147.76 Y18.21
G1 X147.75 Y18.29
G1 X147.73 Y18.37
G1 X147.72 Y18.45
G1 X147.71 Y18.53
G1 X147.71 Y18.61
G1 X147.70 Y18.69
G1 X147.70 Y18.78
G1 X147.70 Y18.86
G1 X147.70 Y18.94
G1 X147.71 Y19.03
G1 X147.71 Y19.11
G1 X147.71 Y19.20
G1 X147.71 Y19.28
G1 X147.72 Y19.37
G1 X147.72 Y19.45
G1 X147.72 Y19.54
G1 X147.71 Y19.62
G1 X147.71 Y19.70
G1 X147.70 Y19.79
G1 X147.70 Y19.87
G1 X147.68 Y19.96
G1 X147.67 Y20.04
G1 X147.65 Y20.12
G1 X147.63 Y20.20
G1 X147.62 Y20.27
G1 X147.60 Y20.34
G1 X147.59 Y20.41
G1 X147.58 Y20.48
G1 X147.57 Y20.54
G1 X147.56 Y20.61
G1 X147.55 Y20.67
G1 X147.54 Y20.74
G1 X147.54 Y20.81
G1 X147.54 Y20.87
G1 X147.53 Y20.94
G1 X147.53 Y21.01
G1 X147.53 Y21.08
G1 X147.53 Y21.16
G1 X147.53 Y21.23
G1 X147.53 Y21.28
G1 X147.53 Y21.33
G1 X147.54 Y21.39
G1 X147.54 Y21.45
G1 X147.55 Y21.52
G1 X147.55 Y21.59
G1 X147.56 Y21.66
G1 X147.56 Y21.73
G1 X147.57 Y21.81
G1 X147.57 Y21.88
G1 X147.57 Y21.95
G1 X147.57 Y22.01
G1 X147.56 Y22.07
G1 X147.56 Y22.13
G1 X147.54 Y22.18
G1 X147.53 Y22.22
G1 X147.49 Y22.28
G1 X147.46 Y22.35
G1 X147.43 Y22.41
G1 X147.41 Y22.47
G1 X147.38 Y22.53
G1 X147.36 Y22.58
G1 X147.34 Y22.64
G1 X147.32 Y22.69
G1 X147.30 Y22.74
G1 X147.28 Y22.79
G1 X147.27 Y22.84
G1 X147.25 Y22.89
G1 X147.24 Y22.94
G1 X147.24 Y22.99
G1 X147.23 Y23.04
G1 X147.22 Y23.09
G1 X147.22 Y23.14
G1 X147.22 Y23.19
G1 X147.22 Y23.24
G1 X147.22 Y23.29
G1 X147.23 Y23.35
G1 X147.23 Y23.40
G1 X147.24 Y23.46
G1 X147.25 Y23.52
G1 X147.26 Y23.58
G1 X147.28 Y23.64
G1 X147.29 Y23.70
G1 X147.31 Y23.77
G1 X147.33 Y23.84
G1 X147.35 Y23.91
G1 X147.38 Y23.99
G1 X147.40 Y24.07
G1 X147.42 Y24.12
G1 X147.45 Y24.18
G1 X147.48 Y24.24
G1 X147.51 Y24.29
G1 X147.54 Y24.35
G1 X147.58 Y24.41
G1 X147.62 Y24.46
G1 X147.67 Y24.52
G1 X147.71 Y24.57
G1 X147.76 Y24.63
G1 X147.81 Y24.68
G1 X147.86 Y24.73
G1 X147.91 Y24.78
G1 X147.97 Y24.84
G1 X148.03 Y24.89
G1 X148.08 Y24.94
G1 X148.14 Y24.98
G1 X148.20 Y25.03
G1 X148.26 Y25.08
G1 X148.32 Y25.12
G1 X148.38 Y25.17
G1 X148.44 Y25.21
G1 X148.50 Y25.25
G1 X148.56 Y25.29
G1 X148.62 Y25.33
G1 X148.68 Y25.36
G1 X148.74 Y25.40
G1 X148.79 Y25.43
G1 X148.85 Y25.46
G1 X148.90 Y25.49
G1 X148.96 Y25.52
G1 X149.01 Y25.55
G1 X149.06 Y25.58
G1 X149.10 Y25.62
G1 X149.13 Y25.67
G1 X149.16 Y25.72
G1 X149.18 Y25.77
G1 X149.20 Y25.82
G1 X149.22 Y25.86
G1 X149.24 Y25.90
G1 X146.66 Y25.90
G1 X146.61 Y25.86
G1 X146.56 Y25.82
G1 X146.51 Y25.79
G1 X146.46 Y25.76
G1 X146.42 Y25.73
G1 X146.37 Y25.70
G1 X146.32 Y25.68
G1 X146.27 Y25.66
G1 X146.23 Y25.65
G1 X146.18 Y25.64
G1 X146.14 Y25.63
G1 X146.09 Y25.63
G1 X146.05 Y25.63
G1 X146.01 Y25.64
G1 X145.97 Y25.65
G1 X145.92 Y25.67
G1 X145.88 Y25.69
G1 X145.84 Y25.72
G1 X145.80 Y25.74
G1 X145.76 Y25.77
G1 X145.72 Y25.80
G1 X145.68 Y25.83
G1 X145.64 Y25.87
G1 X145.60 Y25.90
G1 X104.14 Y25.90
G1 X104.14 Y28.44
G1 X104.14 Y28.50
G1 X104.14 Y28.57
G1 X104.13 Y28.63
G1 X104.13 Y28.70
G1 X104.12 Y28.76
G1 X104.11 Y28.83
G1 X104.10 Y28.89
G1 X104.09 Y28.95
G1 X104.08 Y29.01
G1 X104.06 Y29.07
G1 X104.04 Y29.14
G1 X104.03 Y29.20
G1 X104.01 Y29.26
G1 X103.99 Y29.31
G1 X103.96 Y29.37
G1 X103.94 Y29.43
G1 X103.92 Y29.49
G1 X103.89 Y29.54
G1 X103.86 Y29.60
G1 X103.83 Y29.65
G1 X103.80 Y29.70
G1 X103.77 Y29.76
G1 X103.74 Y29.81
G1 X103.71 Y29.86
G1 X103.67 Y29.91
G1 X103.64 Y29.96
G1 X103.60 Y30.01
G1 X103.56 Y30.06
G1 X103.52 Y30.10
G1 X103.48 Y30.15
G1 X103.44 Y30.19
G1 X103.40 Y30.24
G1 X103.35 Y30.28
G1 X103.31 Y30.32
G1 X103.26 Y30.36
G1 X103.22 Y30.40
G1 X103.17 Y30.44
G1 X103.12 Y30.48
G1 X103.07 Y30.51
G1 X103.02 Y30.55
G1 X102.97 Y30.58
G1 X102.92 Y30.61
G1 X102.87 Y30.64
G1 X102.81 Y30.67
G1 X102.76 Y30.70
G1 X102.70 Y30.73
G1 X102.65 Y30.76
G1 X102.59 Y30.78
G1 X102.53 Y30.80
G1 X102.48 Y30.83
G1 X102.42 Y30.85
G1 X102.36 Y30.86
G1 X102.30 Y30.88
G1 X102.24 Y30.90
G1 X102.17 Y30.91
G1 X102.11 Y30.93
G1 X102.05 Y30.94
G1 X101.99 Y30.95
G1 X101.92 Y30.96
G1 X101.86 Y30.97
G1 X101.80 Y30.97
G1 X101.73 Y30.98
G1 X101.67 Y30.98
G1 X101.60 Y30.98
G1 X86.36 Y30.98
G1 X86.29 Y30.98
G1 X86.23 Y30.98
G1 X86.16 Y30.97
G1 X86.10 Y30.97
G1 X86.04 Y30.96
G1 X85.97 Y30.95
G1 X85.91 Y30.94
G1 X85.85 Y30.93
G1 X85.79 Y30.91
G1 X85.72 Y30.90
G1 X85.66 Y30.88
G1 X85.60 Y30.86
G1 X85.54 Y30.85
G1 X85.48 Y30.83
G1 X85.43 Y30.80
G1 X85.37 Y30.78
G1 X85.31 Y30.76
G1 X85.26 Y30.73
G1 X85.20 Y30.70
G1 X85.15 Y30.67
G1 X85.09 Y30.64
G1 X85.04 Y30.61
G1 X84.99 Y30.58
G1 X84.94 Y30.55
G1 X84.89 Y30.51
G1 X84.84 Y30.48
G1 X84.79 Y30.44
G1 X84.74 Y30.40
G1 X84.70 Y30.36
G1 X84.65 Y30.32
G1 X84.61 Y30.28
G1 X84.56 Y30.24
G1 X84.52 Y30.19
G1 X84.48 Y30.15
G1 X84.44 Y30.10
G1 X84.40 Y30.06
G1 X84.36 Y30.01
G1 X84.32 Y29.96
G1 X84.29 Y29.91
G1 X84.25 Y29.86
G1 X84.22 Y29.81
G1 X84.19 Y29.76
G1 X84.16 Y29.70
G1 X84.13 Y29.65
G1 X84.10 Y29.60
G1 X84.07 Y29.54
G1 X84.04 Y29.49
G1 X84.02 Y29.43
G1 X84.00 Y29.37
G1 X83.97 Y29.31
G1 X83.95 Y29.26
G1 X83.93 Y29.20
G1 X83.92 Y29.14
G1 X83.90 Y29.07
G1 X83.88 Y29.01
G1 X83.87 Y28.95
G1 X83.86 Y28.89
G1 X83.85 Y28.83
G1 X83.84 Y28.76
G1 X83.83 Y28.70
G1 X83.83 Y28.63
G1 X83.82 Y28.57
G1 X83.82 Y28.50
G1 X83.82 Y28.44
G1 X83.82 Y13.20
G1 X83.82 Y13.13
G1 X83.82 Y13.07
G1 X83.83 Y13.00
G1 X83.83 Y12.94
G1 X83.84 Y12.87
G1 X83.85 Y12.81
G1 X83.86 Y12.75
G1 X83.87 Y12.69
G1 X83.88 Y12.62
G1 X83.90 Y12.56
G1 X83.92 Y12.50
G1 X83.93 Y12.44
G1 X83.95 Y12.38
G1 X83.97 Y12.32
G1 X84.00 Y12.27
G1 X84.02 Y12.21
G1 X84.04 Y12.15
G1 X84.07 Y12.10
G1 X84.10 Y12.04
G1 X84.13 Y11.99
G1 X84.16 Y11.93
G1 X84.19 Y11.88
G1 X84.22 Y11.83
G1 X84.25 Y11.78
G1 X84.29 Y11.73
G1 X84.32 Y11.68
G1 X84.36 Y11.63
G1 X84.40 Y11.58
G1 X84.44 Y11.53
G1 X84.48 Y11.49
G1 X84.52 Y11.44
G1 X84.55 Y11.41
G1 X84.56 Y11.40
G1 X84.61 Y11.36
G1 X84.65 Y11.32
G1 X84.70 Y11.28
G1 X84.74 Y11.24
G1 X84.79 Y11.20
G1 X84.84 Y11.16
G1 X84.89 Y11.13
G1 X84.94 Y11.09
G1 X84.99 Y11.06
G1 X85.04 Y11.03
G1 X85.09 Y10.99
G1 X85.15 Y10.96
G1 X85.20 Y10.94
G1 X85.26 Y10.91
G1 X85.31 Y10.88
G1 X85.37 Y10.86
G1 X85.43 Y10.83
G1 X85.48 Y10.81
G1 X85.54 Y10.79
G1 X85.60 Y10.77
G1 X85.66 Y10.76
G1 X85.72 Y10.74
G1 X85.78 Y10.72
G1 X85.85 Y10.71
G1 X85.91 Y10.70
G1 X85.97 Y10.69
G1 X86.04 Y10.68
G1 X86.10 Y10.67
G1 X86.16 Y10.67
G1 X86.23 Y10.66
G1 X86.29 Y10.66
G1 X86.36 Y10.66
G1 X101.60 Y10.66
G1 X101.67 Y10.66
G1 X101.73 Y10.66
G1 X101.80 Y10.67
G1 X101.86 Y10.67
G1 X101.92 Y10.68
G1 X101.99 Y10.69
G1 X102.05 Y10.70
G1 X102.11 Y10.71
G1 X102.17 Y10.72
G1 X102.24 Y10.74
G1 X102.30 Y10.76
G1 X102.36 Y10.77
G1 X102.42 Y10.79
G1 X102.47 Y10.81
G1 X102.53 Y10.83
G1 X102.59 Y10.86
G1 X102.65 Y10.88
G1 X102.70 Y10.91
G1 X102.76 Y10.94
G1 X102.81 Y10.96
G1 X102.87 Y10.99
G1 X102.92 Y11.03
G1 X102.97 Y11.06
G1 X103.02 Y11.09
G1 X103.07 Y11.13
G1 X103.12 Y11.16
G1 X103.17 Y11.20
G1 X103.22 Y11.24
G1 X103.26 Y11.28
G1 X103.31 Y11.32
G1 X103.35 Y11.36
G1 X103.40 Y11.40
G1 X103.44 Y11.45
G1 X103.48 Y11.49
G1 X103.52 Y11.54
G1 X103.56 Y11.58
G1 X103.60 Y11.63
G1 X103.64 Y11.68
G1 X103.67 Y11.73
G1 X103.71 Y11.78
G1 X103.74 Y11.83
G1 X103.77 Y11.88
G1 X103.80 Y11.93
G1 X103.83 Y11.99
G1 X103.86 Y12.04
G1 X103.89 Y12.10
G1 X103.92 Y12.15
G1 X103.94 Y12.21
G1 X103.96 Y12.27
G1 X103.99 Y12.32
G1 X104.01 Y12.38
G1 X104.03 Y12.44
G1 X104.04 Y12.50
G1 X104.06 Y12.56
G1 X104.07 Y12.62
G1 X104.09 Y12.69
G1 X104.10 Y12.75
G1 X104.11 Y12.81
G1 X104.12 Y12.88
G1 X104.13 Y12.94
G1 X104.13 Y13.00
G1 X104.14 Y13.07
G1 X104.14 Y13.13
G1 X104.14 Y13.20
G1 X104.14 Y20.82
G1 X104.14 Y20.82
G1 X104.14 Y13.20
G1 X104.14 Y13.13
G1 X104.14 Y13.07
G1 X104.13 Y13.00
G1 X104.13 Y12.94
G1 X104.12 Y12.87
G1 X104.11 Y12.81
G1 X104.10 Y12.75
G1 X104.09 Y12.69
G1 X104.08 Y12.62
G1 X104.06 Y12.56
G1 X104.04 Y12.50
G1 X104.03 Y12.44
G1 X104.01 Y12.38
G1 X103.99 Y12.32
G1 X103.96 Y12.27
G1 X103.94 Y12.21
G1 X103.92 Y12.15
G1 X103.89 Y12.10
G1 X103.86 Y12.04
G1 X103.83 Y11.99
G1 X103.80 Y11.93
G1 X103.77 Y11.88
G1 X103.74 Y11.83
G1 X103.71 Y11.78
G1 X103.67 Y11.73
G1 X103.64 Y11.68
G1 X103.60 Y11.63
G1 X103.56 Y11.58
G1 X103.52 Y11.53
G1 X103.48 Y11.49
G1 X103.44 Y11.44
G1 X103.40 Y11.40
G1 X103.35 Y11.36
G1 X103.31 Y11.32
G1 X103.26 Y11.28
G1 X103.22 Y11.24
G1 X103.17 Y11.20
G1 X103.12 Y11.16
G1 X103.07 Y11.13
G1 X103.02 Y11.09
G1 X102.97 Y11.06
G1 X102.92 Y11.03
G1 X102.87 Y10.99
G1 X102.81 Y10.96
G1 X102.76 Y10.94
G1 X102.70 Y10.91
G1 X102.65 Y10.88
G1 X102.59 Y10.86
G1 X102.53 Y10.83
G1 X102.48 Y10.81
G1 X102.42 Y10.79
G1 X102.36 Y10.77
G1 X102.30 Y10.75
G1 X102.24 Y10.74
G1 X102.17 Y10.72
G1 X102.11 Y10.71
G1 X102.05 Y10.70
G1 X101.99 Y10.69
G1 X101.92 Y10.68
G1 X101.86 Y10.67
G1 X101.80 Y10.67
G1 X101.73 Y10.66
G1 X101.67 Y10.66
G1 X101.60 Y10.66
G1 X86.36 Y10.66
G1 X86.29 Y10.66
G1 X86.23 Y10.66
G1 X86.16 Y10.67
G1 X86.10 Y10.67
G1 X86.04 Y10.68
G1 X85.97 Y10.69
G1 X85.91 Y10.70
G1 X85.85 Y10.71
G1 X85.79 Y10.72
G1 X85.72 Y10.74
G1 X85.66 Y10.75
G1 X85.60 Y10.77
G1 X85.54 Y10.79
G1 X85.48 Y10.81
G1 X85.43 Y10.83
G1 X85.37 Y10.86
G1 X85.31 Y10.88
G1 X85.26 Y10.91
G1 X85.20 Y10.94
G1 X85.15 Y10.96
G1 X85.09 Y10.99
G1 X85.04 Y11.03
G1 X84.99 Y11.06
G1 X84.94 Y11.09
G1 X84.89 Y11.13
G1 X84.84 Y11.16
G1 X84.79 Y11.20
G1 X84.74 Y11.24
G1 X84.70 Y11.28
G1 X84.65 Y11.32
G1 X84.61 Y11.36
G1 X84.56 Y11.40
G1 X84.55 Y11.41
G1 X84.52 Y11.44
G1 X84.48 Y11.49
G1 X84.44 Y11.54
G1 X84.40 Y11.58
G1 X84.36 Y11.63
G1 X84.32 Y11.68
G1 X84.29 Y11.73
G1 X84.25 Y11.78
G1 X84.22 Y11.83
G1 X84.19 Y11.88
G1 X84.16 Y11.93
G1 X84.13 Y11.99
G1 X84.10 Y12.04
G1 X84.07 Y12.10
G1 X84.04 Y12.15
G1 X84.02 Y12.21
G1 X84.00 Y12.27
G1 X83.97 Y12.32
G1 X83.95 Y12.38
G1 X83.93 Y12.44
G1 X83.92 Y12.50
G1 X83.90 Y12.56
G1 X83.88 Y12.62
G1 X83.87 Y12.69
G1 X83.86 Y12.75
G1 X83.85 Y12.81
G1 X83.84 Y12.87
G1 X83.83 Y12.94
G1 X83.83 Y13.00
G1 X83.82 Y13.07
G1 X83.82 Y13.13
G1 X83.82 Y13.20
G1 X83.82 Y28.44
G1 X83.82 Y28.50
G1 X83.82 Y28.57
G1 X83.83 Y28.63
G1 X83.83 Y28.70
G1 X83.84 Y28.76
G1 X83.85 Y28.83
G1 X83.86 Y28.89
G1 X83.87 Y28.95
G1 X83.88 Y29.01
G1 X83.90 Y29.08
G1 X83.92 Y29.14
G1 X83.93 Y29.20
G1 X83.95 Y29.26
G1 X83.97 Y29.31
G1 X84.00 Y29.37
G1 X84.02 Y29.43
G1 X84.04 Y29.49
G1 X84.07 Y29.54
G1 X84.10 Y29.60
G1 X84.13 Y29.65
G1 X84.16 Y29.71
G1 X84.19 Y29.76
G1 X84.22 Y29.81
G1 X84.25 Y29.86
G1 X84.29 Y29.91
G1 X84.32 Y29.96
G1 X84.36 Y30.01
G1 X84.40 Y30.06
G1 X84.44 Y30.10
G1 X84.48 Y30.15
G1 X84.52 Y30.19
G1 X84.56 Y30.24
G1 X84.61 Y30.28
G1 X84.65 Y30.32
G1 X84.70 Y30.36
G1 X84.74 Y30.40
G1 X84.79 Y30.44
G1 X84.84 Y30.48
G1 X84.89 Y30.51
G1 X84.94 Y30.55
G1 X84.99 Y30.58
G1 X85.04 Y30.61
G1 X85.09 Y30.64
G1 X85.15 Y30.67
G1 X85.20 Y30.70
G1 X85.26 Y30.73
G1 X85.31 Y30.76
G1 X85.37 Y30.78
G1 X85.43 Y30.80
G1 X85.48 Y30.83
G1 X85.54 Y30.85
G1 X85.60 Y30.86
G1 X85.66 Y30.88
G1 X85.72 Y30.90
G1 X85.78 Y30.91
G1 X85.85 Y30.93
G1 X85.91 Y30.94
G1 X85.97 Y30.95
G1 X86.04 Y30.96
G1 X86.10 Y30.97
G1 X86.16 Y30.97
G1 X86.23 Y30.98
G1 X86.29 Y30.98
G1 X86.36 Y30.98
G1 X93.98 Y30.98
G1 X93.98 Y33.52
G1 X93.98 Y33.58
G1 X93.98 Y33.65
G1 X93.97 Y33.71
G1 X93.97 Y33.78
G1 X93.96 Y33.84
G1 X93.95 Y33.91
G1 X93.94 Y33.97
G1 X93.93 Y34.03
G1 X93.91 Y34.09
G1 X93.90 Y34.15
G1 X93.88 Y34.22
G1 X93.87 Y34.28
G1 X93.85 Y34.34
G1 X93.83 Y34.39
G1 X93.80 Y34.45
G1 X93.78 Y34.51
G1 X93.76 Y34.57
G1 X93.73 Y34.62
G1 X93.70 Y34.68
G1 X93.67 Y34.73
G1 X93.64 Y34.79
G1 X93.61 Y34.84
G1 X93.58 Y34.89
G1 X93.55 Y34.94
G1 X93.51 Y34.99
G1 X93.48 Y35.04
G1 X93.44 Y35.09
G1 X93.40 Y35.14
G1 X93.36 Y35.18
G1 X93.32 Y35.23
G1 X93.28 Y35.27
G1 X93.24 Y35.32
G1 X93.19 Y35.36
G1 X93.15 Y35.40
G1 X93.10 Y35.44
G1 X93.06 Y35.48
G1 X93.01 Y35.52
G1 X92.96 Y35.56
G1 X92.91 Y35.59
G1 X92.86 Y35.63
G1 X92.81 Y35.66
G1 X92.76 Y35.69
G1 X92.71 Y35.72
G1 X92.65 Y35.75
G1 X92.60 Y35.78
G1 X92.54 Y35.81
G1 X92.49 Y35.84
G1 X92.43 Y35.86
G1 X92.37 Y35.88
G1 X92.31 Y35.91
G1 X92.26 Y35.93
G1 X92.20 Y35.95
G1 X92.14 Y35.96
G1 X92.08 Y35.98
G1 X92.01 Y35.99
G1 X91.95 Y36.01
G1 X91.89 Y36.02
G1 X91.83 Y36.03
G1 X91.76 Y36.04
G1 X91.70 Y36.05
G1 X91.64 Y36.05
G1 X91.57 Y36.06
G1 X91.51 Y36.06
G1 X91.44 Y36.06
G1 X88.90 Y36.06
G1 X88.90 Y36.06
G1 X86.36 Y38.60
G1 X88.90 Y41.14
G1 X88.90 Y41.14
G1 X88.90 Y41.14
G1 X91.44 Y41.14
G1 X91.51 Y41.14
G1 X91.57 Y41.14
G1 X91.64 Y41.15
G1 X91.70 Y41.15
G1 X91.76 Y41.16
G1 X91.83 Y41.17
G1 X91.89 Y41.18
G1 X91.95 Y41.19
G1 X92.01 Y41.20
G1 X92.08 Y41.22
G1 X92.14 Y41.23
G1 X92.20 Y41.25
G1 X92.26 Y41.27
G1 X92.31 Y41.29
G1 X92.37 Y41.31
G1 X92.43 Y41.34
G1 X92.49 Y41.36
G1 X92.54 Y41.39
G1 X92.60 Y41.42
G1 X92.65 Y41.44
G1 X92.71 Y41.47
G1 X92.76 Y41.51
G1 X92.81 Y41.54
G1 X92.86 Y41.57
G1 X92.91 Y41.61
G1 X92.96 Y41.64
G1 X93.01 Y41.68
G1 X93.06 Y41.72
G1 X93.10 Y41.76
G1 X93.15 Y41.80
G1 X93.19 Y41.84
G1 X93.24 Y41.88
G1 X93.28 Y41.92
G1 X93.32 Y41.97
G1 X93.36 Y42.01
G1 X93.40 Y42.06
G1 X93.44 Y42.11
G1 X93.48 Y42.16
G1 X93.51 Y42.21
G1 X93.55 Y42.26
G1 X93.58 Y42.31
G1 X93.61 Y42.36
G1 X93.64 Y42.41
G1 X93.67 Y42.47
G1 X93.70 Y42.52
G1 X93.73 Y42.58
G1 X93.76 Y42.63
G1 X93.78 Y42.69
G1 X93.80 Y42.75
G1 X93.83 Y42.80
G1 X93.85 Y42.86
G1 X93.87 Y42.92
G1 X93.88 Y42.98
G1 X93.90 Y43.04
G1 X93.91 Y43.10
G1 X93.93 Y43.17
G1 X93.94 Y43.23
G1 X93.95 Y43.29
G1 X93.96 Y43.35
G1 X93.97 Y43.42
G1 X93.97 Y43.48
G1 X93.98 Y43.55
G1 X93.98 Y43.61
G1 X93.98 Y43.68
G1 X93.98 Y46.22
G1 X86.36 Y46.22
G1 X86.29 Y46.22
G1 X86.23 Y46.22
G1 X86.16 Y46.23
G1 X86.10 Y46.23
G1 X86.04 Y46.24
G1 X85.97 Y46.25
G1 X85.91 Y46.26
G1 X85.85 Y46.27
G1 X85.79 Y46.28
G1 X85.72 Y46.30
G1 X85.66 Y46.32
G1 X85.60 Y46.33
G1 X85.54 Y46.35
G1 X85.48 Y46.37
G1 X85.43 Y46.39
G1 X85.37 Y46.42
G1 X85.31 Y46.44
G1 X85.26 Y46.47
G1 X85.20 Y46.50
G1 X85.15 Y46.52
G1 X85.09 Y46.55
G1 X85.09 Y46.55
G1 X85.09 Y46.55
G1 X85.04 Y46.59
G1 X84.99 Y46.62
G1 X84.94 Y46.65
G1 X84.89 Y46.69
G1 X84.84 Y46.72
G1 X84.79 Y46.76
G1 X84.74 Y46.80
G1 X84.70 Y46.84
G1 X84.65 Y46.88
G1 X84.61 Y46.92
G1 X84.56 Y46.96
G1 X84.52 Y47.01
G1 X84.48 Y47.05
G1 X84.44 Y47.10
G1 X84.40 Y47.14
G1 X84.36 Y47.19
G1 X84.32 Y47.24
G1 X84.29 Y47.29
G1 X84.25 Y47.34
G1 X84.22 Y47.39
G1 X84.19 Y47.44
G1 X84.16 Y47.49
G1 X84.13 Y47.55
G1 X84.10 Y47.60
G1 X84.07 Y47.66
G1 X84.04 Y47.71
G1 X84.02 Y47.77
G1 X84.00 Y47.83
G1 X83.97 Y47.88
G1 X83.95 Y47.94
G1 X83.93 Y48.00
G1 X83.92 Y48.06
G1 X83.90 Y48.12
G1 X83.88 Y48.18
G1 X83.87 Y48.25
G1 X83.86 Y48.31
G1 X83.85 Y48.37
G1 X83.84 Y48.43
G1 X83.83 Y48.50
G1 X83.83 Y48.56
G1 X83.82 Y48.63
G1 X83.82 Y48.69
G1 X83.82 Y48.76
G1 X83.82 Y64.00
G1 X83.82 Y64.06
G1 X83.82 Y64.13
G1 X83.83 Y64.19
G1 X83.83 Y64.26
G1 X83.84 Y64.32
G1 X83.85 Y64.39
G1 X83.86 Y64.45
G1 X83.87 Y64.51
G1 X83.88 Y64.57
G1 X83.90 Y64.64
G1 X83.92 Y64.70
G1 X83.93 Y64.76
G1 X83.95 Y64.82
G1 X83.97 Y64.87
G1 X84.00 Y64.93
G1 X84.02 Y64.99
G1 X84.04 Y65.05
G1 X84.07 Y65.10
G1 X84.10 Y65.16
G1 X84.13 Y65.21
G1 X84.16 Y65.27
G1 X84.19 Y65.32
G1 X84.22 Y65.37
G1 X84.25 Y65.42
G1 X84.29 Y65.47
G1 X84.32 Y65.52
G1 X84.36 Y65.57
G1 X84.40 Y65.62
G1 X84.44 Y65.66
G1 X84.48 Y65.71
G1 X84.52 Y65.75
G1 X84.56 Y65.80
G1 X84.61 Y65.84
G1 X84.65 Y65.88
G1 X84.70 Y65.92
G1 X84.74 Y65.96
G1 X84.79 Y66.00
G1 X84.84 Y66.04
G1 X84.89 Y66.07
G1 X84.94 Y66.11
G1 X84.99 Y66.14
G1 X85.04 Y66.17
G1 X85.09 Y66.20
G1 X85.15 Y66.23
G1 X85.15 Y66.23
G1 X85.15 Y66.23
G1 X85.20 Y66.26
G1 X85.26 Y66.29
G1 X85.31 Y66.32
G1 X85.37 Y66.34
G1 X85.43 Y66.36
G1 X85.48 Y66.39
G1 X85.54 Y66.41
G1 X85.60 Y66.43
G1 X85.66 Y66.44
G1 X85.72 Y66.46
G1 X85.79 Y66.47
G1 X85.85 Y66.49
G1 X85.91 Y66.50
G1 X85.97 Y66.51
G1 X86.04 Y66.52
G1 X86.10 Y66.53
G1 X86.16 Y66.53
G1 X86.23 Y66.54
G1 X86.29 Y66.54
G1 X86.36 Y66.54
G1 X93.98 Y66.54
G1 X93.98 Y66.54
G1 X86.36 Y66.54
G1 X86.29 Y66.54
G1 X86.23 Y66.54
G1 X86.16 Y66.53
G1 X86.10 Y66.53
G1 X86.04 Y66.52
G1 X85.97 Y66.51
G1 X85.91 Y66.50
G1 X85.85 Y66.49
G1 X85.78 Y66.47
G1 X85.72 Y66.46
G1 X85.66 Y66.44
G1 X85.60 Y66.43
G1 X85.54 Y66.41
G1 X85.48 Y66.39
G1 X85.43 Y66.36
G1 X85.37 Y66.34
G1 X85.31 Y66.32
G1 X85.26 Y66.29
G1 X85.20 Y66.26
G1 X85.15 Y66.23
G1 X85.09 Y66.20
G1 X85.04 Y66.17
G1 X84.99 Y66.14
G1 X84.94 Y66.11
G1 X84.89 Y66.07
G1 X84.84 Y66.04
G1 X84.79 Y66.00
G1 X84.74 Y65.96
G1 X84.70 Y65.92
G1 X84.65 Y65.88
G1 X84.61 Y65.84
G1 X84.56 Y65.80
G1 X84.52 Y65.75
G1 X84.48 Y65.71
G1 X84.44 Y65.66
G1 X84.40 Y65.62
G1 X84.36 Y65.57
G1 X84.32 Y65.52
G1 X84.29 Y65.47
G1 X84.25 Y65.42
G1 X84.22 Y65.37
G1 X84.19 Y65.32
G1 X84.16 Y65.27
G1 X84.13 Y65.21
G1 X84.10 Y65.16
G1 X84.07 Y65.10
G1 X84.04 Y65.05
G1 X84.02 Y64.99
G1 X84.00 Y64.93
G1 X83.97 Y64.87
G1 X83.95 Y64.82
G1 X83.93 Y64.76
G1 X83.92 Y64.70
G1 X83.90 Y64.64
G1 X83.88 Y64.57
G1 X83.87 Y64.51
G1 X83.86 Y64.45
G1 X83.85 Y64.39
G1 X83.84 Y64.32
G1 X83.83 Y64.26
G1 X83.83 Y64.20
G1 X83.82 Y64.13
G1 X83.82 Y64.06
G1 X83.82 Y64.00
G1 X83.82 Y48.76
G1 X83.82 Y48.69
G1 X83.82 Y48.63
G1 X83.83 Y48.56
G1 X83.83 Y48.50
G1 X83.84 Y48.43
G1 X83.85 Y48.37
G1 X83.86 Y48.31
G1 X83.87 Y48.25
G1 X83.88 Y48.18
G1 X83.90 Y48.12
G1 X83.92 Y48.06
G1 X83.93 Y48.00
G1 X83.95 Y47.94
G1 X83.97 Y47.88
G1 X84.00 Y47.83
G1 X84.02 Y47.77
G1 X84.04 Y47.71
G1 X84.07 Y47.66
G1 X84.10 Y47.60
G1 X84.13 Y47.55
G1 X84.16 Y47.49
G1 X84.19 Y47.44
G1 X84.22 Y47.39
G1 X84.25 Y47.34
G1 X84.29 Y47.29
G1 X84.32 Y47.24
G1 X84.36 Y47.19
G1 X84.40 Y47.14
G1 X84.44 Y47.10
G1 X84.48 Y47.05
G1 X84.52 Y47.00
G1 X84.56 Y46.96
G1 X84.61 Y46.92
G1 X84.65 Y46.88
G1 X84.70 Y46.84
G1 X84.74 Y46.80
G1 X84.79 Y46.76
G1 X84.84 Y46.72
G1 X84.89 Y46.69
G1 X84.94 Y46.65
G1 X84.99 Y46.62
G1 X85.04 Y46.59
G1 X85.09 Y46.55
G1 X85.15 Y46.52
G1 X85.20 Y46.50
G1 X85.26 Y46.47
G1 X85.31 Y46.44
G1 X85.37 Y46.42
G1 X85.43 Y46.39
G1 X85.48 Y46.37
G1 X85.54 Y46.35
G1 X85.60 Y46.33
G1 X85.66 Y46.32
G1 X85.72 Y46.30
G1 X85.78 Y46.28
G1 X85.85 Y46.27
G1 X85.91 Y46.26
G1 X85.97 Y46.25
G1 X86.04 Y46.24
G1 X86.10 Y46.23
G1 X86.16 Y46.23
G1 X86.23 Y46.22
G1 X86.29 Y46.22
G1 X86.36 Y46.22
G1 X93.98 Y46.22
G1 X93.98 Y46.22
G1 X101.60 Y46.22
G1 X101.67 Y46.22
G1 X101.73 Y46.22
G1 X101.80 Y46.23
G1 X101.86 Y46.23
G1 X101.92 Y46.24
G1 X101.99 Y46.25
G1 X102.05 Y46.26
G1 X102.11 Y46.27
G1 X102.17 Y46.28
G1 X102.24 Y46.30
G1 X102.30 Y46.32
G1 X102.36 Y46.33
G1 X102.42 Y46.35
G1 X102.48 Y46.37
G1 X102.53 Y46.39
G1 X102.59 Y46.42
G1 X102.65 Y46.44
G1 X102.70 Y46.47
G1 X102.76 Y46.50
G1 X102.81 Y46.52
G1 X102.87 Y46.55
G1 X102.92 Y46.59
G1 X102.97 Y46.62
G1 X103.02 Y46.65
G1 X103.07 Y46.69
G1 X103.12 Y46.72
G1 X103.17 Y46.76
G1 X103.22 Y46.80
G1 X103.26 Y46.84
G1 X103.31 Y46.88
G1 X103.35 Y46.92
G1 X103.40 Y46.96
G1 X103.44 Y47.00
G1 X103.48 Y47.05
G1 X103.52 Y47.10
G1 X103.56 Y47.14
G1 X103.60 Y47.19
G1 X103.64 Y47.24
G1 X103.67 Y47.29
G1 X103.71 Y47.34
G1 X103.74 Y47.39
G1 X103.77 Y47.44
G1 X103.80 Y47.49
G1 X103.83 Y47.55
G1 X103.86 Y47.60
G1 X103.89 Y47.66
G1 X103.92 Y47.71
G1 X103.94 Y47.77
G1 X103.96 Y47.83
G1 X103.99 Y47.88
G1 X104.01 Y47.94
G1 X104.03 Y48.00
G1 X104.04 Y48.06
G1 X104.06 Y48.12
G1 X104.08 Y48.18
G1 X104.09 Y48.25
G1 X104.10 Y48.31
G1 X104.11 Y48.37
G1 X104.12 Y48.43
G1 X104.13 Y48.50
G1 X104.13 Y48.56
G1 X104.14 Y48.63
G1 X104.14 Y48.69
G1 X104.14 Y48.76
G1 X104.14 Y64.00
G1 X104.14 Y64.06
G1 X104.14 Y64.13
G1 X104.13 Y64.20
G1 X104.13 Y64.26
G1 X104.12 Y64.32
G1 X104.11 Y64.39
G1 X104.10 Y64.45
G1 X104.09 Y64.51
G1 X104.08 Y64.57
G1 X104.06 Y64.64
G1 X104.04 Y64.70
G1 X104.03 Y64.76
G1 X104.01 Y64.82
G1 X103.99 Y64.87
G1 X103.96 Y64.93
G1 X103.94 Y64.99
G1 X103.92 Y65.05
G1 X103.89 Y65.10
G1 X103.86 Y65.16
G1 X103.83 Y65.21
G1 X103.80 Y65.27
G1 X103.77 Y65.32
G1 X103.74 Y65.37
G1 X103.71 Y65.42
G1 X103.67 Y65.47
G1 X103.64 Y65.52
G1 X103.60 Y65.57
G1 X103.56 Y65.62
G1 X103.52 Y65.66
G1 X103.48 Y65.71
G1 X103.44 Y65.75
G1 X103.40 Y65.80
G1 X103.35 Y65.84
G1 X103.31 Y65.88
G1 X103.26 Y65.92
G1 X103.22 Y65.96
G1 X103.17 Y66.00
G1 X103.12 Y66.04
G1 X103.07 Y66.07
G1 X103.02 Y66.11
G1 X102.97 Y66.14
G1 X102.92 Y66.17
G1 X102.87 Y66.20
G1 X102.81 Y66.23
G1 X102.76 Y66.26
G1 X102.70 Y66.29
G1 X102.65 Y66.32
G1 X102.59 Y66.34
G1 X102.53 Y66.36
G1 X102.48 Y66.39
G1 X102.42 Y66.41
G1 X102.36 Y66.43
G1 X102.30 Y66.44
G1 X102.24 Y66.46
G1 X102.17 Y66.47
G1 X102.11 Y66.49
G1 X102.05 Y66.50
G1 X101.99 Y66.51
G1 X101.92 Y66.52
G1 X101.86 Y66.53
G1 X101.80 Y66.53
G1 X101.73 Y66.54
G1 X101.67 Y66.54
G1 X101.60 Y66.54
G1 X93.98 Y66.54
G1 X93.98 Y69.08
G1 X93.98 Y69.14
G1 X93.98 Y69.21
G1 X93.97 Y69.27
G1 X93.97 Y69.34
G1 X93.96 Y69.40
G1 X93.95 Y69.47
G1 X93.94 Y69.53
G1 X93.93 Y69.59
G1 X93.91 Y69.65
G1 X93.90 Y69.72
G1 X93.88 Y69.78
G1 X93.87 Y69.84
G1 X93.85 Y69.90
G1 X93.83 Y69.95
G1 X93.80 Y70.01
G1 X93.78 Y70.07
G1 X93.76 Y70.13
G1 X93.73 Y70.18
G1 X93.70 Y70.24
G1 X93.67 Y70.29
G1 X93.64 Y70.35
G1 X93.61 Y70.40
G1 X93.58 Y70.45
G1 X93.55 Y70.50
G1 X93.51 Y70.55
G1 X93.48 Y70.60
G1 X93.44 Y70.65
G1 X93.40 Y70.70
G1 X93.36 Y70.74
G1 X93.32 Y70.79
G1 X93.28 Y70.83
G1 X93.24 Y70.88
G1 X93.19 Y70.92
G1 X93.15 Y70.96
G1 X93.10 Y71.00
G1 X93.06 Y71.04
G1 X93.01 Y71.08
G1 X92.96 Y71.12
G1 X92.91 Y71.15
G1 X92.86 Y71.19
G1 X92.81 Y71.22
G1 X92.76 Y71.25
G1 X92.71 Y71.28
G1 X92.65 Y71.31
G1 X92.60 Y71.34
G1 X92.54 Y71.37
G1 X92.49 Y71.40
G1 X92.43 Y71.42
G1 X92.37 Y71.44
G1 X92.31 Y71.47
G1 X92.26 Y71.49
G1 X92.20 Y71.51
G1 X92.14 Y71.52
G1 X92.08 Y71.54
G1 X92.01 Y71.55
G1 X91.95 Y71.57
G1 X91.89 Y71.58
G1 X91.83 Y71.59
G1 X91.76 Y71.60
G1 X91.70 Y71.61
G1 X91.64 Y71.61
G1 X91.57 Y71.62
G1 X91.51 Y71.62
G1 X91.44 Y71.62
G1 X88.90 Y71.62
G1 X88.90 Y76.70
G1 X91.44 Y76.70
G1 X91.51 Y76.70
G1 X91.57 Y76.70
G1 X91.64 Y76.71
G1 X91.70 Y76.71
G1 X91.76 Y76.72
G1 X91.83 Y76.73
G1 X91.89 Y76.74
G1 X91.95 Y76.75
G1 X92.01 Y76.76
G1 X92.08 Y76.78
G1 X92.14 Y76.80
G1 X92.20 Y76.81
G1 X92.26 Y76.83
G1 X92.31 Y76.85
G1 X92.37 Y76.88
G1 X92.43 Y76.90
G1 X92.49 Y76.92
G1 X92.54 Y76.95
G1 X92.60 Y76.98
G1 X92.65 Y77.01
G1 X92.71 Y77.04
G1 X92.76 Y77.07
G1 X92.81 Y77.10
G1 X92.86 Y77.13
G1 X92.91 Y77.17
G1 X92.96 Y77.20
G1 X93.01 Y77.24
G1 X93.06 Y77.28
G1 X93.10 Y77.32
G1 X93.15 Y77.36
G1 X93.19 Y77.40
G1 X93.24 Y77.44
G1 X93.28 Y77.49
G1 X93.32 Y77.53
G1 X93.36 Y77.58
G1 X93.40 Y77.62
G1 X93.44 Y77.67
G1 X93.48 Y77.72
G1 X93.51 Y77.77
G1 X93.55 Y77.82
G1 X93.58 Y77.87
G1 X93.61 Y77.92
G1 X93.64 Y77.97
G1 X93.67 Y78.03
G1 X93.70 Y78.08
G1 X93.73 Y78.14
G1 X93.76 Y78.19
G1 X93.78 Y78.25
G1 X93.80 Y78.31
G1 X93.83 Y78.36
G1 X93.85 Y78.42
G1 X93.87 Y78.48
G1 X93.88 Y78.54
G1 X93.90 Y78.60
G1 X93.91 Y78.66
G1 X93.93 Y78.73
G1 X93.94 Y78.79
G1 X93.95 Y78.85
G1 X93.96 Y78.92
G1 X93.97 Y78.98
G1 X93.97 Y79.04
G1 X93.98 Y79.11
G1 X93.98 Y79.17
G1 X93.98 Y79.24
G1 X93.98 Y81.78
G1 X86.36 Y81.78
G1 X86.29 Y81.78
G1 X86.23 Y81.78
G1 X86.16 Y81.79
G1 X86.10 Y81.79
G1 X86.04 Y81.80
G1 X85.97 Y81.81
G1 X85.91 Y81.82
G1 X85.85 Y81.83
G1 X85.79 Y81.84
G1 X85.72 Y81.86
G1 X85.66 Y81.88
G1 X85.60 Y81.89
G1 X85.54 Y81.91
G1 X85.48 Y81.93
G1 X85.43 Y81.95
G1 X85.37 Y81.98
G1 X85.31 Y82.00
G1 X85.26 Y82.03
G1 X85.20 Y82.06
G1 X85.15 Y82.09
G1 X85.09 Y82.11
G1 X85.04 Y82.15
G1 X84.99 Y82.18
G1 X84.94 Y82.21
G1 X84.89 Y82.25
G1 X84.84 Y82.28
G1 X84.79 Y82.32
G1 X84.74 Y82.36
G1 X84.70 Y82.40
G1 X84.65 Y82.44
G1 X84.61 Y82.48
G1 X84.56 Y82.52
G1 X84.52 Y82.57
G1 X84.48 Y82.61
G1 X84.45 Y82.65
G1 X84.44 Y82.66
G1 X84.40 Y82.70
G1 X84.36 Y82.75
G1 X84.32 Y82.80
G1 X84.29 Y82.85
G1 X84.25 Y82.90
G1 X84.22 Y82.95
G1 X84.19 Y83.00
G1 X84.16 Y83.05
G1 X84.13 Y83.11
G1 X84.10 Y83.16
G1 X84.07 Y83.22
G1 X84.04 Y83.27
G1 X84.02 Y83.33
G1 X84.00 Y83.39
G1 X83.97 Y83.44
G1 X83.95 Y83.50
G1 X83.93 Y83.56
G1 X83.92 Y83.62
G1 X83.90 Y83.68
G1 X83.88 Y83.74
G1 X83.87 Y83.81
G1 X83.86 Y83.87
G1 X83.85 Y83.93
G1 X83.84 Y84.00
G1 X83.83 Y84.06
G1 X83.83 Y84.12
G1 X83.82 Y84.19
G1 X83.82 Y84.25
G1 X83.82 Y84.32
G1 X83.82 Y99.56
G1 X83.82 Y99.63
G1 X83.82 Y99.69
G1 X83.83 Y99.76
G1 X83.83 Y99.82
G1 X83.84 Y99.88
G1 X83.85 Y99.95
G1 X83.86 Y100.01
G1 X83.87 Y100.07
G1 X83.88 Y100.13
G1 X83.90 Y100.20
G1 X83.92 Y100.26
G1 X83.93 Y100.32
G1 X83.95 Y100.38
G1 X83.97 Y100.43
G1 X84.00 Y100.49
G1 X84.02 Y100.55
G1 X84.04 Y100.61
G1 X84.07 Y100.66
G1 X84.10 Y100.72
G1 X84.13 Y100.77
G1 X84.16 Y100.83
G1 X84.19 Y100.88
G1 X84.22 Y100.93
G1 X84.25 Y100.98
G1 X84.29 Y101.03
G1 X84.32 Y101.08
G1 X84.36 Y101.13
G1 X84.40 Y101.18
G1 X84.44 Y101.22
G1 X84.48 Y101.27
G1 X84.52 Y101.31
G1 X84.56 Y101.36
G1 X84.61 Y101.40
G1 X84.65 Y101.44
G1 X84.70 Y101.48
G1 X84.74 Y101.52
G1 X84.79 Y101.56
G1 X84.84 Y101.60
G1 X84.89 Y101.63
G1 X84.94 Y101.67
G1 X84.99 Y101.70
G1 X85.04 Y101.73
G1 X85.09 Y101.76
G1 X85.15 Y101.79
G1 X85.20 Y101.82
G1 X85.26 Y101.85
G1 X85.31 Y101.88
G1 X85.37 Y101.90
G1 X85.43 Y101.92
G1 X85.48 Y101.95
G1 X85.54 Y101.97
G1 X85.60 Y101.99
G1 X85.66 Y102.00
G1 X85.72 Y102.02
G1 X85.78 Y102.03
G1 X85.85 Y102.05
G1 X85.91 Y102.06
G1 X85.97 Y102.07
G1 X86.04 Y102.08
G1 X86.10 Y102.09
G1 X86.16 Y102.09
G1 X86.23 Y102.10
G1 X86.29 Y102.10
G1 X86.36 Y102.10
G1 X93.98 Y102.10
G1 X93.98 Y104.64
G1 X93.98 Y104.71
G1 X93.98 Y104.77
G1 X93.97 Y104.84
G1 X93.97 Y104.90
G1 X93.96 Y104.96
G1 X93.95 Y105.03
G1 X93.94 Y105.09
G1 X93.93 Y105.15
G1 X93.91 Y105.21
G1 X93.90 Y105.28
G1 X93.88 Y105.34
G1 X93.87 Y105.40
G1 X93.85 Y105.46
G1 X93.83 Y105.51
G1 X93.80 Y105.57
G1 X93.78 Y105.63
G1 X93.76 Y105.69
G1 X93.73 Y105.74
G1 X93.70 Y105.80
G1 X93.67 Y105.85
G1 X93.64 Y105.91
G1 X93.61 Y105.96
G1 X93.58 Y106.01
G1 X93.55 Y106.06
G1 X93.51 Y106.11
G1 X93.48 Y106.16
G1 X93.44 Y106.21
G1 X93.40 Y106.26
G1 X93.36 Y106.30
G1 X93.32 Y106.35
G1 X93.28 Y106.39
G1 X93.24 Y106.44
G1 X93.19 Y106.48
G1 X93.15 Y106.52
G1 X93.10 Y106.56
G1 X93.06 Y106.60
G1 X93.01 Y106.64
G1 X92.96 Y106.68
G1 X92.91 Y106.71
G1 X92.86 Y106.75
G1 X92.81 Y106.78
G1 X92.76 Y106.81
G1 X92.71 Y106.84
G1 X92.65 Y106.87
G1 X92.60 Y106.90
G1 X92.54 Y106.93
G1 X92.49 Y106.96
G1 X92.43 Y106.98
G1 X92.37 Y107.00
G1 X92.31 Y107.03
G1 X92.26 Y107.05
G1 X92.20 Y107.07
G1 X92.14 Y107.08
G1 X92.08 Y107.10
G1 X92.01 Y107.11
G1 X91.95 Y107.13
G1 X91.89 Y107.14
G1 X91.83 Y107.15
G1 X91.76 Y107.16
G1 X91.70 Y107.17
G1 X91.64 Y107.17
G1 X91.57 Y107.18
G1 X91.51 Y107.18
G1 X91.44 Y107.18
G1 X88.90 Y107.18
G1 X88.90 Y107.18
G1 X78.74 Y107.18
G1 X83.82 Y112.26
G1 X83.82 Y112.26
G1 X88.90 Y107.18
G1 X88.90 Y112.26
G1 X91.44 Y112.26
G1 X91.51 Y112.26
G1 X91.57 Y112.26
G1 X91.64 Y112.27
G1 X91.70 Y112.27
G1 X91.76 Y112.28
G1 X91.83 Y112.29
G1 X91.89 Y112.30
G1 X91.95 Y112.31
G1 X92.01 Y112.32
G1 X92.08 Y112.34
G1 X92.14 Y112.36
G1 X92.20 Y112.37
G1 X92.26 Y112.39
G1 X92.31 Y112.41
G1 X92.37 Y112.44
G1 X92.43 Y112.46
G1 X92.49 Y112.48
G1 X92.54 Y112.51
G1 X92.60 Y112.54
G1 X92.65 Y112.57
G1 X92.71 Y112.60
G1 X92.76 Y112.63
G1 X92.81 Y112.66
G1 X92.86 Y112.69
G1 X92.91 Y112.73
G1 X92.96 Y112.76
G1 X93.01 Y112.80
G1 X93.06 Y112.84
G1 X93.10 Y112.88
G1 X93.15 Y112.92
G1 X93.19 Y112.96
G1 X93.24 Y113.00
G1 X93.28 Y113.05
G1 X93.32 Y113.09
G1 X93.36 Y113.14
G1 X93.40 Y113.18
G1 X93.44 Y113.23
G1 X93.48 Y113.28
G1 X93.51 Y113.33
G1 X93.55 Y113.38
G1 X93.58 Y113.43
G1 X93.61 Y113.48
G1 X93.64 Y113.53
G1 X93.67 Y113.59
G1 X93.70 Y113.64
G1 X93.73 Y113.70
G1 X93.76 Y113.75
G1 X93.78 Y113.81
G1 X93.80 Y113.87
G1 X93.83 Y113.92
G1 X93.85 Y113.98
G1 X93.87 Y114.04
G1 X93.88 Y114.10
G1 X93.90 Y114.16
G1 X93.91 Y114.22
G1 X93.93 Y114.29
G1 X93.94 Y114.35
G1 X93.95 Y114.41
G1 X93.96 Y114.48
G1 X93.97 Y114.54
G1 X93.97 Y114.60
G1 X93.98 Y114.67
G1 X93.98 Y114.73
G1 X93.98 Y114.80
G1 X93.98 Y117.34
G1 X86.36 Y117.34
G1 X86.29 Y117.34
G1 X86.23 Y117.34
G1 X86.16 Y117.35
G1 X86.10 Y117.35
G1 X86.04 Y117.36
G1 X85.97 Y117.37
G1 X85.91 Y117.38
G1 X85.85 Y117.39
G1 X85.79 Y117.40
G1 X85.72 Y117.42
G1 X85.66 Y117.44
G1 X85.60 Y117.45
G1 X85.54 Y117.47
G1 X85.48 Y117.49
G1 X85.43 Y117.52
G1 X85.37 Y117.54
G1 X85.31 Y117.56
G1 X85.26 Y117.59
G1 X85.20 Y117.62
G1 X85.15 Y117.65
G1 X85.09 Y117.68
G1 X85.04 Y117.71
G1 X84.99 Y117.74
G1 X84.94 Y117.77
G1 X84.92 Y117.78
G1 X84.89 Y117.81
G1 X84.84 Y117.84
G1 X84.79 Y117.88
G1 X84.74 Y117.92
G1 X84.70 Y117.96
G1 X84.65 Y118.00
G1 X84.61 Y118.04
G1 X84.56 Y118.08
G1 X84.52 Y118.13
G1 X84.48 Y118.17
G1 X84.44 Y118.22
G1 X84.40 Y118.26
G1 X84.36 Y118.31
G1 X84.32 Y118.36
G1 X84.29 Y118.41
G1 X84.25 Y118.46
G1 X84.22 Y118.51
G1 X84.19 Y118.56
G1 X84.16 Y118.61
G1 X84.13 Y118.67
G1 X84.10 Y118.72
G1 X84.07 Y118.78
G1 X84.04 Y118.83
G1 X84.02 Y118.89
G1 X84.00 Y118.95
G1 X83.97 Y119.00
G1 X83.95 Y119.06
G1 X83.93 Y119.12
G1 X83.92 Y119.18
G1 X83.90 Y119.24
G1 X83.88 Y119.30
G1 X83.87 Y119.37
G1 X83.86 Y119.43
G1 X83.85 Y119.49
G1 X83.84 Y119.56
G1 X83.83 Y119.62
G1 X83.83 Y119.68
G1 X83.82 Y119.75
G1 X83.82 Y119.81
G1 X83.82 Y119.88
G1 X83.82 Y135.12
G1 X83.82 Y135.19
G1 X83.82 Y135.25
G1 X83.83 Y135.32
G1 X83.83 Y135.38
G1 X83.84 Y135.44
G1 X83.85 Y135.51
G1 X83.86 Y135.57
G1 X83.87 Y135.63
G1 X83.88 Y135.69
G1 X83.90 Y135.76
G1 X83.92 Y135.82
G1 X83.93 Y135.88
G1 X83.95 Y135.94
G1 X83.97 Y135.99
G1 X84.00 Y136.05
G1 X84.02 Y136.11
G1 X84.04 Y136.17
G1 X84.07 Y136.22
G1 X84.10 Y136.28
G1 X84.13 Y136.33
G1 X84.16 Y136.39
G1 X84.19 Y136.44
G1 X84.22 Y136.49
G1 X84.25 Y136.54
G1 X84.29 Y136.59
G1 X84.32 Y136.64
G1 X84.36 Y136.69
G1 X84.40 Y136.74
G1 X84.44 Y136.78
G1 X84.48 Y136.83
G1 X84.52 Y136.87
G1 X84.56 Y136.92
G1 X84.61 Y136.96
G1 X84.65 Y137.00
G1 X84.70 Y137.04
G1 X84.74 Y137.08
G1 X84.79 Y137.12
G1 X84.84 Y137.16
G1 X84.89 Y137.19
G1 X84.94 Y137.23
G1 X84.99 Y137.26
G1 X85.04 Y137.29
G1 X85.09 Y137.32
G1 X85.15 Y137.35
G1 X85.20 Y137.38
G1 X85.26 Y137.41
G1 X85.31 Y137.44
G1 X85.37 Y137.46
G1 X85.43 Y137.48
G1 X85.43 Y137.48
G1 X85.43 Y137.48
G1 X85.48 Y137.51
G1 X85.54 Y137.53
G1 X85.60 Y137.55
G1 X85.66 Y137.56
G1 X85.72 Y137.58
G1 X85.79 Y137.59
G1 X85.85 Y137.61
G1 X85.91 Y137.62
G1 X85.97 Y137.63
G1 X86.04 Y137.64
G1 X86.10 Y137.65
G1 X86.16 Y137.65
G1 X86.23 Y137.66
G1 X86.29 Y137.66
G1 X86.36 Y137.66
G1 X93.98 Y137.66
G1 X93.98 Y137.66
G1 X86.36 Y137.66
G1 X86.29 Y137.66
G1 X86.23 Y137.66
G1 X86.16 Y137.65
G1 X86.10 Y137.65
G1 X86.04 Y137.64
G1 X85.97 Y137.63
G1 X85.91 Y137.62
G1 X85.85 Y137.61
G1 X85.78 Y137.59
G1 X85.72 Y137.58
G1 X85.66 Y137.56
G1 X85.60 Y137.55
G1 X85.54 Y137.53
G1 X85.48 Y137.51
G1 X85.43 Y137.48
G1 X85.37 Y137.46
G1 X85.31 Y137.44
G1 X85.26 Y137.41
G1 X85.20 Y137.38
G1 X85.15 Y137.35
G1 X85.09 Y137.32
G1 X85.04 Y137.29
G1 X84.99 Y137.26
G1 X84.94 Y137.23
G1 X84.89 Y137.19
G1 X84.84 Y137.16
G1 X84.79 Y137.12
G1 X84.74 Y137.08
G1 X84.70 Y137.04
G1 X84.65 Y137.00
G1 X84.61 Y136.96
G1 X84.56 Y136.92
G1 X84.52 Y136.87
G1 X84.48 Y136.83
G1 X84.44 Y136.78
G1 X84.40 Y136.74
G1 X84.36 Y136.69
G1 X84.32 Y136.64
G1 X84.29 Y136.59
G1 X84.25 Y136.54
G1 X84.22 Y136.49
G1 X84.19 Y136.44
G1 X84.16 Y136.39
G1 X84.13 Y136.33
G1 X84.10 Y136.28
G1 X84.07 Y136.22
G1 X84.04 Y136.17
G1 X84.02 Y136.11
G1 X84.00 Y136.05
G1 X83.97 Y135.99
G1 X83.95 Y135.94
G1 X83.93 Y135.88
G1 X83.92 Y135.82
G1 X83.90 Y135.76
G1 X83.88 Y135.69
G1 X83.87 Y135.63
G1 X83.86 Y135.57
G1 X83.85 Y135.51
G1 X83.84 Y135.44
G1 X83.83 Y135.38
G1 X83.83 Y135.32
G1 X83.82 Y135.25
G1 X83.82 Y135.19
G1 X83.82 Y135.12
G1 X83.82 Y119.88
G1 X83.82 Y119.81
G1 X83.82 Y119.75
G1 X83.83 Y119.68
G1 X83.83 Y119.62
G1 X83.84 Y119.56
G1 X83.85 Y119.49
G1 X83.86 Y119.43
G1 X83.87 Y119.37
G1 X83.88 Y119.30
G1 X83.90 Y119.24
G1 X83.92 Y119.18
G1 X83.93 Y119.12
G1 X83.95 Y119.06
G1 X83.97 Y119.00
G1 X84.00 Y118.95
G1 X84.02 Y118.89
G1 X84.04 Y118.83
G1 X84.07 Y118.78
G1 X84.10 Y118.72
G1 X84.13 Y118.67
G1 X84.16 Y118.61
G1 X84.19 Y118.56
G1 X84.22 Y118.51
G1 X84.25 Y118.46
G1 X84.29 Y118.41
G1 X84.32 Y118.36
G1 X84.36 Y118.31
G1 X84.40 Y118.26
G1 X84.44 Y118.22
G1 X84.48 Y118.17
G1 X84.52 Y118.13
G1 X84.56 Y118.08
G1 X84.61 Y118.04
G1 X84.65 Y118.00
G1 X84.70 Y117.96
G1 X84.74 Y117.92
G1 X84.79 Y117.88
G1 X84.84 Y117.84
G1 X84.89 Y117.81
G1 X84.92 Y117.78
G1 X84.94 Y117.77
G1 X84.99 Y117.74
G1 X85.04 Y117.71
G1 X85.09 Y117.68
G1 X85.15 Y117.65
G1 X85.20 Y117.62
G1 X85.26 Y117.59
G1 X85.31 Y117.56
G1 X85.37 Y117.54
G1 X85.43 Y117.52
G1 X85.48 Y117.49
G1 X85.54 Y117.47
G1 X85.60 Y117.45
G1 X85.66 Y117.44
G1 X85.72 Y117.42
G1 X85.78 Y117.40
G1 X85.85 Y117.39
G1 X85.91 Y117.38
G1 X85.97 Y117.37
G1 X86.04 Y117.36
G1 X86.10 Y117.35
G1 X86.16 Y117.35
G1 X86.23 Y117.34
G1 X86.29 Y117.34
G1 X86.36 Y117.34
G1 X93.98 Y117.34
G1 X93.98 Y117.34
G1 X101.60 Y117.34
G1 X101.67 Y117.34
G1 X101.73 Y117.34
G1 X101.80 Y117.35
G1 X101.86 Y117.35
G1 X101.92 Y117.36
G1 X101.99 Y117.37
G1 X102.05 Y117.38
G1 X102.11 Y117.39
G1 X102.17 Y117.40
G1 X102.24 Y117.42
G1 X102.30 Y117.44
G1 X102.36 Y117.45
G1 X102.42 Y117.47
G1 X102.48 Y117.49
G1 X102.53 Y117.52
G1 X102.59 Y117.54
G1 X102.65 Y117.56
G1 X102.70 Y117.59
G1 X102.76 Y117.62
G1 X102.81 Y117.65
G1 X102.87 Y117.68
G1 X102.92 Y117.71
G1 X102.97 Y117.74
G1 X103.02 Y117.77
G1 X103.07 Y117.81
G1 X103.12 Y117.84
G1 X103.17 Y117.88
G1 X103.22 Y117.92
G1 X103.26 Y117.96
G1 X103.31 Y118.00
G1 X103.35 Y118.04
G1 X103.40 Y118.08
G1 X103.44 Y118.13
G1 X103.48 Y118.17
G1 X103.52 Y118.22
G1 X103.56 Y118.26
G1 X103.60 Y118.31
G1 X103.64 Y118.36
G1 X103.67 Y118.41
G1 X103.71 Y118.46
G1 X103.74 Y118.51
G1 X103.77 Y118.56
G1 X103.80 Y118.61
G1 X103.83 Y118.67
G1 X103.86 Y118.72
G1 X103.89 Y118.78
G1 X103.92 Y118.83
G1 X103.94 Y118.89
G1 X103.96 Y118.95
G1 X103.99 Y119.00
G1 X104.01 Y119.06
G1 X104.03 Y119.12
G1 X104.04 Y119.18
G1 X104.06 Y119.24
G1 X104.08 Y119.30
G1 X104.09 Y119.37
G1 X104.10 Y119.43
G1 X104.11 Y119.49
G1 X104.12 Y119.56
G1 X104.13 Y119.62
G1 X104.13 Y119.68
G1 X104.14 Y119.75
G1 X104.14 Y119.81
G1 X104.14 Y119.88
G1 X104.14 Y135.12
G1 X104.14 Y135.19
G1 X104.14 Y135.25
G1 X104.13 Y135.32
G1 X104.13 Y135.38
G1 X104.12 Y135.44
G1 X104.11 Y135.51
G1 X104.10 Y135.57
G1 X104.09 Y135.63
G1 X104.08 Y135.69
G1 X104.06 Y135.76
G1 X104.04 Y135.82
G1 X104.03 Y135.88
G1 X104.01 Y135.94
G1 X103.99 Y135.99
G1 X103.96 Y136.05
G1 X103.94 Y136.11
G1 X103.92 Y136.17
G1 X103.89 Y136.22
G1 X103.86 Y136.28
G1 X103.83 Y136.33
G1 X103.80 Y136.39
G1 X103.77 Y136.44
G1 X103.74 Y136.49
G1 X103.71 Y136.54
G1 X103.67 Y136.59
G1 X103.64 Y136.64
G1 X103.60 Y136.69
G1 X103.56 Y136.74
G1 X103.52 Y136.78
G1 X103.48 Y136.83
G1 X103.44 Y136.87
G1 X103.40 Y136.92
G1 X103.35 Y136.96
G1 X103.31 Y137.00
G1 X103.26 Y137.04
G1 X103.22 Y137.08
G1 X103.17 Y137.12
G1 X103.12 Y137.16
G1 X103.07 Y137.19
G1 X103.02 Y137.23
G1 X102.97 Y137.26
G1 X102.92 Y137.29
G1 X102.87 Y137.32
G1 X102.81 Y137.35
G1 X102.76 Y137.38
G1 X102.70 Y137.41
G1 X102.65 Y137.44
G1 X102.59 Y137.46
G1 X102.53 Y137.48
G1 X102.48 Y137.51
G1 X102.42 Y137.53
G1 X102.36 Y137.55
G1 X102.30 Y137.56
G1 X102.24 Y137.58
G1 X102.17 Y137.59
G1 X102.11 Y137.61
G1 X102.05 Y137.62
G1 X101.99 Y137.63
G1 X101.92 Y137.64
G1 X101.86 Y137.65
G1 X101.80 Y137.65
G1 X101.73 Y137.66
G1 X101.67 Y137.66
G1 X101.60 Y137.66
G1 X93.98 Y137.66
G1 X93.98 Y140.20
G1 X93.98 Y140.27
G1 X93.98 Y140.33
G1 X93.97 Y140.40
G1 X93.97 Y140.46
G1 X93.96 Y140.52
G1 X93.95 Y140.59
G1 X93.94 Y140.65
G1 X93.93 Y140.71
G1 X93.91 Y140.77
G1 X93.90 Y140.84
G1 X93.88 Y140.90
G1 X93.87 Y140.96
G1 X93.85 Y141.02
G1 X93.83 Y141.07
G1 X93.80 Y141.13
G1 X93.78 Y141.19
G1 X93.76 Y141.25
G1 X93.73 Y141.30
G1 X93.70 Y141.36
G1 X93.67 Y141.41
G1 X93.64 Y141.47
G1 X93.61 Y141.52
G1 X93.58 Y141.57
G1 X93.55 Y141.62
G1 X93.51 Y141.67
G1 X93.48 Y141.72
G1 X93.44 Y141.77
G1 X93.40 Y141.82
G1 X93.36 Y141.86
G1 X93.32 Y141.91
G1 X93.28 Y141.95
G1 X93.24 Y142.00
G1 X93.19 Y142.04
G1 X93.15 Y142.08
G1 X93.10 Y142.12
G1 X93.06 Y142.16
G1 X93.01 Y142.20
G1 X92.96 Y142.24
G1 X92.91 Y142.27
G1 X92.86 Y142.31
G1 X92.81 Y142.34
G1 X92.76 Y142.37
G1 X92.71 Y142.40
G1 X92.65 Y142.43
G1 X92.60 Y142.46
G1 X92.54 Y142.49
G1 X92.49 Y142.52
G1 X92.43 Y142.54
G1 X92.37 Y142.56
G1 X92.31 Y142.59
G1 X92.26 Y142.61
G1 X92.20 Y142.63
G1 X92.14 Y142.64
G1 X92.08 Y142.66
G1 X92.01 Y142.68
G1 X91.95 Y142.69
G1 X91.89 Y142.70
G1 X91.83 Y142.71
G1 X91.76 Y142.72
G1 X91.70 Y142.73
G1 X91.64 Y142.73
G1 X91.57 Y142.74
G1 X91.51 Y142.74
G1 X91.44 Y142.74
G1 X88.90 Y142.74
G1 X88.90 Y142.74
G1 X86.36 Y145.28
G1 X88.90 Y147.82
G1 X91.44 Y147.82
G1 X91.51 Y147.82
G1 X91.57 Y147.82
G1 X91.64 Y147.83
G1 X91.70 Y147.83
G1 X91.76 Y147.84
G1 X91.83 Y147.85
G1 X91.89 Y147.86
G1 X91.95 Y147.87
G1 X92.01 Y147.88
G1 X92.08 Y147.90
G1 X92.14 Y147.92
G1 X92.20 Y147.93
G1 X92.26 Y147.95
G1 X92.31 Y147.97
G1 X92.37 Y148.00
G1 X92.43 Y148.02
G1 X92.49 Y148.04
G1 X92.54 Y148.07
G1 X92.60 Y148.10
G1 X92.65 Y148.13
G1 X92.71 Y148.16
G1 X92.76 Y148.19
G1 X92.81 Y148.22
G1 X92.86 Y148.25
G1 X92.91 Y148.29
G1 X92.96 Y148.32
G1 X93.01 Y148.36
G1 X93.06 Y148.40
G1 X93.10 Y148.44
G1 X93.15 Y148.48
G1 X93.19 Y148.52
G1 X93.24 Y148.56
G1 X93.28 Y148.61
G1 X93.32 Y148.65
G1 X93.36 Y148.70
G1 X93.40 Y148.74
G1 X93.44 Y148.79
G1 X93.48 Y148.84
G1 X93.51 Y148.89
G1 X93.55 Y148.94
G1 X93.58 Y148.99
G1 X93.61 Y149.04
G1 X93.64 Y149.09
G1 X93.67 Y149.15
G1 X93.70 Y149.20
G1 X93.73 Y149.26
G1 X93.76 Y149.31
G1 X93.78 Y149.37
G1 X93.80 Y149.43
G1 X93.83 Y149.48
G1 X93.85 Y149.54
G1 X93.87 Y149.60
G1 X93.88 Y149.66
G1 X93.90 Y149.72
G1 X93.91 Y149.78
G1 X93.93 Y149.85
G1 X93.94 Y149.91
G1 X93.95 Y149.97
G1 X93.96 Y150.04
G1 X93.97 Y150.10
G1 X93.97 Y150.16
G1 X93.98 Y150.23
G1 X93.98 Y150.29
G1 X93.98 Y150.36
G1 X93.98 Y152.90
G1 X86.36 Y152.90
G1 X86.29 Y152.90
G1 X86.23 Y152.90
G1 X86.16 Y152.91
G1 X86.16 Y152.91
G1 X86.16 Y152.91
G1 X86.10 Y152.91
G1 X86.04 Y152.92
G1 X85.97 Y152.93
G1 X85.91 Y152.94
G1 X85.85 Y152.95
G1 X85.78 Y152.96
G1 X85.72 Y152.98
G1 X85.66 Y153.00
G1 X85.60 Y153.01
G1 X85.54 Y153.03
G1 X85.48 Y153.05
G1 X85.43 Y153.08
G1 X85.37 Y153.10
G1 X85.31 Y153.12
G1 X85.26 Y153.15
G1 X85.20 Y153.18
G1 X85.15 Y153.21
G1 X85.09 Y153.24
G1 X85.04 Y153.27
G1 X84.99 Y153.30
G1 X84.94 Y153.33
G1 X84.89 Y153.37
G1 X84.84 Y153.40
G1 X84.79 Y153.44
G1 X84.74 Y153.48
G1 X84.70 Y153.52
G1 X84.65 Y153.56
G1 X84.61 Y153.60
G1 X84.56 Y153.64
G1 X84.52 Y153.69
G1 X84.48 Y153.73
G1 X84.44 Y153.78
G1 X84.40 Y153.82
G1 X84.36 Y153.87
G1 X84.32 Y153.92
G1 X84.29 Y153.97
G1 X84.25 Y154.02
G1 X84.22 Y154.07
G1 X84.19 Y154.12
G1 X84.16 Y154.17
G1 X84.13 Y154.23
G1 X84.10 Y154.28
G1 X84.07 Y154.34
G1 X84.04 Y154.39
G1 X84.02 Y154.45
G1 X84.00 Y154.51
G1 X83.97 Y154.56
G1 X83.95 Y154.62
G1 X83.93 Y154.68
G1 X83.92 Y154.74
G1 X83.90 Y154.80
G1 X83.88 Y154.86
G1 X83.87 Y154.93
G1 X83.86 Y154.99
G1 X83.85 Y155.05
G1 X83.84 Y155.12
G1 X83.83 Y155.18
G1 X83.83 Y155.24
G1 X83.82 Y155.31
G1 X83.82 Y155.37
G1 X83.82 Y155.44
G1 X83.82 Y170.68
G1 X83.82 Y170.75
G1 X83.82 Y170.81
G1 X83.83 Y170.88
G1 X83.83 Y170.94
G1 X83.84 Y171.00
G1 X83.85 Y171.07
G1 X83.86 Y171.13
G1 X83.87 Y171.19
G1 X83.88 Y171.25
G1 X83.90 Y171.32
G1 X83.92 Y171.38
G1 X83.93 Y171.44
G1 X83.95 Y171.50
G1 X83.97 Y171.55
G1 X84.00 Y171.61
G1 X84.02 Y171.67
G1 X84.04 Y171.73
G1 X84.07 Y171.78
G1 X84.10 Y171.84
G1 X84.13 Y171.89
G1 X84.16 Y171.95
G1 X84.19 Y172.00
G1 X84.22 Y172.05
G1 X84.25 Y172.10
G1 X84.29 Y172.15
G1 X84.32 Y172.20
G1 X84.36 Y172.25
G1 X84.40 Y172.30
G1 X84.44 Y172.34
G1 X84.48 Y172.39
G1 X84.52 Y172.43
G1 X84.56 Y172.48
G1 X84.61 Y172.52
G1 X84.65 Y172.56
G1 X84.70 Y172.60
G1 X84.70 Y172.61
G1 X84.74 Y172.64
G1 X84.79 Y172.68
G1 X84.84 Y172.72
G1 X84.89 Y172.75
G1 X84.94 Y172.79
G1 X84.99 Y172.82
G1 X85.04 Y172.85
G1 X85.09 Y172.88
G1 X85.15 Y172.91
G1 X85.20 Y172.94
G1 X85.26 Y172.97
G1 X85.31 Y173.00
G1 X85.37 Y173.02
G1 X85.43 Y173.04
G1 X85.48 Y173.07
G1 X85.54 Y173.09
G1 X85.60 Y173.11
G1 X85.66 Y173.12
G1 X85.72 Y173.14
G1 X85.79 Y173.16
G1 X85.85 Y173.17
G1 X85.91 Y173.18
G1 X85.97 Y173.19
G1 X86.04 Y173.20
G1 X86.10 Y173.21
G1 X86.16 Y173.21
G1 X86.23 Y173.22
G1 X86.29 Y173.22
G1 X86.36 Y173.22
G1 X93.98 Y173.22
G1 X93.98 Y173.22
G1 X86.36 Y173.22
G1 X86.29 Y173.22
G1 X86.23 Y173.22
G1 X86.16 Y173.21
G1 X86.10 Y173.21
G1 X86.04 Y173.20
G1 X85.97 Y173.19
G1 X85.91 Y173.18
G1 X85.85 Y173.17
G1 X85.78 Y173.15
G1 X85.72 Y173.14
G1 X85.66 Y173.12
G1 X85.60 Y173.11
G1 X85.54 Y173.09
G1 X85.48 Y173.07
G1 X85.43 Y173.04
G1 X85.37 Y173.02
G1 X85.31 Y173.00
G1 X85.26 Y172.97
G1 X85.20 Y172.94
G1 X85.15 Y172.91
G1 X85.09 Y172.88
G1 X85.04 Y172.85
G1 X84.99 Y172.82
G1 X84.94 Y172.79
G1 X84.89 Y172.75
G1 X84.84 Y172.72
G1 X84.79 Y172.68
G1 X84.74 Y172.64
G1 X84.70 Y172.61
G1 X84.70 Y172.60
G1 X84.65 Y172.56
G1 X84.61 Y172.52
G1 X84.56 Y172.48
G1 X84.52 Y172.43
G1 X84.48 Y172.39
G1 X84.44 Y172.34
G1 X84.40 Y172.30
G1 X84.36 Y172.25
G1 X84.32 Y172.20
G1 X84.29 Y172.15
G1 X84.25 Y172.10
G1 X84.22 Y172.05
G1 X84.19 Y172.00
G1 X84.16 Y171.95
G1 X84.13 Y171.89
G1 X84.10 Y171.84
G1 X84.07 Y171.78
G1 X84.04 Y171.73
G1 X84.02 Y171.67
G1 X84.00 Y171.61
G1 X83.97 Y171.56
G1 X83.95 Y171.50
G1 X83.93 Y171.44
G1 X83.92 Y171.38
G1 X83.90 Y171.32
G1 X83.88 Y171.25
G1 X83.87 Y171.19
G1 X83.86 Y171.13
G1 X83.85 Y171.07
G1 X83.84 Y171.00
G1 X83.83 Y170.94
G1 X83.83 Y170.88
G1 X83.82 Y170.81
G1 X83.82 Y170.75
G1 X83.82 Y170.68
G1 X83.82 Y155.44
G1 X83.82 Y155.37
G1 X83.82 Y155.31
G1 X83.83 Y155.24
G1 X83.83 Y155.18
G1 X83.84 Y155.12
G1 X83.85 Y155.05
G1 X83.86 Y154.99
G1 X83.87 Y154.93
G1 X83.88 Y154.87
G1 X83.90 Y154.80
G1 X83.92 Y154.74
G1 X83.93 Y154.68
G1 X83.95 Y154.62
G1 X83.97 Y154.56
G1 X84.00 Y154.51
G1 X84.02 Y154.45
G1 X84.04 Y154.39
G1 X84.07 Y154.34
G1 X84.10 Y154.28
G1 X84.13 Y154.23
G1 X84.16 Y154.17
G1 X84.19 Y154.12
G1 X84.22 Y154.07
G1 X84.25 Y154.02
G1 X84.29 Y153.97
G1 X84.32 Y153.92
G1 X84.36 Y153.87
G1 X84.40 Y153.82
G1 X84.44 Y153.78
G1 X84.48 Y153.73
G1 X84.52 Y153.69
G1 X84.56 Y153.64
G1 X84.61 Y153.60
G1 X84.65 Y153.56
G1 X84.70 Y153.52
G1 X84.74 Y153.48
G1 X84.79 Y153.44
G1 X84.84 Y153.40
G1 X84.89 Y153.37
G1 X84.94 Y153.33
G1 X84.99 Y153.30
G1 X85.04 Y153.27
G1 X85.09 Y153.24
G1 X85.15 Y153.21
G1 X85.20 Y153.18
G1 X85.26 Y153.15
G1 X85.31 Y153.12
G1 X85.37 Y153.10
G1 X85.43 Y153.08
G1 X85.48 Y153.05
G1 X85.54 Y153.03
G1 X85.60 Y153.01
G1 X85.66 Y153.00
G1 X85.72 Y152.98
G1 X85.79 Y152.96
G1 X85.85 Y152.95
G1 X85.91 Y152.94
G1 X85.97 Y152.93
G1 X86.04 Y152.92
G1 X86.10 Y152.91
G1 X86.16 Y152.91
G1 X86.23 Y152.90
G1 X86.29 Y152.90
G1 X86.36 Y152.90
G1 X93.98 Y152.90
G1 X93.98 Y152.90
G1 X101.60 Y152.90
G1 X101.67 Y152.90
G1 X101.73 Y152.90
G1 X101.80 Y152.91
G1 X101.86 Y152.91
G1 X101.92 Y152.92
G1 X101.99 Y152.93
G1 X102.05 Y152.94
G1 X102.11 Y152.95
G1 X102.17 Y152.96
G1 X102.24 Y152.98
G1 X102.30 Y153.00
G1 X102.36 Y153.01
G1 X102.42 Y153.03
G1 X102.48 Y153.05
G1 X102.53 Y153.08
G1 X102.59 Y153.10
G1 X102.65 Y153.12
G1 X102.70 Y153.15
G1 X102.76 Y153.18
G1 X102.81 Y153.21
G1 X102.87 Y153.24
G1 X102.92 Y153.27
G1 X102.97 Y153.30
G1 X103.02 Y153.33
G1 X103.07 Y153.37
G1 X103.12 Y153.40
G1 X103.17 Y153.44
G1 X103.22 Y153.48
G1 X103.26 Y153.52
G1 X103.31 Y153.56
G1 X103.35 Y153.60
G1 X103.40 Y153.64
G1 X103.44 Y153.69
G1 X103.48 Y153.73
G1 X103.52 Y153.78
G1 X103.56 Y153.82
G1 X103.60 Y153.87
G1 X103.64 Y153.92
G1 X103.67 Y153.97
G1 X103.71 Y154.02
G1 X103.74 Y154.07
G1 X103.77 Y154.12
G1 X103.80 Y154.17
G1 X103.83 Y154.23
G1 X103.86 Y154.28
G1 X103.89 Y154.34
G1 X103.92 Y154.39
G1 X103.94 Y154.45
G1 X103.96 Y154.51
G1 X103.99 Y154.56
G1 X104.01 Y154.62
G1 X104.03 Y154.68
G1 X104.04 Y154.74
G1 X104.06 Y154.80
G1 X104.08 Y154.87
G1 X104.09 Y154.93
G1 X104.10 Y154.99
G1 X104.11 Y155.05
G1 X104.12 Y155.12
G1 X104.13 Y155.18
G1 X104.13 Y155.24
G1 X104.14 Y155.31
G1 X104.14 Y155.37
G1 X104.14 Y155.44
G1 X104.14 Y170.68
G1 X104.14 Y170.75
G1 X104.14 Y170.81
G1 X104.13 Y170.88
G1 X104.13 Y170.94
G1 X104.12 Y171.00
G1 X104.11 Y171.07
G1 X104.10 Y171.13
G1 X104.09 Y171.19
G1 X104.08 Y171.25
G1 X104.06 Y171.32
G1 X104.04 Y171.38
G1 X104.03 Y171.44
G1 X104.01 Y171.50
G1 X103.99 Y171.56
G1 X103.96 Y171.61
G1 X103.94 Y171.67
G1 X103.92 Y171.73
G1 X103.89 Y171.78
G1 X103.86 Y171.84
G1 X103.83 Y171.89
G1 X103.80 Y171.95
G1 X103.77 Y172.00
G1 X103.74 Y172.05
G1 X103.71 Y172.10
G1 X103.67 Y172.15
G1 X103.64 Y172.20
G1 X103.60 Y172.25
G1 X103.56 Y172.30
G1 X103.52 Y172.34
G1 X103.48 Y172.39
G1 X103.44 Y172.43
G1 X103.40 Y172.48
G1 X103.35 Y172.52
G1 X103.31 Y172.56
G1 X103.26 Y172.60
G1 X103.22 Y172.64
G1 X103.17 Y172.68
G1 X103.12 Y172.72
G1 X103.07 Y172.75
G1 X103.02 Y172.79
G1 X102.97 Y172.82
G1 X102.92 Y172.85
G1 X102.87 Y172.88
G1 X102.81 Y172.91
G1 X102.76 Y172.94
G1 X102.70 Y172.97
G1 X102.65 Y173.00
G1 X102.59 Y173.02
G1 X102.53 Y173.04
G1 X102.48 Y173.07
G1 X102.42 Y173.09
G1 X102.36 Y173.11
G1 X102.30 Y173.12
G1 X102.24 Y173.14
G1 X102.17 Y173.16
G1 X102.11 Y173.17
G1 X102.05 Y173.18
G1 X101.99 Y173.19
G1 X101.92 Y173.20
G1 X101.86 Y173.21
G1 X101.80 Y173.21
G1 X101.73 Y173.22
G1 X101.67 Y173.22
G1 X101.60 Y173.22
G1 X93.98 Y173.22
G1 X93.98 Y175.76
G1 X93.98 Y175.83
G1 X93.98 Y175.89
G1 X93.97 Y175.96
G1 X93.97 Y176.02
G1 X93.96 Y176.08
G1 X93.95 Y176.15
G1 X93.94 Y176.21
G1 X93.93 Y176.27
G1 X93.91 Y176.33
G1 X93.90 Y176.40
G1 X93.88 Y176.46
G1 X93.87 Y176.52
G1 X93.85 Y176.58
G1 X93.83 Y176.63
G1 X93.80 Y176.69
G1 X93.78 Y176.75
G1 X93.76 Y176.81
G1 X93.73 Y176.86
G1 X93.70 Y176.92
G1 X93.67 Y176.97
G1 X93.64 Y177.03
G1 X93.61 Y177.08
G1 X93.58 Y177.13
G1 X93.55 Y177.18
G1 X93.51 Y177.23
G1 X93.48 Y177.28
G1 X93.44 Y177.33
G1 X93.40 Y177.38
G1 X93.36 Y177.42
G1 X93.32 Y177.47
G1 X93.28 Y177.51
G1 X93.24 Y177.56
G1 X93.19 Y177.60
G1 X93.15 Y177.64
G1 X93.10 Y177.68
G1 X93.06 Y177.72
G1 X93.01 Y177.76
G1 X92.96 Y177.80
G1 X92.91 Y177.83
G1 X92.86 Y177.87
G1 X92.81 Y177.90
G1 X92.76 Y177.93
G1 X92.71 Y177.96
G1 X92.65 Y177.99
G1 X92.60 Y178.02
G1 X92.54 Y178.05
G1 X92.49 Y178.08
G1 X92.43 Y178.10
G1 X92.37 Y178.12
G1 X92.31 Y178.15
G1 X92.26 Y178.17
G1 X92.20 Y178.19
G1 X92.14 Y178.20
G1 X92.08 Y178.22
G1 X92.01 Y178.24
G1 X91.95 Y178.25
G1 X91.89 Y178.26
G1 X91.83 Y178.27
G1 X91.76 Y178.28
G1 X91.70 Y178.29
G1 X91.64 Y178.29
G1 X91.57 Y178.30
G1 X91.51 Y178.30
G1 X91.44 Y178.30
G1 X88.90 Y178.30
G1 X88.90 Y188.46
G1 X86.36 Y191.00
G1 X88.16 Y192.80
G1 X88.11 Y192.84
G1 X88.07 Y192.88
G1 X88.02 Y192.92
G1 X87.98 Y192.96
G1 X87.93 Y193.00
G1 X87.88 Y193.04
G1 X87.83 Y193.07
G1 X87.78 Y193.11
G1 X87.73 Y193.14
G1 X87.68 Y193.17
G1 X87.63 Y193.20
G1 X87.57 Y193.23
G1 X87.52 Y193.26
G1 X87.46 Y193.29
G1 X87.41 Y193.32
G1 X87.35 Y193.34
G1 X87.29 Y193.36
G1 X87.24 Y193.39
G1 X87.18 Y193.41
G1 X87.12 Y193.43
G1 X87.06 Y193.44
G1 X87.00 Y193.46
G1 X86.93 Y193.48
G1 X86.87 Y193.49
G1 X86.81 Y193.50
G1 X86.75 Y193.51
G1 X86.68 Y193.52
G1 X86.62 Y193.53
G1 X86.56 Y193.53
G1 X86.49 Y193.54
G1 X86.43 Y193.54
G1 X86.36 Y193.54
G1 X71.12 Y193.54
G1 X71.12 Y201.16
G1 X70.93 Y202.14
G1 X70.41 Y203.00
G1 X69.57 Y203.54
G1 X68.58 Y203.70
G1 X53.34 Y203.70
G1 X52.35 Y203.54
G1 X51.51 Y203.00
G1 X50.99 Y202.14
G1 X50.80 Y201.16
G1 X50.80 Y193.54
G1 X50.80 Y193.54
G1 X50.80 Y191.00
G1 X50.80 Y191.00
G1 X50.80 Y193.54
G1 X48.26 Y193.54
G1 X50.80 Y191.00
G1 X50.80 Y191.00
G1 X45.72 Y185.92
G1 X40.64 Y191.00
G1 X43.18 Y193.54
G1 X33.02 Y193.54
G1 X33.02 Y203.70
G1 X30.48 Y201.16
G1 X27.94 Y203.70
G1 X45.72 Y203.70
G1 X45.72 Y221.48
G1 X42.06 Y217.82
G1 X42.06 Y217.82
G1 X42.13 Y217.76
G1 X42.19 Y217.69
G1 X42.26 Y217.62
G1 X42.32 Y217.54
G1 X42.38 Y217.47
G1 X42.43 Y217.40
G1 X42.49 Y217.32
G1 X42.54 Y217.24
G1 X42.59 Y217.17
G1 X42.64 Y217.09
G1 X42.69 Y217.01
G1 X42.73 Y216.92
G1 X42.77 Y216.84
G1 X42.81 Y216.76
G1 X42.85 Y216.67
G1 X42.89 Y216.59
G1 X42.92 Y216.50
G1 X42.96 Y216.41
G1 X42.99 Y216.33
G1 X43.02 Y216.24
G1 X43.04 Y216.15
G1 X43.07 Y216.06
G1 X43.09 Y215.97
G1 X43.11 Y215.88
G1 X43.12 Y215.78
G1 X43.14 Y215.69
G1 X43.15 Y215.60
G1 X43.16 Y215.51
G1 X43.17 Y215.41
G1 X43.18 Y215.32
G1 X43.18 Y215.22
G1 X43.18 Y215.13
G1 X43.18 Y215.03
G1 X43.18 Y214.93
G1 X43.17 Y214.84
G1 X43.16 Y214.74
G1 X43.15 Y214.64
G1 X43.14 Y214.55
G1 X43.12 Y214.46
G1 X43.10 Y214.36
G1 X43.08 Y214.27
G1 X43.06 Y214.18
G1 X43.04 Y214.09
G1 X43.01 Y214.00
G1 X42.98 Y213.91
G1 X42.95 Y213.82
G1 X42.92 Y213.73
G1 X42.88 Y213.65
G1 X42.84 Y213.56
G1 X42.80 Y213.48
G1 X42.76 Y213.40
G1 X42.72 Y213.31
G1 X42.68 Y213.23
G1 X42.63 Y213.15
G1 X42.58 Y213.08
G1 X42.53 Y213.00
G1 X42.48 Y212.92
G1 X42.42 Y212.85
G1 X42.37 Y212.78
G1 X42.31 Y212.71
G1 X42.25 Y212.64
G1 X42.19 Y212.57
G1 X42.13 Y212.50
G1 X42.06 Y212.44
G1 X42.00 Y212.37
G1 X41.93 Y212.31
G1 X41.86 Y212.25
G1 X41.79 Y212.19
G1 X41.72 Y212.13
G1 X41.65 Y212.08
G1 X41.58 Y212.02
G1 X41.50 Y211.97
G1 X41.42 Y211.92
G1 X41.35 Y211.87
G1 X41.27 Y211.82
G1 X41.19 Y211.78
G1 X41.10 Y211.74
G1 X41.02 Y211.70
G1 X40.94 Y211.66
G1 X40.85 Y211.62
G1 X40.77 Y211.58
G1 X40.68 Y211.55
G1 X40.59 Y211.52
G1 X40.50 Y211.49
G1 X40.41 Y211.46
G1 X40.32 Y211.44
G1 X40.23 Y211.42
G1 X40.14 Y211.40
G1 X40.04 Y211.38
G1 X39.95 Y211.36
G1 X39.86 Y211.35
G1 X39.76 Y211.34
G1 X39.66 Y211.33
G1 X39.57 Y211.33
G1 X39.47 Y211.32
G1 X39.37 Y211.32
G1 X39.27 Y211.32
G1 X39.17 Y211.33
G1 X39.08 Y211.33
G1 X38.98 Y211.34
G1 X38.88 Y211.35
G1 X38.79 Y211.36
G1 X38.70 Y211.38
G1 X38.60 Y211.40
G1 X38.51 Y211.42
G1 X38.42 Y211.44
G1 X38.33 Y211.46
G1 X38.24 Y211.49
G1 X38.15 Y211.52
G1 X38.06 Y211.55
G1 X37.97 Y211.58
G1 X37.89 Y211.62
G1 X37.80 Y211.66
G1 X37.72 Y211.70
G1 X37.64 Y211.74
G1 X37.55 Y211.78
G1 X37.47 Y211.82
G1 X37.39 Y211.87
G1 X37.32 Y211.92
G1 X37.24 Y211.97
G1 X37.16 Y212.02
G1 X37.09 Y212.08
G1 X37.02 Y212.13
G1 X36.95 Y212.19
G1 X36.88 Y212.25
G1 X36.81 Y212.31
G1 X36.74 Y212.37
G1 X36.68 Y212.44
G1 X36.61 Y212.50
G1 X36.55 Y212.57
G1 X36.49 Y212.64
G1 X36.43 Y212.71
G1 X36.37 Y212.78
G1 X36.32 Y212.85
G1 X36.26 Y212.92
G1 X36.21 Y213.00
G1 X36.16 Y213.08
G1 X36.11 Y213.15
G1 X36.07 Y213.23
G1 X36.02 Y213.31
G1 X35.98 Y213.40
G1 X35.94 Y213.48
G1 X35.90 Y213.56
G1 X35.86 Y213.65
G1 X35.82 Y213.73
G1 X35.79 Y213.82
G1 X35.76 Y213.91
G1 X35.73 Y214.00
G1 X35.70 Y214.09
G1 X35.68 Y214.18
G1 X35.66 Y214.27
G1 X35.64 Y214.36
G1 X35.62 Y214.46
G1 X35.60 Y214.55
G1 X35.59 Y214.64
G1 X35.58 Y214.74
G1 X35.57 Y214.84
G1 X35.57 Y214.93
G1 X35.56 Y215.03
G1 X35.56 Y215.13
G1 X35.56 Y215.22
G1 X35.56 Y215.32
G1 X35.57 Y215.41
G1 X35.58 Y215.51
G1 X35.59 Y215.60
G1 X35.60 Y215.69
G1 X35.62 Y215.78
G1 X35.63 Y215.88
G1 X35.65 Y215.97
G1 X35.68 Y216.06
G1 X35.70 Y216.15
G1 X35.72 Y216.24
G1 X35.75 Y216.33
G1 X35.78 Y216.41
G1 X35.82 Y216.50
G1 X35.85 Y216.59
G1 X35.89 Y216.67
G1 X35.93 Y216.76
G1 X35.97 Y216.84
G1 X36.01 Y216.92
G1 X36.05 Y217.01
G1 X36.10 Y217.09
G1 X36.15 Y217.17
G1 X36.20 Y217.24
G1 X36.25 Y217.32
G1 X36.31 Y217.40
G1 X36.36 Y217.47
G1 X36.42 Y217.54
G1 X36.48 Y217.62
G1 X36.55 Y217.69
G1 X36.61 Y217.76
G1 X36.68 Y217.82
G1 X36.68 Y217.82
G1 X33.02 Y221.48
G1 X33.02 Y216.40
G1 X27.94 Y216.40
G1 X27.94 Y208.78
G1 X27.94 Y208.71
G1 X27.94 Y208.65
G1 X27.93 Y208.58
G1 X27.93 Y208.52
G1 X27.92 Y208.46
G1 X27.91 Y208.39
G1 X27.90 Y208.33
G1 X27.89 Y208.27
G1 X27.88 Y208.20
G1 X27.86 Y208.14
G1 X27.84 Y208.08
G1 X27.83 Y208.02
G1 X27.81 Y207.96
G1 X27.79 Y207.90
G1 X27.76 Y207.85
G1 X27.74 Y207.79
G1 X27.72 Y207.73
G1 X27.69 Y207.68
G1 X27.66 Y207.62
G1 X27.63 Y207.57
G1 X27.60 Y207.51
G1 X27.57 Y207.46
G1 X27.54 Y207.41
G1 X27.51 Y207.36
G1 X27.47 Y207.31
G1 X27.44 Y207.26
G1 X27.40 Y207.21
G1 X27.36 Y207.16
G1 X27.32 Y207.12
G1 X27.28 Y207.07
G1 X27.24 Y207.03
G1 X27.20 Y206.98
G1 X27.15 Y206.94
G1 X27.11 Y206.90
G1 X27.06 Y206.86
G1 X27.02 Y206.82
G1 X26.97 Y206.78
G1 X26.92 Y206.74
G1 X26.87 Y206.71
G1 X26.82 Y206.67
G1 X26.77 Y206.64
G1 X26.72 Y206.61
G1 X26.67 Y206.58
G1 X26.61 Y206.55
G1 X26.56 Y206.52
G1 X26.50 Y206.49
G1 X26.45 Y206.46
G1 X26.39 Y206.44
G1 X26.33 Y206.42
G1 X26.28 Y206.39
G1 X26.22 Y206.37
G1 X26.16 Y206.35
G1 X26.10 Y206.34
G1 X26.04 Y206.32
G1 X25.97 Y206.30
G1 X25.91 Y206.29
G1 X25.85 Y206.28
G1 X25.79 Y206.27
G1 X25.72 Y206.26
G1 X25.66 Y206.25
G1 X25.60 Y206.25
G1 X25.53 Y206.24
G1 X25.47 Y206.24
G1 X25.40 Y206.24
G1 X7.62 Y206.24
G1 X7.55 Y206.24
G1 X7.49 Y206.24
G1 X7.42 Y206.25
G1 X7.36 Y206.25
G1 X7.30 Y206.26
G1 X7.23 Y206.27
G1 X7.17 Y206.28
G1 X7.11 Y206.29
G1 X7.05 Y206.30
G1 X6.98 Y206.32
G1 X6.92 Y206.34
G1 X6.86 Y206.35
G1 X6.80 Y206.37
G1 X6.75 Y206.39
G1 X6.69 Y206.42
G1 X6.63 Y206.44
G1 X6.57 Y206.46
G1 X6.52 Y206.49
G1 X6.46 Y206.52
G1 X6.41 Y206.55
G1 X6.35 Y206.58
G1 X6.30 Y206.61
G1 X6.25 Y206.64
G1 X6.20 Y206.67
G1 X6.15 Y206.71
G1 X6.10 Y206.74
G1 X6.05 Y206.78
G1 X6.00 Y206.82
G1 X5.96 Y206.86
G1 X5.91 Y206.90
G1 X5.87 Y206.94
G1 X5.82 Y206.98
G1 X5.78 Y207.03
G1 X5.74 Y207.07
G1 X5.70 Y207.12
G1 X5.66 Y207.16
G1 X5.62 Y207.21
G1 X5.58 Y207.26
G1 X5.55 Y207.31
G1 X5.51 Y207.36
G1 X5.48 Y207.41
G1 X5.45 Y207.46
G1 X5.42 Y207.51
G1 X5.39 Y207.57
G1 X5.36 Y207.62
G1 X5.33 Y207.68
G1 X5.30 Y207.73
G1 X5.28 Y207.79
G1 X5.26 Y207.85
G1 X5.23 Y207.90
G1 X5.21 Y207.96
G1 X5.19 Y208.02
G1 X5.18 Y208.08
G1 X5.16 Y208.14
G1 X5.14 Y208.20
G1 X5.13 Y208.27
G1 X5.12 Y208.33
G1 X5.11 Y208.39
G1 X5.10 Y208.46
G1 X5.09 Y208.52
G1 X5.09 Y208.58
G1 X5.08 Y208.65
G1 X5.08 Y208.71
G1 X5.08 Y208.78
G1 X5.08 Y216.40
G1 X0.00 Y216.40
G1 X0.00 Y203.70
G1 X2.54 Y203.70
G1 X0.00 Y201.16
G1 X0.00 Y196.08
G1 X5.08 Y191.00
G1 X0.00 Y185.92
G1 X0.00 Y180.84
G1 X5.08 Y175.76
G1 X0.00 Y170.68
G1 X0.00 Y165.60
G1 X5.08 Y160.52
G1 X0.00 Y155.44
G1 X0.00 Y150.36
G1 X5.08 Y145.28
G1 X0.00 Y140.20
G1 X0.00 Y135.12
G1 X5.08 Y130.04
G1 X0.00 Y124.96
G1 X0.00 Y119.88
G1 X5.08 Y114.80
G1 X0.00 Y109.72
G1 X0.00 Y104.64
G1 X5.08 Y99.56
G1 X0.00 Y94.48
G1 X0.00 Y89.40
G1 X5.08 Y84.32
G1 X0.00 Y79.24
G1 X0.00 Y74.16
G1 X5.08 Y69.08
G1 X0.00 Y64.00
G1 X0.00 Y58.92
G1 X5.08 Y53.84
G1 X0.00 Y48.76
G1 X0.00 Y43.68
G1 X5.08 Y38.60
G1 X0.00 Y33.52
G1 X0.00 Y28.44
G1 X5.08 Y23.36
G1 X0.00 Y18.28
G1 X0.00 Y13.20
G1 X5.08 Y8.12
G1 X0.00 Y3.04
G1 X0.00 Y0.50
G1 X2.54 Y0.50
G1 X5.08 Y3.04
G1 X5.08 Y3.04

; Pass 0 Path 1
G0 X5.08 Y13.20
G1 X2.54 Y15.74 S1000.00 F100
G1 X5.08 Y18.28
G1 X5.08 Y13.20

; Pass 0 Path 2
G0 X10.16 Y23.36
G1 X15.24 Y28.44 S1000.00 F100
G1 X20.32 Y23.36
G1 X10.16 Y23.36
G1 X10.16 Y23.36

; Pass 0 Path 3
G0 X7.62 Y25.90
G1 X2.54 Y30.98 S1000.00 F100
G1 X5.08 Y33.52
G1 X5.08 Y32.41
G1 X5.08 Y32.34
G1 X5.08 Y32.27
G1 X5.09 Y32.20
G1 X5.09 Y32.13
G1 X5.10 Y32.06
G1 X5.11 Y32.00
G1 X5.12 Y31.93
G1 X5.13 Y31.86
G1 X5.15 Y31.80
G1 X5.16 Y31.73
G1 X5.18 Y31.67
G1 X5.20 Y31.60
G1 X5.22 Y31.54
G1 X5.24 Y31.48
G1 X5.27 Y31.42
G1 X5.29 Y31.36
G1 X5.32 Y31.30
G1 X5.35 Y31.24
G1 X5.37 Y31.18
G1 X5.40 Y31.12
G1 X5.44 Y31.06
G1 X5.47 Y31.01
G1 X5.50 Y30.95
G1 X5.54 Y30.90
G1 X5.58 Y30.84
G1 X5.61 Y30.79
G1 X5.65 Y30.74
G1 X5.69 Y30.69
G1 X5.74 Y30.64
G1 X5.78 Y30.59
G1 X5.82 Y30.54
G1 X5.87 Y30.50
G1 X5.92 Y30.45
G1 X5.96 Y30.41
G1 X6.01 Y30.37
G1 X6.06 Y30.32
G1 X6.11 Y30.28
G1 X6.16 Y30.24
G1 X6.21 Y30.21
G1 X6.27 Y30.17
G1 X6.32 Y30.13
G1 X6.38 Y30.10
G1 X6.43 Y30.07
G1 X6.49 Y30.03
G1 X6.55 Y30.00
G1 X6.61 Y29.97
G1 X6.67 Y29.95
G1 X6.73 Y29.92
G1 X6.79 Y29.90
G1 X6.85 Y29.87
G1 X6.91 Y29.85
G1 X6.98 Y29.83
G1 X7.04 Y29.81
G1 X7.10 Y29.79
G1 X7.17 Y29.78
G1 X7.23 Y29.76
G1 X7.30 Y29.75
G1 X7.37 Y29.74
G1 X7.44 Y29.73
G1 X7.50 Y29.72
G1 X7.57 Y29.72
G1 X7.64 Y29.71
G1 X7.71 Y29.71
G1 X7.78 Y29.71
G1 X11.43 Y29.71
G1 X7.62 Y25.90

; Pass 0 Path 4
G0 X19.05 Y29.71
G1 X25.24 Y29.71 S1000.00 F100
G1 X25.29 Y29.71
G1 X25.34 Y29.71
G1 X25.39 Y29.71
G1 X25.44 Y29.72
G1 X25.49 Y29.72
G1 X25.54 Y29.73
G1 X25.59 Y29.73
G1 X25.64 Y29.74
G1 X25.68 Y29.75
G1 X25.73 Y29.75
G1 X25.78 Y29.76
G1 X25.83 Y29.77
G1 X25.87 Y29.78
G1 X25.92 Y29.80
G1 X25.97 Y29.81
G1 X26.01 Y29.82
G1 X26.06 Y29.84
G1 X26.11 Y29.85
G1 X26.15 Y29.87
G1 X26.19 Y29.88
G1 X26.24 Y29.90
G1 X26.28 Y29.92
G1 X26.33 Y29.94
G1 X26.37 Y29.95
G1 X26.41 Y29.97
G1 X26.45 Y30.00
G1 X26.50 Y30.02
G1 X26.54 Y30.04
G1 X26.58 Y30.06
G1 X26.62 Y30.09
G1 X26.66 Y30.11
G1 X26.70 Y30.14
G1 X26.74 Y30.16
G1 X26.78 Y30.19
G1 X26.82 Y30.21
G1 X26.85 Y30.24
G1 X26.89 Y30.27
G1 X26.93 Y30.30
G1 X26.96 Y30.33
G1 X27.00 Y30.36
G1 X27.03 Y30.39
G1 X27.07 Y30.42
G1 X27.10 Y30.45
G1 X27.14 Y30.48
G1 X27.17 Y30.52
G1 X27.20 Y30.55
G1 X27.23 Y30.58
G1 X27.26 Y30.62
G1 X27.30 Y30.65
G1 X27.33 Y30.69
G1 X27.35 Y30.73
G1 X27.38 Y30.76
G1 X27.41 Y30.80
G1 X27.44 Y30.84
G1 X27.47 Y30.88
G1 X27.49 Y30.92
G1 X27.52 Y30.95
G1 X27.54 Y30.99
G1 X27.57 Y31.03
G1 X27.59 Y31.08
G1 X27.61 Y31.12
G1 X27.63 Y31.16
G1 X27.66 Y31.20
G1 X27.68 Y31.24
G1 X27.94 Y30.98
G1 X22.86 Y25.90
G1 X19.05 Y29.71
G1 X19.05 Y29.71

; Pass 0 Path 5
G0 X25.40 Y23.36
G1 X30.48 Y28.44 S1000.00 F100
G1 X33.02 Y25.90
G1 X33.02 Y20.82
G1 X30.48 Y18.28
G1 X27.94 Y20.82
G1 X27.94 Y20.82
G1 X27.93 Y20.89
G1 X27.92 Y20.95
G1 X27.92 Y21.01
G1 X27.91 Y21.08
G1 X27.90 Y21.14
G1 X27.89 Y21.20
G1 X27.87 Y21.26
G1 X27.86 Y21.32
G1 X27.84 Y21.38
G1 X27.83 Y21.44
G1 X27.81 Y21.50
G1 X27.79 Y21.56
G1 X27.77 Y21.61
G1 X27.75 Y21.67
G1 X27.72 Y21.73
G1 X27.70 Y21.78
G1 X27.67 Y21.84
G1 X27.64 Y21.89
G1 X27.62 Y21.95
G1 X27.59 Y22.00
G1 X27.56 Y22.05
G1 X27.53 Y22.10
G1 X27.49 Y22.15
G1 X27.46 Y22.20
G1 X27.42 Y22.25
G1 X27.39 Y22.30
G1 X27.35 Y22.35
G1 X27.31 Y22.39
G1 X27.27 Y22.44
G1 X27.23 Y22.48
G1 X27.19 Y22.53
G1 X27.15 Y22.57
G1 X27.11 Y22.61
G1 X27.06 Y22.65
G1 X27.02 Y22.69
G1 X26.97 Y22.73
G1 X26.93 Y22.77
G1 X26.88 Y22.81
G1 X26.83 Y22.84
G1 X26.78 Y22.88
G1 X26.73 Y22.91
G1 X26.68 Y22.94
G1 X26.63 Y22.98
G1 X26.58 Y23.01
G1 X26.53 Y23.04
G1 X26.47 Y23.06
G1 X26.42 Y23.09
G1 X26.36 Y23.12
G1 X26.31 Y23.14
G1 X26.25 Y23.16
G1 X26.20 Y23.19
G1 X26.14 Y23.21
G1 X26.08 Y23.23
G1 X26.02 Y23.25
G1 X25.96 Y23.26
G1 X25.90 Y23.28
G1 X25.84 Y23.29
G1 X25.78 Y23.31
G1 X25.72 Y23.32
G1 X25.66 Y23.33
G1 X25.60 Y23.34
G1 X25.53 Y23.34
G1 X25.47 Y23.35
G1 X25.41 Y23.35
G1 X25.40 Y23.36

; Pass 0 Path 6
G0 X30.48 Y33.52
G1 X27.94 Y36.06 S1000.00 F100
G1 X27.94 Y41.14
G1 X30.48 Y43.68
G1 X35.56 Y38.60
G1 X30.48 Y33.52

; Pass 0 Path 7
G0 X38.10 Y36.06
G1 X38.10 Y36.06 S1000.00 F100
G1 X38.10 Y36.06
G1 X38.10 Y36.06
G1 X38.10 Y36.06

; Pass 0 Path 8
G0 X40.64 Y38.60
G1 X43.18 Y41.14 S1000.00 F100
G1 X48.26 Y41.14
G1 X50.80 Y38.60
G1 X48.26 Y36.06
G1 X43.18 Y36.06
G1 X40.64 Y38.60

; Pass 0 Path 9
G0 X44.25 Y30.16
G1 X44.31 Y30.18 S1000.00 F100
G1 X44.36 Y30.20
G1 X44.42 Y30.23
G1 X44.48 Y30.25
G1 X44.53 Y30.27
G1 X44.59 Y30.30
G1 X44.65 Y30.32
G1 X44.71 Y30.34
G1 X44.77 Y30.36
G1 X44.83 Y30.38
G1 X44.88 Y30.40
G1 X44.94 Y30.42
G1 X45.00 Y30.44
G1 X45.06 Y30.46
G1 X45.12 Y30.48
G1 X45.18 Y30.50
G1 X45.24 Y30.52
G1 X45.30 Y30.54
G1 X45.36 Y30.56
G1 X45.42 Y30.58
G1 X45.48 Y30.59
G1 X45.54 Y30.61
G1 X45.60 Y30.63
G1 X45.66 Y30.64
G1 X45.72 Y30.66
G1 X45.78 Y30.67
G1 X45.84 Y30.69
G1 X45.90 Y30.70
G1 X45.97 Y30.72
G1 X46.03 Y30.73
G1 X46.09 Y30.75
G1 X46.15 Y30.76
G1 X46.21 Y30.77
G1 X46.27 Y30.78
G1 X46.34 Y30.80
G1 X46.40 Y30.81
G1 X46.46 Y30.82
G1 X46.52 Y30.83
G1 X46.59 Y30.84
G1 X46.65 Y30.85
G1 X46.71 Y30.86
G1 X46.78 Y30.87
G1 X46.84 Y30.88
G1 X46.90 Y30.89
G1 X46.97 Y30.90
G1 X47.03 Y30.90
G1 X47.09 Y30.91
G1 X47.16 Y30.92
G1 X47.22 Y30.93
G1 X47.29 Y30.93
G1 X47.35 Y30.94
G1 X47.41 Y30.94
G1 X47.48 Y30.95
G1 X47.54 Y30.95
G1 X47.61 Y30.96
G1 X47.67 Y30.96
G1 X47.74 Y30.97
G1 X47.80 Y30.97
G1 X47.87 Y30.97
G1 X47.93 Y30.97
G1 X48.00 Y30.98
G1 X48.06 Y30.98
G1 X48.13 Y30.98
G1 X48.19 Y30.98
G1 X48.26 Y30.98
G1 X48.33 Y30.98
G1 X48.39 Y30.98
G1 X48.46 Y30.98
G1 X48.52 Y30.98
G1 X48.59 Y30.97
G1 X48.65 Y30.97
G1 X48.72 Y30.97
G1 X48.78 Y30.97
G1 X48.85 Y30.96
G1 X48.91 Y30.96
G1 X48.98 Y30.95
G1 X49.04 Y30.95
G1 X49.11 Y30.94
G1 X49.17 Y30.94
G1 X49.23 Y30.93
G1 X49.30 Y30.93
G1 X49.36 Y30.92
G1 X49.43 Y30.91
G1 X49.49 Y30.90
G1 X49.55 Y30.90
G1 X49.62 Y30.89
G1 X49.68 Y30.88
G1 X49.74 Y30.87
G1 X49.81 Y30.86
G1 X49.87 Y30.85
G1 X49.93 Y30.84
G1 X50.00 Y30.83
G1 X50.06 Y30.82
G1 X50.12 Y30.81
G1 X50.18 Y30.80
G1 X50.25 Y30.78
G1 X50.31 Y30.77
G1 X50.37 Y30.76
G1 X50.43 Y30.75
G1 X50.49 Y30.73
G1 X50.55 Y30.72
G1 X50.62 Y30.70
G1 X50.68 Y30.69
G1 X50.74 Y30.67
G1 X50.80 Y30.66
G1 X50.86 Y30.64
G1 X50.92 Y30.63
G1 X50.98 Y30.61
G1 X51.04 Y30.59
G1 X51.10 Y30.58
G1 X51.16 Y30.56
G1 X51.22 Y30.54
G1 X51.28 Y30.52
G1 X51.34 Y30.50
G1 X51.40 Y30.48
G1 X51.46 Y30.46
G1 X51.52 Y30.44
G1 X51.58 Y30.42
G1 X51.64 Y30.40
G1 X51.69 Y30.38
G1 X51.75 Y30.36
G1 X51.81 Y30.34
G1 X51.87 Y30.32
G1 X51.93 Y30.30
G1 X51.99 Y30.27
G1 X52.04 Y30.25
G1 X52.10 Y30.23
G1 X52.16 Y30.20
G1 X52.21 Y30.18
G1 X52.27 Y30.16
G1 X52.33 Y30.13
G1 X52.38 Y30.11
G1 X52.44 Y30.08
G1 X52.50 Y30.06
G1 X52.55 Y30.03
G1 X52.61 Y30.00
G1 X52.66 Y29.98
G1 X52.72 Y29.95
G1 X52.78 Y29.92
G1 X52.83 Y29.90
G1 X52.89 Y29.87
G1 X52.94 Y29.84
G1 X52.99 Y29.81
G1 X53.05 Y29.78
G1 X53.10 Y29.75
G1 X53.16 Y29.72
G1 X53.21 Y29.69
G1 X53.26 Y29.66
G1 X53.32 Y29.63
G1 X53.37 Y29.60
G1 X53.42 Y29.57
G1 X53.48 Y29.54
G1 X53.53 Y29.51
G1 X53.58 Y29.48
G1 X53.63 Y29.44
G1 X53.68 Y29.41
G1 X53.74 Y29.38
G1 X53.79 Y29.34
G1 X53.84 Y29.31
G1 X53.89 Y29.28
G1 X53.94 Y29.24
G1 X53.99 Y29.21
G1 X54.04 Y29.17
G1 X54.09 Y29.14
G1 X54.14 Y29.10
G1 X54.19 Y29.07
G1 X54.24 Y29.03
G1 X54.29 Y29.00
G1 X54.34 Y28.96
G1 X54.39 Y28.92
G1 X54.44 Y28.89
G1 X54.48 Y28.85
G1 X54.53 Y28.81
G1 X54.58 Y28.77
G1 X54.63 Y28.74
G1 X54.68 Y28.70
G1 X54.72 Y28.66
G1 X54.77 Y28.62
G1 X54.82 Y28.58
G1 X54.86 Y28.54
G1 X54.91 Y28.50
G1 X54.95 Y28.46
G1 X55.00 Y28.42
G1 X55.05 Y28.38
G1 X55.09 Y28.34
G1 X55.14 Y28.30
G1 X55.18 Y28.26
G1 X55.23 Y28.22
G1 X55.27 Y28.17
G1 X55.31 Y28.13
G1 X55.36 Y28.09
G1 X55.40 Y28.05
G1 X55.44 Y28.00
G1 X55.49 Y27.96
G1 X55.53 Y27.92
G1 X55.57 Y27.87
G1 X55.61 Y27.83
G1 X55.66 Y27.78
G1 X55.70 Y27.74
G1 X55.74 Y27.70
G1 X55.78 Y27.65
G1 X55.82 Y27.60
G1 X55.86 Y27.56
G1 X55.90 Y27.51
G1 X55.94 Y27.47
G1 X55.98 Y27.42
G1 X56.02 Y27.38
G1 X56.06 Y27.33
G1 X56.10 Y27.28
G1 X56.14 Y27.23
G1 X56.18 Y27.19
G1 X56.22 Y27.14
G1 X56.25 Y27.09
G1 X56.29 Y27.04
G1 X56.33 Y26.99
G1 X56.36 Y26.95
G1 X56.40 Y26.90
G1 X56.44 Y26.85
G1 X56.47 Y26.80
G1 X56.51 Y26.75
G1 X56.55 Y26.70
G1 X56.58 Y26.65
G1 X56.62 Y26.60
G1 X56.65 Y26.55
G1 X56.68 Y26.50
G1 X56.72 Y26.45
G1 X56.75 Y26.40
G1 X56.79 Y26.35
G1 X56.82 Y26.29
G1 X56.85 Y26.24
G1 X56.88 Y26.19
G1 X56.92 Y26.14
G1 X56.95 Y26.09
G1 X56.98 Y26.03
G1 X57.01 Y25.98
G1 X57.04 Y25.93
G1 X57.07 Y25.88
G1 X57.10 Y25.82
G1 X57.13 Y25.77
G1 X57.16 Y25.72
G1 X57.19 Y25.66
G1 X57.22 Y25.61
G1 X57.25 Y25.55
G1 X57.28 Y25.50
G1 X57.31 Y25.44
G1 X57.34 Y25.39
G1 X57.36 Y25.33
G1 X57.39 Y25.28
G1 X57.42 Y25.22
G1 X57.44 Y25.17
G1 X57.47 Y25.11
G1 X57.50 Y25.06
G1 X57.52 Y25.00
G1 X57.55 Y24.94
G1 X57.57 Y24.89
G1 X57.60 Y24.83
G1 X57.62 Y24.77
G1 X57.65 Y24.72
G1 X57.67 Y24.66
G1 X57.69 Y24.60
G1 X57.72 Y24.54
G1 X57.74 Y24.49
G1 X57.76 Y24.43
G1 X57.78 Y24.37
G1 X57.80 Y24.31
G1 X57.82 Y24.25
G1 X57.85 Y24.20
G1 X57.87 Y24.14
G1 X57.89 Y24.08
G1 X57.91 Y24.02
G1 X57.93 Y23.96
G1 X57.94 Y23.90
G1 X57.96 Y23.84
G1 X57.98 Y23.78
G1 X58.00 Y23.72
G1 X58.02 Y23.66
G1 X58.03 Y23.60
G1 X58.05 Y23.54
G1 X58.07 Y23.48
G1 X58.08 Y23.42
G1 X58.10 Y23.36
G1 X58.12 Y23.30
G1 X58.13 Y23.24
G1 X58.15 Y23.17
G1 X58.16 Y23.11
G1 X58.17 Y23.05
G1 X58.19 Y22.99
G1 X58.20 Y22.93
G1 X58.21 Y22.87
G1 X58.23 Y22.80
G1 X58.24 Y22.74
G1 X58.25 Y22.68
G1 X58.26 Y22.62
G1 X58.27 Y22.55
G1 X58.28 Y22.49
G1 X58.29 Y22.43
G1 X58.30 Y22.37
G1 X58.31 Y22.30
G1 X58.32 Y22.24
G1 X58.33 Y22.18
G1 X58.34 Y22.11
G1 X58.35 Y22.05
G1 X58.35 Y21.99
G1 X58.36 Y21.92
G1 X58.37 Y21.86
G1 X58.37 Y21.79
G1 X58.38 Y21.73
G1 X58.39 Y21.66
G1 X58.39 Y21.60
G1 X58.40 Y21.54
G1 X58.40 Y21.47
G1 X58.40 Y21.41
G1 X58.41 Y21.34
G1 X58.41 Y21.28
G1 X58.41 Y21.21
G1 X58.41 Y21.15
G1 X58.42 Y21.08
G1 X58.42 Y21.02
G1 X58.42 Y20.95
G1 X58.42 Y20.88
G1 X58.42 Y20.82
G1 X58.42 Y20.75
G1 X58.42 Y20.69
G1 X58.42 Y20.62
G1 X58.42 Y20.56
G1 X58.41 Y20.49
G1 X58.41 Y20.43
G1 X58.41 Y20.36
G1 X58.41 Y20.30
G1 X58.40 Y20.23
G1 X58.40 Y20.17
G1 X58.40 Y20.10
G1 X58.39 Y20.04
G1 X58.39 Y19.97
G1 X58.38 Y19.91
G1 X58.37 Y19.84
G1 X58.37 Y19.78
G1 X58.36 Y19.72
G1 X58.35 Y19.65
G1 X58.35 Y19.59
G1 X58.34 Y19.52
G1 X58.33 Y19.46
G1 X58.32 Y19.40
G1 X58.31 Y19.33
G1 X58.30 Y19.27
G1 X58.29 Y19.21
G1 X58.28 Y19.15
G1 X58.27 Y19.08
G1 X58.26 Y19.02
G1 X58.25 Y18.96
G1 X58.24 Y18.90
G1 X58.23 Y18.83
G1 X58.21 Y18.77
G1 X58.20 Y18.71
G1 X58.19 Y18.65
G1 X58.17 Y18.59
G1 X58.16 Y18.52
G1 X58.15 Y18.46
G1 X58.13 Y18.40
G1 X58.12 Y18.34
G1 X58.10 Y18.28
G1 X58.08 Y18.22
G1 X58.07 Y18.16
G1 X58.05 Y18.10
G1 X58.03 Y18.04
G1 X58.02 Y17.98
G1 X58.00 Y17.92
G1 X57.98 Y17.86
G1 X57.96 Y17.80
G1 X57.94 Y17.74
G1 X57.93 Y17.68
G1 X57.91 Y17.62
G1 X57.89 Y17.56
G1 X57.87 Y17.50
G1 X57.85 Y17.44
G1 X57.82 Y17.38
G1 X57.80 Y17.33
G1 X57.78 Y17.27
G1 X57.76 Y17.21
G1 X57.74 Y17.15
G1 X57.72 Y17.09
G1 X57.69 Y17.04
G1 X57.67 Y16.98
G1 X57.65 Y16.92
G1 X57.62 Y16.86
G1 X57.60 Y16.81
G1 X57.57 Y16.75
G1 X57.55 Y16.69
G1 X57.52 Y16.64
G1 X57.50 Y16.58
G1 X57.47 Y16.53
G1 X57.44 Y16.47
G1 X57.42 Y16.41
G1 X57.39 Y16.36
G1 X57.36 Y16.30
G1 X57.34 Y16.25
G1 X57.31 Y16.19
G1 X57.28 Y16.14
G1 X57.25 Y16.08
G1 X57.22 Y16.03
G1 X57.19 Y15.98
G1 X57.16 Y15.92
G1 X57.13 Y15.87
G1 X57.10 Y15.81
G1 X57.07 Y15.76
G1 X57.04 Y15.71
G1 X57.01 Y15.66
G1 X56.98 Y15.60
G1 X56.95 Y15.55
G1 X56.92 Y15.50
G1 X56.88 Y15.45
G1 X56.85 Y15.39
G1 X56.82 Y15.34
G1 X56.79 Y15.29
G1 X56.75 Y15.24
G1 X56.72 Y15.19
G1 X56.68 Y15.14
G1 X56.65 Y15.09
G1 X56.62 Y15.04
G1 X56.58 Y14.99
G1 X56.55 Y14.94
G1 X56.51 Y14.89
G1 X56.47 Y14.84
G1 X56.44 Y14.79
G1 X56.40 Y14.74
G1 X56.36 Y14.69
G1 X56.33 Y14.64
G1 X56.29 Y14.59
G1 X56.25 Y14.55
G1 X56.22 Y14.50
G1 X56.18 Y14.45
G1 X56.14 Y14.40
G1 X56.10 Y14.36
G1 X56.06 Y14.31
G1 X56.02 Y14.26
G1 X55.98 Y14.22
G1 X55.94 Y14.17
G1 X55.90 Y14.12
G1 X55.86 Y14.08
G1 X55.82 Y14.03
G1 X55.78 Y13.99
G1 X55.74 Y13.94
G1 X55.70 Y13.90
G1 X55.66 Y13.85
G1 X55.61 Y13.81
G1 X55.57 Y13.76
G1 X55.53 Y13.72
G1 X55.49 Y13.68
G1 X55.44 Y13.63
G1 X55.40 Y13.59
G1 X55.36 Y13.55
G1 X55.31 Y13.51
G1 X55.27 Y13.46
G1 X55.23 Y13.42
G1 X55.18 Y13.38
G1 X55.14 Y13.34
G1 X55.09 Y13.30
G1 X55.05 Y13.26
G1 X55.00 Y13.22
G1 X54.95 Y13.18
G1 X54.91 Y13.14
G1 X54.86 Y13.10
G1 X54.82 Y13.06
G1 X54.77 Y13.02
G1 X54.72 Y12.98
G1 X54.68 Y12.94
G1 X54.63 Y12.90
G1 X54.58 Y12.86
G1 X54.53 Y12.83
G1 X54.48 Y12.79
G1 X54.44 Y12.75
G1 X54.39 Y12.71
G1 X54.34 Y12.68
G1 X54.29 Y12.64
G1 X54.24 Y12.60
G1 X54.19 Y12.57
G1 X54.14 Y12.53
G1 X54.09 Y12.50
G1 X54.04 Y12.46
G1 X53.99 Y12.43
G1 X53.94 Y12.39
G1 X53.89 Y12.36
G1 X53.84 Y12.33
G1 X53.79 Y12.29
G1 X53.74 Y12.26
G1 X53.68 Y12.23
G1 X53.63 Y12.19
G1 X53.58 Y12.16
G1 X53.53 Y12.13
G1 X53.48 Y12.10
G1 X53.42 Y12.07
G1 X53.37 Y12.04
G1 X53.32 Y12.00
G1 X53.26 Y11.97
G1 X53.21 Y11.94
G1 X53.16 Y11.91
G1 X53.10 Y11.88
G1 X53.05 Y11.86
G1 X52.99 Y11.83
G1 X52.94 Y11.80
G1 X52.89 Y11.77
G1 X52.83 Y11.74
G1 X52.78 Y11.71
G1 X52.72 Y11.69
G1 X52.66 Y11.66
G1 X52.61 Y11.63
G1 X52.55 Y11.61
G1 X52.50 Y11.58
G1 X52.44 Y11.56
G1 X52.38 Y11.53
G1 X52.33 Y11.51
G1 X52.27 Y11.48
G1 X52.21 Y11.46
G1 X52.16 Y11.43
G1 X52.10 Y11.41
G1 X52.04 Y11.39
G1 X51.99 Y11.36
G1 X51.93 Y11.34
G1 X51.87 Y11.32
G1 X51.81 Y11.30
G1 X51.75 Y11.28
G1 X51.69 Y11.25
G1 X51.64 Y11.23
G1 X51.58 Y11.21
G1 X51.52 Y11.19
G1 X51.46 Y11.17
G1 X51.40 Y11.15
G1 X51.34 Y11.13
G1 X51.28 Y11.12
G1 X51.22 Y11.10
G1 X51.16 Y11.08
G1 X51.10 Y11.06
G1 X51.04 Y11.04
G1 X50.98 Y11.03
G1 X50.92 Y11.01
G1 X50.86 Y10.99
G1 X50.80 Y10.98
G1 X50.74 Y10.96
G1 X50.68 Y10.95
G1 X50.62 Y10.93
G1 X50.55 Y10.92
G1 X50.49 Y10.90
G1 X50.43 Y10.89
G1 X50.37 Y10.88
G1 X50.31 Y10.87
G1 X50.25 Y10.85
G1 X50.18 Y10.84
G1 X50.12 Y10.83
G1 X50.06 Y10.82
G1 X50.00 Y10.81
G1 X49.93 Y10.80
G1 X49.87 Y10.79
G1 X49.81 Y10.78
G1 X49.74 Y10.77
G1 X49.68 Y10.76
G1 X49.62 Y10.75
G1 X49.55 Y10.74
G1 X49.49 Y10.73
G1 X49.43 Y10.72
G1 X49.36 Y10.72
G1 X49.30 Y10.71
G1 X49.23 Y10.70
G1 X49.17 Y10.70
G1 X49.11 Y10.69
G1 X49.04 Y10.69
G1 X48.98 Y10.68
G1 X48.91 Y10.68
G1 X48.85 Y10.68
G1 X48.78 Y10.67
G1 X48.72 Y10.67
G1 X48.65 Y10.67
G1 X48.59 Y10.66
G1 X48.52 Y10.66
G1 X48.46 Y10.66
G1 X48.39 Y10.66
G1 X48.33 Y10.66
G1 X48.26 Y10.66
G1 X48.19 Y10.66
G1 X48.13 Y10.66
G1 X48.06 Y10.66
G1 X48.00 Y10.66
G1 X47.93 Y10.66
G1 X47.87 Y10.67
G1 X47.80 Y10.67
G1 X47.74 Y10.67
G1 X47.67 Y10.68
G1 X47.61 Y10.68
G1 X47.54 Y10.68
G1 X47.48 Y10.69
G1 X47.41 Y10.69
G1 X47.35 Y10.70
G1 X47.29 Y10.70
G1 X47.22 Y10.71
G1 X47.16 Y10.72
G1 X47.09 Y10.72
G1 X47.03 Y10.73
G1 X46.97 Y10.74
G1 X46.90 Y10.75
G1 X46.84 Y10.76
G1 X46.78 Y10.77
G1 X46.71 Y10.78
G1 X46.65 Y10.79
G1 X46.59 Y10.80
G1 X46.52 Y10.81
G1 X46.46 Y10.82
G1 X46.40 Y10.83
G1 X46.34 Y10.84
G1 X46.27 Y10.85
G1 X46.21 Y10.87
G1 X46.15 Y10.88
G1 X46.09 Y10.89
G1 X46.03 Y10.90
G1 X45.97 Y10.92
G1 X45.90 Y10.93
G1 X45.84 Y10.95
G1 X45.78 Y10.96
G1 X45.72 Y10.98
G1 X45.66 Y10.99
G1 X45.60 Y11.01
G1 X45.54 Y11.03
G1 X45.48 Y11.04
G1 X45.42 Y11.06
G1 X45.36 Y11.08
G1 X45.30 Y11.10
G1 X45.24 Y11.12
G1 X45.18 Y11.13
G1 X45.12 Y11.15
G1 X45.06 Y11.17
G1 X45.00 Y11.19
G1 X44.94 Y11.21
G1 X44.88 Y11.23
G1 X44.83 Y11.25
G1 X44.77 Y11.28
G1 X44.71 Y11.30
G1 X44.65 Y11.32
G1 X44.59 Y11.34
G1 X44.53 Y11.36
G1 X44.48 Y11.39
G1 X44.42 Y11.41
G1 X44.36 Y11.43
G1 X44.31 Y11.46
G1 X44.25 Y11.48
G1 X44.19 Y11.51
G1 X44.14 Y11.53
G1 X44.08 Y11.56
G1 X44.02 Y11.58
G1 X43.97 Y11.61
G1 X43.91 Y11.63
G1 X43.86 Y11.66
G1 X43.80 Y11.69
G1 X43.74 Y11.71
G1 X43.69 Y11.74
G1 X43.63 Y11.77
G1 X43.58 Y11.80
G1 X43.53 Y11.83
G1 X43.47 Y11.86
G1 X43.42 Y11.88
G1 X43.36 Y11.91
G1 X43.31 Y11.94
G1 X43.26 Y11.97
G1 X43.20 Y12.00
G1 X43.15 Y12.04
G1 X43.10 Y12.07
G1 X43.04 Y12.10
G1 X42.99 Y12.13
G1 X42.94 Y12.16
G1 X42.89 Y12.19
G1 X42.84 Y12.23
G1 X42.78 Y12.26
G1 X42.73 Y12.29
G1 X42.68 Y12.33
G1 X42.63 Y12.36
G1 X42.58 Y12.39
G1 X42.53 Y12.43
G1 X42.48 Y12.46
G1 X42.43 Y12.50
G1 X42.38 Y12.53
G1 X42.33 Y12.57
G1 X42.28 Y12.60
G1 X42.23 Y12.64
G1 X42.18 Y12.68
G1 X42.13 Y12.71
G1 X42.08 Y12.75
G1 X42.04 Y12.79
G1 X41.99 Y12.83
G1 X41.94 Y12.86
G1 X41.89 Y12.90
G1 X41.84 Y12.94
G1 X41.80 Y12.98
G1 X41.75 Y13.02
G1 X41.70 Y13.06
G1 X41.66 Y13.10
G1 X41.61 Y13.14
G1 X41.57 Y13.18
G1 X41.52 Y13.22
G1 X41.47 Y13.26
G1 X41.43 Y13.30
G1 X41.38 Y13.34
G1 X41.34 Y13.38
G1 X41.29 Y13.42
G1 X41.25 Y13.46
G1 X41.21 Y13.51
G1 X41.16 Y13.55
G1 X41.12 Y13.59
G1 X41.08 Y13.63
G1 X41.03 Y13.68
G1 X40.99 Y13.72
G1 X40.95 Y13.76
G1 X40.91 Y13.81
G1 X40.86 Y13.85
G1 X40.82 Y13.90
G1 X40.78 Y13.94
G1 X40.74 Y13.99
G1 X40.70 Y14.03
G1 X40.66 Y14.08
G1 X40.62 Y14.12
G1 X40.58 Y14.17
G1 X40.54 Y14.22
G1 X40.50 Y14.26
G1 X40.46 Y14.31
G1 X40.42 Y14.36
G1 X40.38 Y14.40
G1 X40.34 Y14.45
G1 X40.30 Y14.50
G1 X40.27 Y14.55
G1 X40.23 Y14.59
G1 X40.19 Y14.64
G1 X40.16 Y14.69
G1 X40.12 Y14.74
G1 X40.08 Y14.79
G1 X40.05 Y14.84
G1 X40.01 Y14.89
G1 X39.97 Y14.94
G1 X39.94 Y14.99
G1 X39.90 Y15.04
G1 X39.87 Y15.09
G1 X39.84 Y15.14
G1 X39.80 Y15.19
G1 X39.77 Y15.24
G1 X39.73 Y15.29
G1 X39.70 Y15.34
G1 X39.67 Y15.39
G1 X39.64 Y15.45
G1 X39.60 Y15.50
G1 X39.57 Y15.55
G1 X39.54 Y15.60
G1 X39.51 Y15.66
G1 X39.48 Y15.71
G1 X39.45 Y15.76
G1 X39.42 Y15.81
G1 X39.39 Y15.87
G1 X39.36 Y15.92
G1 X39.33 Y15.98
G1 X39.30 Y16.03
G1 X39.27 Y16.08
G1 X39.24 Y16.14
G1 X39.21 Y16.19
G1 X39.18 Y16.25
G1 X39.16 Y16.30
G1 X39.13 Y16.36
G1 X39.10 Y16.41
G1 X39.08 Y16.47
G1 X39.05 Y16.53
G1 X39.02 Y16.58
G1 X39.00 Y16.64
G1 X38.97 Y16.69
G1 X38.95 Y16.75
G1 X38.92 Y16.81
G1 X38.90 Y16.86
G1 X38.87 Y16.92
G1 X38.85 Y16.98
G1 X38.83 Y17.04
G1 X38.80 Y17.09
G1 X38.78 Y17.15
G1 X38.76 Y17.21
G1 X38.74 Y17.27
G1 X38.72 Y17.33
G1 X38.70 Y17.38
G1 X38.67 Y17.44
G1 X38.65 Y17.50
G1 X38.63 Y17.56
G1 X38.61 Y17.62
G1 X38.59 Y17.68
G1 X38.58 Y17.74
G1 X38.56 Y17.80
G1 X38.54 Y17.86
G1 X38.52 Y17.92
G1 X38.50 Y17.98
G1 X38.49 Y18.04
G1 X38.47 Y18.10
G1 X38.45 Y18.16
G1 X38.44 Y18.22
G1 X38.42 Y18.28
G1 X38.40 Y18.34
G1 X38.39 Y18.40
G1 X38.37 Y18.46
G1 X38.36 Y18.52
G1 X38.35 Y18.59
G1 X38.33 Y18.65
G1 X38.32 Y18.71
G1 X38.31 Y18.77
G1 X38.29 Y18.83
G1 X38.28 Y18.90
G1 X38.27 Y18.96
G1 X38.26 Y19.02
G1 X38.25 Y19.08
G1 X38.24 Y19.15
G1 X38.23 Y19.21
G1 X38.22 Y19.27
G1 X38.21 Y19.33
G1 X38.20 Y19.40
G1 X38.19 Y19.46
G1 X38.18 Y19.52
G1 X38.17 Y19.59
G1 X38.17 Y19.65
G1 X38.16 Y19.72
G1 X38.15 Y19.78
G1 X38.15 Y19.84
G1 X38.14 Y19.91
G1 X38.13 Y19.97
G1 X38.13 Y20.04
G1 X38.12 Y20.10
G1 X38.12 Y20.17
G1 X38.12 Y20.23
G1 X38.11 Y20.30
G1 X38.11 Y20.36
G1 X38.11 Y20.43
G1 X38.11 Y20.49
G1 X38.10 Y20.56
G1 X38.10 Y20.62
G1 X38.10 Y20.69
G1 X38.10 Y20.75
G1 X38.10 Y20.82
G1 X38.10 Y20.88
G1 X38.10 Y20.95
G1 X38.10 Y21.02
G1 X38.10 Y21.08
G1 X38.11 Y21.15
G1 X38.11 Y21.21
G1 X38.11 Y21.28
G1 X38.11 Y21.34
G1 X38.12 Y21.41
G1 X38.12 Y21.47
G1 X38.12 Y21.54
G1 X38.13 Y21.60
G1 X38.13 Y21.66
G1 X38.14 Y21.73
G1 X38.15 Y21.79
G1 X38.15 Y21.86
G1 X38.16 Y21.92
G1 X38.17 Y21.99
G1 X38.17 Y22.05
G1 X38.18 Y22.11
G1 X38.19 Y22.18
G1 X38.20 Y22.24
G1 X38.21 Y22.30
G1 X38.22 Y22.37
G1 X38.23 Y22.43
G1 X38.24 Y22.49
G1 X38.25 Y22.55
G1 X38.26 Y22.62
G1 X38.27 Y22.68
G1 X38.28 Y22.74
G1 X38.29 Y22.80
G1 X38.31 Y22.87
G1 X38.32 Y22.93
G1 X38.33 Y22.99
G1 X38.35 Y23.05
G1 X38.36 Y23.11
G1 X38.37 Y23.17
G1 X38.39 Y23.24
G1 X38.40 Y23.30
G1 X38.42 Y23.36
G1 X38.44 Y23.42
G1 X38.45 Y23.48
G1 X38.47 Y23.54
G1 X38.49 Y23.60
G1 X38.50 Y23.66
G1 X38.52 Y23.72
G1 X38.54 Y23.78
G1 X38.56 Y23.84
G1 X38.58 Y23.90
G1 X38.59 Y23.96
G1 X38.61 Y24.02
G1 X38.63 Y24.08
G1 X38.65 Y24.14
G1 X38.67 Y24.20
G1 X38.70 Y24.25
G1 X38.72 Y24.31
G1 X38.74 Y24.37
G1 X38.76 Y24.43
G1 X38.78 Y24.49
G1 X38.80 Y24.54
G1 X38.83 Y24.60
G1 X38.85 Y24.66
G1 X38.87 Y24.72
G1 X38.90 Y24.77
G1 X38.92 Y24.83
G1 X38.95 Y24.89
G1 X38.97 Y24.94
G1 X39.00 Y25.00
G1 X39.02 Y25.06
G1 X39.05 Y25.11
G1 X39.08 Y25.17
G1 X39.10 Y25.22
G1 X39.13 Y25.28
G1 X39.16 Y25.33
G1 X39.18 Y25.39
G1 X39.21 Y25.44
G1 X39.24 Y25.50
G1 X39.27 Y25.55
G1 X39.30 Y25.61
G1 X39.33 Y25.66
G1 X39.36 Y25.72
G1 X39.39 Y25.77
G1 X39.42 Y25.82
G1 X39.45 Y25.88
G1 X39.48 Y25.93
G1 X39.51 Y25.98
G1 X39.54 Y26.03
G1 X39.57 Y26.09
G1 X39.60 Y26.14
G1 X39.64 Y26.19
G1 X39.67 Y26.24
G1 X39.70 Y26.29
G1 X39.73 Y26.35
G1 X39.77 Y26.40
G1 X39.80 Y26.45
G1 X39.84 Y26.50
G1 X39.87 Y26.55
G1 X39.90 Y26.60
G1 X39.94 Y26.65
G1 X39.97 Y26.70
G1 X40.01 Y26.75
G1 X40.05 Y26.80
G1 X40.08 Y26.85
G1 X40.12 Y26.90
G1 X40.16 Y26.95
G1 X40.19 Y26.99
G1 X40.23 Y27.04
G1 X40.27 Y27.09
G1 X40.30 Y27.14
G1 X40.34 Y27.19
G1 X40.38 Y27.23
G1 X40.42 Y27.28
G1 X40.46 Y27.33
G1 X40.50 Y27.38
G1 X40.54 Y27.42
G1 X40.58 Y27.47
G1 X40.62 Y27.51
G1 X40.66 Y27.56
G1 X40.70 Y27.60
G1 X40.74 Y27.65
G1 X40.78 Y27.70
G1 X40.82 Y27.74
G1 X40.86 Y27.78
G1 X40.91 Y27.83
G1 X40.95 Y27.87
G1 X40.99 Y27.92
G1 X41.03 Y27.96
G1 X41.08 Y28.00
G1 X41.12 Y28.05
G1 X41.16 Y28.09
G1 X41.21 Y28.13
G1 X41.25 Y28.17
G1 X41.29 Y28.22
G1 X41.34 Y28.26
G1 X41.38 Y28.30
G1 X41.43 Y28.34
G1 X41.47 Y28.38
G1 X41.52 Y28.42
G1 X41.57 Y28.46
G1 X41.61 Y28.50
G1 X41.66 Y28.54
G1 X41.70 Y28.58
G1 X41.75 Y28.62
G1 X41.80 Y28.66
G1 X41.84 Y28.70
G1 X41.89 Y28.74
G1 X41.94 Y28.77
G1 X41.99 Y28.81
G1 X42.04 Y28.85
G1 X42.08 Y28.89
G1 X42.13 Y28.92
G1 X42.18 Y28.96
G1 X42.23 Y29.00
G1 X42.28 Y29.03
G1 X42.33 Y29.07
G1 X42.38 Y29.10
G1 X42.43 Y29.14
G1 X42.48 Y29.17
G1 X42.53 Y29.21
G1 X42.58 Y29.24
G1 X42.63 Y29.28
G1 X42.68 Y29.31
G1 X42.73 Y29.34
G1 X42.78 Y29.38
G1 X42.84 Y29.41
G1 X42.89 Y29.44
G1 X42.94 Y29.48
G1 X42.99 Y29.51
G1 X43.04 Y29.54
G1 X43.10 Y29.57
G1 X43.15 Y29.60
G1 X43.20 Y29.63
G1 X43.26 Y29.66
G1 X43.31 Y29.69
G1 X43.36 Y29.72
G1 X43.42 Y29.75
G1 X43.47 Y29.78
G1 X43.53 Y29.81
G1 X43.58 Y29.84
G1 X43.63 Y29.87
G1 X43.69 Y29.90
G1 X43.74 Y29.92
G1 X43.80 Y29.95
G1 X43.86 Y29.98
G1 X43.91 Y30.00
G1 X43.97 Y30.03
G1 X44.02 Y30.06
G1 X44.08 Y30.08
G1 X44.14 Y30.11
G1 X44.19 Y30.13
G1 X44.25 Y30.16

; Pass 0 Path 10
G0 X53.34 Y36.06
G1 X53.34 Y36.06 S1000.00 F100
G1 X53.34 Y36.06
G1 X53.34 Y36.06
G1 X53.34 Y36.06

; Pass 0 Path 11
G0 X55.88 Y38.60
G1 X58.42 Y41.14 S1000.00 F100
G1 X63.50 Y41.14
G1 X66.04 Y38.60
G1 X63.50 Y36.06
G1 X58.42 Y36.06
G1 X55.88 Y38.60

; Pass 0 Path 12
G0 X52.27 Y47.04
G1 X52.21 Y47.02 S1000.00 F100
G1 X52.16 Y46.99
G1 X52.10 Y46.97
G1 X52.04 Y46.95
G1 X51.99 Y46.92
G1 X51.93 Y46.90
G1 X51.87 Y46.88
G1 X51.81 Y46.86
G1 X51.75 Y46.84
G1 X51.69 Y46.81
G1 X51.64 Y46.79
G1 X51.58 Y46.77
G1 X51.52 Y46.75
G1 X51.46 Y46.73
G1 X51.40 Y46.71
G1 X51.34 Y46.69
G1 X51.28 Y46.68
G1 X51.22 Y46.66
G1 X51.16 Y46.64
G1 X51.10 Y46.62
G1 X51.04 Y46.60
G1 X50.98 Y46.59
G1 X50.92 Y46.57
G1 X50.86 Y46.55
G1 X50.80 Y46.54
G1 X50.74 Y46.52
G1 X50.68 Y46.51
G1 X50.62 Y46.49
G1 X50.55 Y46.48
G1 X50.49 Y46.47
G1 X50.43 Y46.45
G1 X50.37 Y46.44
G1 X50.31 Y46.43
G1 X50.25 Y46.41
G1 X50.18 Y46.40
G1 X50.12 Y46.39
G1 X50.06 Y46.38
G1 X50.00 Y46.37
G1 X49.93 Y46.36
G1 X49.87 Y46.35
G1 X49.81 Y46.34
G1 X49.74 Y46.33
G1 X49.68 Y46.32
G1 X49.62 Y46.31
G1 X49.55 Y46.30
G1 X49.49 Y46.29
G1 X49.43 Y46.29
G1 X49.36 Y46.28
G1 X49.30 Y46.27
G1 X49.23 Y46.27
G1 X49.17 Y46.26
G1 X49.11 Y46.25
G1 X49.04 Y46.25
G1 X48.98 Y46.24
G1 X48.91 Y46.24
G1 X48.85 Y46.24
G1 X48.78 Y46.23
G1 X48.72 Y46.23
G1 X48.65 Y46.23
G1 X48.59 Y46.22
G1 X48.52 Y46.22
G1 X48.46 Y46.22
G1 X48.39 Y46.22
G1 X48.33 Y46.22
G1 X48.26 Y46.22
G1 X48.19 Y46.22
G1 X48.13 Y46.22
G1 X48.06 Y46.22
G1 X48.00 Y46.22
G1 X47.93 Y46.22
G1 X47.87 Y46.23
G1 X47.80 Y46.23
G1 X47.74 Y46.23
G1 X47.67 Y46.24
G1 X47.61 Y46.24
G1 X47.54 Y46.24
G1 X47.48 Y46.25
G1 X47.41 Y46.25
G1 X47.35 Y46.26
G1 X47.29 Y46.27
G1 X47.22 Y46.27
G1 X47.16 Y46.28
G1 X47.09 Y46.29
G1 X47.03 Y46.29
G1 X46.97 Y46.30
G1 X46.90 Y46.31
G1 X46.84 Y46.32
G1 X46.78 Y46.33
G1 X46.71 Y46.34
G1 X46.65 Y46.35
G1 X46.59 Y46.36
G1 X46.52 Y46.37
G1 X46.46 Y46.38
G1 X46.40 Y46.39
G1 X46.34 Y46.40
G1 X46.27 Y46.41
G1 X46.21 Y46.43
G1 X46.15 Y46.44
G1 X46.09 Y46.45
G1 X46.03 Y46.47
G1 X45.97 Y46.48
G1 X45.90 Y46.49
G1 X45.84 Y46.51
G1 X45.78 Y46.52
G1 X45.72 Y46.54
G1 X45.66 Y46.55
G1 X45.60 Y46.57
G1 X45.54 Y46.59
G1 X45.48 Y46.60
G1 X45.42 Y46.62
G1 X45.36 Y46.64
G1 X45.30 Y46.66
G1 X45.24 Y46.68
G1 X45.18 Y46.69
G1 X45.12 Y46.71
G1 X45.06 Y46.73
G1 X45.00 Y46.75
G1 X44.94 Y46.77
G1 X44.88 Y46.79
G1 X44.83 Y46.81
G1 X44.77 Y46.84
G1 X44.71 Y46.86
G1 X44.65 Y46.88
G1 X44.59 Y46.90
G1 X44.53 Y46.92
G1 X44.48 Y46.95
G1 X44.42 Y46.97
G1 X44.36 Y46.99
G1 X44.31 Y47.02
G1 X44.25 Y47.04
G1 X44.19 Y47.07
G1 X44.14 Y47.09
G1 X44.08 Y47.12
G1 X44.02 Y47.14
G1 X43.97 Y47.17
G1 X43.91 Y47.19
G1 X43.86 Y47.22
G1 X43.80 Y47.25
G1 X43.74 Y47.28
G1 X43.69 Y47.30
G1 X43.63 Y47.33
G1 X43.58 Y47.36
G1 X43.53 Y47.39
G1 X43.47 Y47.42
G1 X43.42 Y47.45
G1 X43.36 Y47.47
G1 X43.31 Y47.50
G1 X43.26 Y47.53
G1 X43.20 Y47.57
G1 X43.15 Y47.60
G1 X43.10 Y47.63
G1 X43.04 Y47.66
G1 X42.99 Y47.69
G1 X42.94 Y47.72
G1 X42.89 Y47.75
G1 X42.84 Y47.79
G1 X42.78 Y47.82
G1 X42.73 Y47.85
G1 X42.68 Y47.89
G1 X42.63 Y47.92
G1 X42.58 Y47.95
G1 X42.53 Y47.99
G1 X42.48 Y48.02
G1 X42.43 Y48.06
G1 X42.38 Y48.09
G1 X42.33 Y48.13
G1 X42.28 Y48.16
G1 X42.23 Y48.20
G1 X42.18 Y48.24
G1 X42.13 Y48.27
G1 X42.08 Y48.31
G1 X42.04 Y48.35
G1 X41.99 Y48.39
G1 X41.94 Y48.42
G1 X41.89 Y48.46
G1 X41.84 Y48.50
G1 X41.80 Y48.54
G1 X41.75 Y48.58
G1 X41.70 Y48.62
G1 X41.66 Y48.66
G1 X41.61 Y48.70
G1 X41.57 Y48.74
G1 X41.52 Y48.78
G1 X41.47 Y48.82
G1 X41.43 Y48.86
G1 X41.38 Y48.90
G1 X41.34 Y48.94
G1 X41.29 Y48.98
G1 X41.25 Y49.02
G1 X41.21 Y49.07
G1 X41.16 Y49.11
G1 X41.12 Y49.15
G1 X41.08 Y49.19
G1 X41.03 Y49.24
G1 X40.99 Y49.28
G1 X40.95 Y49.33
G1 X40.91 Y49.37
G1 X40.86 Y49.41
G1 X40.82 Y49.46
G1 X40.78 Y49.50
G1 X40.74 Y49.55
G1 X40.70 Y49.59
G1 X40.66 Y49.64
G1 X40.62 Y49.68
G1 X40.58 Y49.73
G1 X40.54 Y49.78
G1 X40.50 Y49.82
G1 X40.46 Y49.87
G1 X40.42 Y49.92
G1 X40.38 Y49.96
G1 X40.34 Y50.01
G1 X40.30 Y50.06
G1 X40.27 Y50.11
G1 X40.23 Y50.15
G1 X40.19 Y50.20
G1 X40.16 Y50.25
G1 X40.12 Y50.30
G1 X40.08 Y50.35
G1 X40.05 Y50.40
G1 X40.01 Y50.45
G1 X39.97 Y50.50
G1 X39.94 Y50.55
G1 X39.90 Y50.60
G1 X39.87 Y50.65
G1 X39.84 Y50.70
G1 X39.80 Y50.75
G1 X39.77 Y50.80
G1 X39.73 Y50.85
G1 X39.70 Y50.90
G1 X39.67 Y50.95
G1 X39.64 Y51.01
G1 X39.60 Y51.06
G1 X39.57 Y51.11
G1 X39.54 Y51.16
G1 X39.51 Y51.22
G1 X39.48 Y51.27
G1 X39.45 Y51.32
G1 X39.42 Y51.38
G1 X39.39 Y51.43
G1 X39.36 Y51.48
G1 X39.33 Y51.54
G1 X39.30 Y51.59
G1 X39.27 Y51.64
G1 X39.24 Y51.70
G1 X39.21 Y51.75
G1 X39.18 Y51.81
G1 X39.16 Y51.86
G1 X39.13 Y51.92
G1 X39.10 Y51.97
G1 X39.08 Y52.03
G1 X39.05 Y52.09
G1 X39.02 Y52.14
G1 X39.00 Y52.20
G1 X38.97 Y52.25
G1 X38.95 Y52.31
G1 X38.92 Y52.37
G1 X38.90 Y52.42
G1 X38.87 Y52.48
G1 X38.85 Y52.54
G1 X38.83 Y52.60
G1 X38.80 Y52.65
G1 X38.78 Y52.71
G1 X38.76 Y52.77
G1 X38.74 Y52.83
G1 X38.72 Y52.89
G1 X38.70 Y52.94
G1 X38.67 Y53.00
G1 X38.65 Y53.06
G1 X38.63 Y53.12
G1 X38.61 Y53.18
G1 X38.59 Y53.24
G1 X38.58 Y53.30
G1 X38.56 Y53.36
G1 X38.54 Y53.42
G1 X38.52 Y53.48
G1 X38.50 Y53.54
G1 X38.49 Y53.60
G1 X38.47 Y53.66
G1 X38.45 Y53.72
G1 X38.44 Y53.78
G1 X38.42 Y53.84
G1 X38.40 Y53.90
G1 X38.39 Y53.96
G1 X38.37 Y54.02
G1 X38.36 Y54.08
G1 X38.35 Y54.15
G1 X38.33 Y54.21
G1 X38.32 Y54.27
G1 X38.31 Y54.33
G1 X38.29 Y54.39
G1 X38.28 Y54.46
G1 X38.27 Y54.52
G1 X38.26 Y54.58
G1 X38.25 Y54.64
G1 X38.24 Y54.71
G1 X38.23 Y54.77
G1 X38.22 Y54.83
G1 X38.21 Y54.89
G1 X38.20 Y54.96
G1 X38.19 Y55.02
G1 X38.18 Y55.09
G1 X38.17 Y55.15
G1 X38.17 Y55.21
G1 X38.16 Y55.28
G1 X38.15 Y55.34
G1 X38.15 Y55.40
G1 X38.14 Y55.47
G1 X38.13 Y55.53
G1 X38.13 Y55.60
G1 X38.12 Y55.66
G1 X38.12 Y55.73
G1 X38.12 Y55.79
G1 X38.11 Y55.86
G1 X38.11 Y55.92
G1 X38.11 Y55.99
G1 X38.11 Y56.05
G1 X38.10 Y56.12
G1 X38.10 Y56.18
G1 X38.10 Y56.25
G1 X38.10 Y56.31
G1 X38.10 Y56.38
G1 X38.10 Y56.44
G1 X38.10 Y56.51
G1 X38.10 Y56.58
G1 X38.10 Y56.64
G1 X38.11 Y56.71
G1 X38.11 Y56.77
G1 X38.11 Y56.84
G1 X38.11 Y56.90
G1 X38.12 Y56.97
G1 X38.12 Y57.03
G1 X38.12 Y57.10
G1 X38.13 Y57.16
G1 X38.13 Y57.23
G1 X38.14 Y57.29
G1 X38.15 Y57.35
G1 X38.15 Y57.42
G1 X38.16 Y57.48
G1 X38.17 Y57.55
G1 X38.17 Y57.61
G1 X38.18 Y57.67
G1 X38.19 Y57.74
G1 X38.20 Y57.80
G1 X38.21 Y57.86
G1 X38.22 Y57.93
G1 X38.23 Y57.99
G1 X38.24 Y58.05
G1 X38.25 Y58.11
G1 X38.26 Y58.18
G1 X38.27 Y58.24
G1 X38.28 Y58.30
G1 X38.29 Y58.36
G1 X38.31 Y58.43
G1 X38.32 Y58.49
G1 X38.33 Y58.55
G1 X38.35 Y58.61
G1 X38.36 Y58.67
G1 X38.37 Y58.73
G1 X38.39 Y58.80
G1 X38.40 Y58.86
G1 X38.42 Y58.92
G1 X38.44 Y58.98
G1 X38.45 Y59.04
G1 X38.47 Y59.10
G1 X38.49 Y59.16
G1 X38.50 Y59.22
G1 X38.52 Y59.28
G1 X38.54 Y59.34
G1 X38.56 Y59.40
G1 X38.58 Y59.46
G1 X38.59 Y59.52
G1 X38.61 Y59.58
G1 X38.63 Y59.64
G1 X38.65 Y59.70
G1 X38.67 Y59.76
G1 X38.70 Y59.81
G1 X38.72 Y59.87
G1 X38.74 Y59.93
G1 X38.76 Y59.99
G1 X38.78 Y60.05
G1 X38.80 Y60.10
G1 X38.83 Y60.16
G1 X38.85 Y60.22
G1 X38.87 Y60.28
G1 X38.90 Y60.33
G1 X38.92 Y60.39
G1 X38.95 Y60.45
G1 X38.97 Y60.50
G1 X39.00 Y60.56
G1 X39.02 Y60.62
G1 X39.05 Y60.67
G1 X39.08 Y60.73
G1 X39.10 Y60.78
G1 X39.13 Y60.84
G1 X39.16 Y60.89
G1 X39.18 Y60.95
G1 X39.21 Y61.00
G1 X39.24 Y61.06
G1 X39.27 Y61.11
G1 X39.30 Y61.17
G1 X39.33 Y61.22
G1 X39.36 Y61.28
G1 X39.39 Y61.33
G1 X39.42 Y61.38
G1 X39.45 Y61.44
G1 X39.48 Y61.49
G1 X39.51 Y61.54
G1 X39.54 Y61.59
G1 X39.57 Y61.65
G1 X39.60 Y61.70
G1 X39.64 Y61.75
G1 X39.67 Y61.80
G1 X39.70 Y61.86
G1 X39.73 Y61.91
G1 X39.77 Y61.96
G1 X39.80 Y62.01
G1 X39.84 Y62.06
G1 X39.87 Y62.11
G1 X39.90 Y62.16
G1 X39.94 Y62.21
G1 X39.97 Y62.26
G1 X40.01 Y62.31
G1 X40.05 Y62.36
G1 X40.08 Y62.41
G1 X40.12 Y62.46
G1 X40.16 Y62.51
G1 X40.19 Y62.56
G1 X40.23 Y62.60
G1 X40.27 Y62.65
G1 X40.30 Y62.70
G1 X40.34 Y62.75
G1 X40.38 Y62.79
G1 X40.42 Y62.84
G1 X40.46 Y62.89
G1 X40.50 Y62.94
G1 X40.54 Y62.98
G1 X40.58 Y63.03
G1 X40.62 Y63.07
G1 X40.66 Y63.12
G1 X40.70 Y63.17
G1 X40.74 Y63.21
G1 X40.78 Y63.26
G1 X40.82 Y63.30
G1 X40.86 Y63.34
G1 X40.91 Y63.39
G1 X40.95 Y63.43
G1 X40.99 Y63.48
G1 X41.03 Y63.52
G1 X41.08 Y63.56
G1 X41.12 Y63.61
G1 X41.16 Y63.65
G1 X41.21 Y63.69
G1 X41.25 Y63.73
G1 X41.29 Y63.78
G1 X41.34 Y63.82
G1 X41.38 Y63.86
G1 X41.43 Y63.90
G1 X41.47 Y63.94
G1 X41.52 Y63.98
G1 X41.57 Y64.02
G1 X41.61 Y64.06
G1 X41.66 Y64.10
G1 X41.70 Y64.14
G1 X41.75 Y64.18
G1 X41.80 Y64.22
G1 X41.84 Y64.26
G1 X41.89 Y64.30
G1 X41.94 Y64.33
G1 X41.99 Y64.37
G1 X42.04 Y64.41
G1 X42.08 Y64.45
G1 X42.13 Y64.48
G1 X42.18 Y64.52
G1 X42.23 Y64.56
G1 X42.28 Y64.59
G1 X42.33 Y64.63
G1 X42.38 Y64.66
G1 X42.43 Y64.70
G1 X42.48 Y64.73
G1 X42.53 Y64.77
G1 X42.58 Y64.80
G1 X42.63 Y64.84
G1 X42.68 Y64.87
G1 X42.73 Y64.91
G1 X42.78 Y64.94
G1 X42.84 Y64.97
G1 X42.89 Y65.00
G1 X42.94 Y65.04
G1 X42.99 Y65.07
G1 X43.04 Y65.10
G1 X43.10 Y65.13
G1 X43.15 Y65.16
G1 X43.20 Y65.19
G1 X43.26 Y65.22
G1 X43.31 Y65.25
G1 X43.36 Y65.28
G1 X43.42 Y65.31
G1 X43.47 Y65.34
G1 X43.53 Y65.37
G1 X43.58 Y65.40
G1 X43.63 Y65.43
G1 X43.69 Y65.46
G1 X43.74 Y65.48
G1 X43.80 Y65.51
G1 X43.86 Y65.54
G1 X43.91 Y65.56
G1 X43.97 Y65.59
G1 X44.02 Y65.62
G1 X44.08 Y65.64
G1 X44.14 Y65.67
G1 X44.19 Y65.69
G1 X44.25 Y65.72
G1 X44.31 Y65.74
G1 X44.36 Y65.76
G1 X44.42 Y65.79
G1 X44.48 Y65.81
G1 X44.53 Y65.83
G1 X44.59 Y65.86
G1 X44.65 Y65.88
G1 X44.71 Y65.90
G1 X44.77 Y65.92
G1 X44.83 Y65.94
G1 X44.88 Y65.96
G1 X44.94 Y65.99
G1 X45.00 Y66.01
G1 X45.06 Y66.03
G1 X45.12 Y66.04
G1 X45.18 Y66.06
G1 X45.24 Y66.08
G1 X45.30 Y66.10
G1 X45.36 Y66.12
G1 X45.42 Y66.14
G1 X45.48 Y66.15
G1 X45.54 Y66.17
G1 X45.60 Y66.19
G1 X45.66 Y66.20
G1 X45.72 Y66.22
G1 X45.78 Y66.23
G1 X45.84 Y66.25
G1 X45.90 Y66.26
G1 X45.97 Y66.28
G1 X46.03 Y66.29
G1 X46.09 Y66.31
G1 X46.15 Y66.32
G1 X46.21 Y66.33
G1 X46.27 Y66.35
G1 X46.34 Y66.36
G1 X46.40 Y66.37
G1 X46.46 Y66.38
G1 X46.52 Y66.39
G1 X46.59 Y66.40
G1 X46.65 Y66.41
G1 X46.71 Y66.42
G1 X46.78 Y66.43
G1 X46.84 Y66.44
G1 X46.90 Y66.45
G1 X46.97 Y66.46
G1 X47.03 Y66.47
G1 X47.09 Y66.47
G1 X47.16 Y66.48
G1 X47.22 Y66.49
G1 X47.29 Y66.49
G1 X47.35 Y66.50
G1 X47.41 Y66.50
G1 X47.48 Y66.51
G1 X47.54 Y66.51
G1 X47.61 Y66.52
G1 X47.67 Y66.52
G1 X47.74 Y66.53
G1 X47.80 Y66.53
G1 X47.87 Y66.53
G1 X47.93 Y66.53
G1 X48.00 Y66.54
G1 X48.06 Y66.54
G1 X48.13 Y66.54
G1 X48.19 Y66.54
G1 X48.26 Y66.54
G1 X48.33 Y66.54
G1 X48.39 Y66.54
G1 X48.46 Y66.54
G1 X48.52 Y66.54
G1 X48.59 Y66.53
G1 X48.65 Y66.53
G1 X48.72 Y66.53
G1 X48.78 Y66.53
G1 X48.85 Y66.52
G1 X48.91 Y66.52
G1 X48.98 Y66.51
G1 X49.04 Y66.51
G1 X49.11 Y66.50
G1 X49.17 Y66.50
G1 X49.23 Y66.49
G1 X49.30 Y66.49
G1 X49.36 Y66.48
G1 X49.43 Y66.47
G1 X49.49 Y66.47
G1 X49.55 Y66.46
G1 X49.62 Y66.45
G1 X49.68 Y66.44
G1 X49.74 Y66.43
G1 X49.81 Y66.42
G1 X49.87 Y66.41
G1 X49.93 Y66.40
G1 X50.00 Y66.39
G1 X50.06 Y66.38
G1 X50.12 Y66.37
G1 X50.18 Y66.36
G1 X50.25 Y66.35
G1 X50.31 Y66.33
G1 X50.37 Y66.32
G1 X50.43 Y66.31
G1 X50.49 Y66.29
G1 X50.55 Y66.28
G1 X50.62 Y66.26
G1 X50.68 Y66.25
G1 X50.74 Y66.23
G1 X50.80 Y66.22
G1 X50.86 Y66.20
G1 X50.92 Y66.19
G1 X50.98 Y66.17
G1 X51.04 Y66.15
G1 X51.10 Y66.14
G1 X51.16 Y66.12
G1 X51.22 Y66.10
G1 X51.28 Y66.08
G1 X51.34 Y66.06
G1 X51.40 Y66.04
G1 X51.46 Y66.03
G1 X51.52 Y66.01
G1 X51.58 Y65.99
G1 X51.64 Y65.96
G1 X51.69 Y65.94
G1 X51.75 Y65.92
G1 X51.81 Y65.90
G1 X51.87 Y65.88
G1 X51.93 Y65.86
G1 X51.99 Y65.83
G1 X52.04 Y65.81
G1 X52.10 Y65.79
G1 X52.16 Y65.76
G1 X52.21 Y65.74
G1 X52.27 Y65.72
G1 X52.33 Y65.69
G1 X52.38 Y65.67
G1 X52.44 Y65.64
G1 X52.50 Y65.62
G1 X52.55 Y65.59
G1 X52.61 Y65.56
G1 X52.66 Y65.54
G1 X52.72 Y65.51
G1 X52.78 Y65.48
G1 X52.83 Y65.46
G1 X52.89 Y65.43
G1 X52.94 Y65.40
G1 X52.99 Y65.37
G1 X53.05 Y65.34
G1 X53.10 Y65.31
G1 X53.16 Y65.28
G1 X53.21 Y65.25
G1 X53.26 Y65.22
G1 X53.32 Y65.19
G1 X53.37 Y65.16
G1 X53.42 Y65.13
G1 X53.48 Y65.10
G1 X53.53 Y65.07
G1 X53.58 Y65.04
G1 X53.63 Y65.00
G1 X53.68 Y64.97
G1 X53.74 Y64.94
G1 X53.79 Y64.91
G1 X53.84 Y64.87
G1 X53.89 Y64.84
G1 X53.94 Y64.80
G1 X53.99 Y64.77
G1 X54.04 Y64.73
G1 X54.09 Y64.70
G1 X54.14 Y64.66
G1 X54.19 Y64.63
G1 X54.24 Y64.59
G1 X54.29 Y64.56
G1 X54.34 Y64.52
G1 X54.39 Y64.48
G1 X54.44 Y64.45
G1 X54.48 Y64.41
G1 X54.53 Y64.37
G1 X54.58 Y64.33
G1 X54.63 Y64.30
G1 X54.68 Y64.26
G1 X54.72 Y64.22
G1 X54.77 Y64.18
G1 X54.82 Y64.14
G1 X54.86 Y64.10
G1 X54.91 Y64.06
G1 X54.95 Y64.02
G1 X55.00 Y63.98
G1 X55.05 Y63.94
G1 X55.09 Y63.90
G1 X55.14 Y63.86
G1 X55.18 Y63.82
G1 X55.23 Y63.78
G1 X55.27 Y63.73
G1 X55.31 Y63.69
G1 X55.36 Y63.65
G1 X55.40 Y63.61
G1 X55.44 Y63.56
G1 X55.49 Y63.52
G1 X55.53 Y63.48
G1 X55.57 Y63.43
G1 X55.61 Y63.39
G1 X55.66 Y63.34
G1 X55.70 Y63.30
G1 X55.74 Y63.26
G1 X55.78 Y63.21
G1 X55.82 Y63.17
G1 X55.86 Y63.12
G1 X55.90 Y63.07
G1 X55.94 Y63.03
G1 X55.98 Y62.98
G1 X56.02 Y62.94
G1 X56.06 Y62.89
G1 X56.10 Y62.84
G1 X56.14 Y62.79
G1 X56.18 Y62.75
G1 X56.22 Y62.70
G1 X56.25 Y62.65
G1 X56.29 Y62.60
G1 X56.33 Y62.56
G1 X56.36 Y62.51
G1 X56.40 Y62.46
G1 X56.44 Y62.41
G1 X56.47 Y62.36
G1 X56.51 Y62.31
G1 X56.55 Y62.26
G1 X56.58 Y62.21
G1 X56.62 Y62.16
G1 X56.65 Y62.11
G1 X56.68 Y62.06
G1 X56.72 Y62.01
G1 X56.75 Y61.96
G1 X56.79 Y61.91
G1 X56.82 Y61.86
G1 X56.85 Y61.80
G1 X56.88 Y61.75
G1 X56.92 Y61.70
G1 X56.95 Y61.65
G1 X56.98 Y61.59
G1 X57.01 Y61.54
G1 X57.04 Y61.49
G1 X57.07 Y61.44
G1 X57.10 Y61.38
G1 X57.13 Y61.33
G1 X57.16 Y61.28
G1 X57.19 Y61.22
G1 X57.22 Y61.17
G1 X57.25 Y61.11
G1 X57.28 Y61.06
G1 X57.31 Y61.00
G1 X57.34 Y60.95
G1 X57.36 Y60.89
G1 X57.39 Y60.84
G1 X57.42 Y60.78
G1 X57.44 Y60.73
G1 X57.47 Y60.67
G1 X57.50 Y60.62
G1 X57.52 Y60.56
G1 X57.55 Y60.50
G1 X57.57 Y60.45
G1 X57.60 Y60.39
G1 X57.62 Y60.33
G1 X57.65 Y60.28
G1 X57.67 Y60.22
G1 X57.69 Y60.16
G1 X57.72 Y60.10
G1 X57.74 Y60.05
G1 X57.76 Y59.99
G1 X57.78 Y59.93
G1 X57.80 Y59.87
G1 X57.82 Y59.81
G1 X57.85 Y59.76
G1 X57.87 Y59.70
G1 X57.89 Y59.64
G1 X57.91 Y59.58
G1 X57.93 Y59.52
G1 X57.94 Y59.46
G1 X57.96 Y59.40
G1 X57.98 Y59.34
G1 X58.00 Y59.28
G1 X58.02 Y59.22
G1 X58.03 Y59.16
G1 X58.05 Y59.10
G1 X58.07 Y59.04
G1 X58.08 Y58.98
G1 X58.10 Y58.92
G1 X58.12 Y58.86
G1 X58.13 Y58.80
G1 X58.15 Y58.73
G1 X58.16 Y58.67
G1 X58.17 Y58.61
G1 X58.19 Y58.55
G1 X58.20 Y58.49
G1 X58.21 Y58.43
G1 X58.23 Y58.36
G1 X58.24 Y58.30
G1 X58.25 Y58.24
G1 X58.26 Y58.18
G1 X58.27 Y58.11
G1 X58.28 Y58.05
G1 X58.29 Y57.99
G1 X58.30 Y57.93
G1 X58.31 Y57.86
G1 X58.32 Y57.80
G1 X58.33 Y57.74
G1 X58.34 Y57.67
G1 X58.35 Y57.61
G1 X58.35 Y57.55
G1 X58.36 Y57.48
G1 X58.37 Y57.42
G1 X58.37 Y57.35
G1 X58.38 Y57.29
G1 X58.39 Y57.23
G1 X58.39 Y57.16
G1 X58.40 Y57.10
G1 X58.40 Y57.03
G1 X58.40 Y56.97
G1 X58.41 Y56.90
G1 X58.41 Y56.84
G1 X58.41 Y56.77
G1 X58.41 Y56.71
G1 X58.42 Y56.64
G1 X58.42 Y56.58
G1 X58.42 Y56.51
G1 X58.42 Y56.44
G1 X58.42 Y56.38
G1 X58.42 Y56.31
G1 X58.42 Y56.25
G1 X58.42 Y56.18
G1 X58.42 Y56.12
G1 X58.41 Y56.05
G1 X58.41 Y55.99
G1 X58.41 Y55.92
G1 X58.41 Y55.86
G1 X58.40 Y55.79
G1 X58.40 Y55.73
G1 X58.40 Y55.66
G1 X58.39 Y55.60
G1 X58.39 Y55.53
G1 X58.38 Y55.47
G1 X58.37 Y55.40
G1 X58.37 Y55.34
G1 X58.36 Y55.28
G1 X58.35 Y55.21
G1 X58.35 Y55.15
G1 X58.34 Y55.09
G1 X58.33 Y55.02
G1 X58.32 Y54.96
G1 X58.31 Y54.89
G1 X58.30 Y54.83
G1 X58.29 Y54.77
G1 X58.28 Y54.71
G1 X58.27 Y54.64
G1 X58.26 Y54.58
G1 X58.25 Y54.52
G1 X58.24 Y54.46
G1 X58.23 Y54.39
G1 X58.21 Y54.33
G1 X58.20 Y54.27
G1 X58.19 Y54.21
G1 X58.17 Y54.15
G1 X58.16 Y54.08
G1 X58.15 Y54.02
G1 X58.13 Y53.96
G1 X58.12 Y53.90
G1 X58.10 Y53.84
G1 X58.08 Y53.78
G1 X58.07 Y53.72
G1 X58.05 Y53.66
G1 X58.03 Y53.60
G1 X58.02 Y53.54
G1 X58.00 Y53.48
G1 X57.98 Y53.42
G1 X57.96 Y53.36
G1 X57.94 Y53.30
G1 X57.93 Y53.24
G1 X57.91 Y53.18
G1 X57.89 Y53.12
G1 X57.87 Y53.06
G1 X57.85 Y53.00
G1 X57.82 Y52.94
G1 X57.80 Y52.89
G1 X57.78 Y52.83
G1 X57.76 Y52.77
G1 X57.74 Y52.71
G1 X57.72 Y52.65
G1 X57.69 Y52.60
G1 X57.67 Y52.54
G1 X57.65 Y52.48
G1 X57.62 Y52.42
G1 X57.60 Y52.37
G1 X57.57 Y52.31
G1 X57.55 Y52.25
G1 X57.52 Y52.20
G1 X57.50 Y52.14
G1 X57.47 Y52.09
G1 X57.44 Y52.03
G1 X57.42 Y51.97
G1 X57.39 Y51.92
G1 X57.36 Y51.86
G1 X57.34 Y51.81
G1 X57.31 Y51.75
G1 X57.28 Y51.70
G1 X57.25 Y51.64
G1 X57.22 Y51.59
G1 X57.19 Y51.54
G1 X57.16 Y51.48
G1 X57.13 Y51.43
G1 X57.10 Y51.38
G1 X57.07 Y51.32
G1 X57.04 Y51.27
G1 X57.01 Y51.22
G1 X56.98 Y51.16
G1 X56.95 Y51.11
G1 X56.92 Y51.06
G1 X56.88 Y51.01
G1 X56.85 Y50.95
G1 X56.82 Y50.90
G1 X56.79 Y50.85
G1 X56.75 Y50.80
G1 X56.72 Y50.75
G1 X56.68 Y50.70
G1 X56.65 Y50.65
G1 X56.62 Y50.60
G1 X56.58 Y50.55
G1 X56.55 Y50.50
G1 X56.51 Y50.45
G1 X56.47 Y50.40
G1 X56.44 Y50.35
G1 X56.40 Y50.30
G1 X56.36 Y50.25
G1 X56.33 Y50.20
G1 X56.29 Y50.15
G1 X56.25 Y50.11
G1 X56.22 Y50.06
G1 X56.18 Y50.01
G1 X56.14 Y49.96
G1 X56.10 Y49.92
G1 X56.06 Y49.87
G1 X56.02 Y49.82
G1 X55.98 Y49.78
G1 X55.94 Y49.73
G1 X55.90 Y49.68
G1 X55.86 Y49.64
G1 X55.82 Y49.59
G1 X55.78 Y49.55
G1 X55.74 Y49.50
G1 X55.70 Y49.46
G1 X55.66 Y49.41
G1 X55.61 Y49.37
G1 X55.57 Y49.33
G1 X55.53 Y49.28
G1 X55.49 Y49.24
G1 X55.44 Y49.19
G1 X55.40 Y49.15
G1 X55.36 Y49.11
G1 X55.31 Y49.07
G1 X55.27 Y49.02
G1 X55.23 Y48.98
G1 X55.18 Y48.94
G1 X55.14 Y48.90
G1 X55.09 Y48.86
G1 X55.05 Y48.82
G1 X55.00 Y48.78
G1 X54.95 Y48.74
G1 X54.91 Y48.70
G1 X54.86 Y48.66
G1 X54.82 Y48.62
G1 X54.77 Y48.58
G1 X54.72 Y48.54
G1 X54.68 Y48.50
G1 X54.63 Y48.46
G1 X54.58 Y48.42
G1 X54.53 Y48.39
G1 X54.48 Y48.35
G1 X54.44 Y48.31
G1 X54.39 Y48.27
G1 X54.34 Y48.24
G1 X54.29 Y48.20
G1 X54.24 Y48.16
G1 X54.19 Y48.13
G1 X54.14 Y48.09
G1 X54.09 Y48.06
G1 X54.04 Y48.02
G1 X53.99 Y47.99
G1 X53.94 Y47.95
G1 X53.89 Y47.92
G1 X53.84 Y47.89
G1 X53.79 Y47.85
G1 X53.74 Y47.82
G1 X53.68 Y47.79
G1 X53.63 Y47.75
G1 X53.58 Y47.72
G1 X53.53 Y47.69
G1 X53.48 Y47.66
G1 X53.42 Y47.63
G1 X53.37 Y47.60
G1 X53.32 Y47.57
G1 X53.26 Y47.53
G1 X53.21 Y47.50
G1 X53.16 Y47.47
G1 X53.10 Y47.45
G1 X53.05 Y47.42
G1 X52.99 Y47.39
G1 X52.94 Y47.36
G1 X52.89 Y47.33
G1 X52.83 Y47.30
G1 X52.78 Y47.28
G1 X52.72 Y47.25
G1 X52.66 Y47.22
G1 X52.61 Y47.19
G1 X52.55 Y47.17
G1 X52.50 Y47.14
G1 X52.44 Y47.12
G1 X52.38 Y47.09
G1 X52.33 Y47.07
G1 X52.27 Y47.04

; Pass 0 Path 13
G0 X64.29 Y52.99
G1 X64.25 Y53.08 S1000.00 F100
G1 X64.21 Y53.16
G1 X64.17 Y53.24
G1 X64.14 Y53.33
G1 X64.10 Y53.41
G1 X64.06 Y53.50
G1 X64.03 Y53.58
G1 X63.99 Y53.67
G1 X63.96 Y53.76
G1 X63.93 Y53.85
G1 X63.90 Y53.94
G1 X63.87 Y54.02
G1 X63.84 Y54.11
G1 X63.82 Y54.20
G1 X63.79 Y54.29
G1 X63.76 Y54.38
G1 X63.74 Y54.47
G1 X63.72 Y54.57
G1 X63.70 Y54.66
G1 X63.67 Y54.75
G1 X63.65 Y54.84
G1 X63.64 Y54.94
G1 X63.62 Y55.03
G1 X63.60 Y55.12
G1 X63.59 Y55.22
G1 X63.57 Y55.31
G1 X63.56 Y55.41
G1 X63.55 Y55.50
G1 X63.54 Y55.60
G1 X63.53 Y55.70
G1 X63.52 Y55.79
G1 X63.52 Y55.89
G1 X63.51 Y55.99
G1 X63.51 Y56.08
G1 X63.50 Y56.18
G1 X63.50 Y56.28
G1 X63.50 Y56.38
G1 X63.50 Y56.48
G1 X63.50 Y56.58
G1 X63.51 Y56.67
G1 X63.51 Y56.77
G1 X63.52 Y56.87
G1 X63.52 Y56.97
G1 X63.53 Y57.06
G1 X63.54 Y57.16
G1 X63.55 Y57.25
G1 X63.56 Y57.35
G1 X63.57 Y57.44
G1 X63.59 Y57.54
G1 X63.60 Y57.63
G1 X63.62 Y57.73
G1 X63.64 Y57.82
G1 X63.65 Y57.91
G1 X63.67 Y58.01
G1 X63.70 Y58.10
G1 X63.72 Y58.19
G1 X63.74 Y58.28
G1 X63.76 Y58.37
G1 X63.79 Y58.47
G1 X63.82 Y58.56
G1 X63.84 Y58.65
G1 X63.87 Y58.73
G1 X63.90 Y58.82
G1 X63.93 Y58.91
G1 X63.96 Y59.00
G1 X63.99 Y59.09
G1 X64.03 Y59.17
G1 X64.06 Y59.26
G1 X64.10 Y59.35
G1 X64.14 Y59.43
G1 X64.17 Y59.51
G1 X64.21 Y59.60
G1 X64.25 Y59.68
G1 X64.29 Y59.77
G1 X64.33 Y59.85
G1 X64.38 Y59.93
G1 X64.42 Y60.01
G1 X64.46 Y60.09
G1 X64.51 Y60.17
G1 X64.56 Y60.25
G1 X64.60 Y60.33
G1 X64.65 Y60.41
G1 X64.70 Y60.49
G1 X64.75 Y60.56
G1 X64.80 Y60.64
G1 X64.85 Y60.72
G1 X64.91 Y60.79
G1 X64.96 Y60.86
G1 X65.01 Y60.94
G1 X65.07 Y61.01
G1 X65.13 Y61.08
G1 X65.18 Y61.16
G1 X65.24 Y61.23
G1 X65.30 Y61.30
G1 X65.36 Y61.37
G1 X65.42 Y61.43
G1 X65.48 Y61.50
G1 X65.54 Y61.57
G1 X65.60 Y61.64
G1 X65.67 Y61.70
G1 X65.73 Y61.77
G1 X65.80 Y61.83
G1 X65.86 Y61.89
G1 X65.93 Y61.96
G1 X66.00 Y62.02
G1 X66.06 Y62.08
G1 X66.13 Y62.14
G1 X66.20 Y62.20
G1 X66.27 Y62.26
G1 X66.34 Y62.32
G1 X66.42 Y62.37
G1 X66.49 Y62.43
G1 X66.56 Y62.49
G1 X66.63 Y62.54
G1 X66.71 Y62.59
G1 X66.78 Y62.65
G1 X66.86 Y62.70
G1 X66.94 Y62.75
G1 X67.01 Y62.80
G1 X67.09 Y62.85
G1 X67.17 Y62.90
G1 X67.25 Y62.94
G1 X67.33 Y62.99
G1 X67.41 Y63.03
G1 X67.49 Y63.08
G1 X67.57 Y63.12
G1 X67.65 Y63.17
G1 X67.73 Y63.21
G1 X67.82 Y63.25
G1 X67.90 Y63.29
G1 X67.98 Y63.33
G1 X68.07 Y63.36
G1 X68.15 Y63.40
G1 X68.24 Y63.44
G1 X68.33 Y63.47
G1 X68.41 Y63.50
G1 X68.50 Y63.54
G1 X68.59 Y63.57
G1 X68.68 Y63.60
G1 X68.76 Y63.63
G1 X68.85 Y63.66
G1 X68.94 Y63.68
G1 X69.03 Y63.71
G1 X69.12 Y63.74
G1 X69.22 Y63.76
G1 X69.31 Y63.78
G1 X69.40 Y63.80
G1 X69.49 Y63.82
G1 X69.58 Y63.84
G1 X69.68 Y63.86
G1 X69.77 Y63.88
G1 X69.87 Y63.90
G1 X69.96 Y63.91
G1 X70.05 Y63.93
G1 X70.15 Y63.94
G1 X70.25 Y63.95
G1 X70.34 Y63.96
G1 X70.44 Y63.97
G1 X70.53 Y63.98
G1 X70.63 Y63.98
G1 X70.73 Y63.99
G1 X70.83 Y63.99
G1 X70.92 Y64.00
G1 X71.02 Y64.00
G1 X71.12 Y64.00
G1 X71.22 Y64.00
G1 X71.32 Y64.00
G1 X71.41 Y63.99
G1 X71.51 Y63.99
G1 X71.61 Y63.98
G1 X71.71 Y63.98
G1 X71.80 Y63.97
G1 X71.90 Y63.96
G1 X71.99 Y63.95
G1 X72.09 Y63.94
G1 X72.19 Y63.93
G1 X72.28 Y63.91
G1 X72.37 Y63.90
G1 X72.47 Y63.88
G1 X72.56 Y63.86
G1 X72.66 Y63.84
G1 X72.75 Y63.82
G1 X72.84 Y63.80
G1 X72.93 Y63.78
G1 X73.02 Y63.76
G1 X73.12 Y63.74
G1 X73.21 Y63.71
G1 X73.30 Y63.68
G1 X73.39 Y63.66
G1 X73.48 Y63.63
G1 X73.56 Y63.60
G1 X73.65 Y63.57
G1 X73.74 Y63.54
G1 X73.83 Y63.50
G1 X73.91 Y63.47
G1 X74.00 Y63.44
G1 X74.09 Y63.40
G1 X74.17 Y63.36
G1 X74.26 Y63.33
G1 X74.34 Y63.29
G1 X74.42 Y63.25
G1 X74.51 Y63.21
G1 X74.59 Y63.17
G1 X74.67 Y63.12
G1 X74.75 Y63.08
G1 X74.83 Y63.03
G1 X74.91 Y62.99
G1 X74.99 Y62.94
G1 X75.07 Y62.90
G1 X75.15 Y62.85
G1 X75.23 Y62.80
G1 X75.30 Y62.75
G1 X75.38 Y62.70
G1 X75.46 Y62.65
G1 X75.53 Y62.59
G1 X75.61 Y62.54
G1 X75.68 Y62.49
G1 X75.75 Y62.43
G1 X75.82 Y62.37
G1 X75.90 Y62.32
G1 X75.97 Y62.26
G1 X76.04 Y62.20
G1 X76.11 Y62.14
G1 X76.18 Y62.08
G1 X76.24 Y62.02
G1 X76.31 Y61.96
G1 X76.38 Y61.89
G1 X76.44 Y61.83
G1 X76.51 Y61.77
G1 X76.57 Y61.70
G1 X76.64 Y61.64
G1 X76.70 Y61.57
G1 X76.76 Y61.50
G1 X76.82 Y61.43
G1 X76.88 Y61.37
G1 X76.94 Y61.30
G1 X77.00 Y61.23
G1 X77.06 Y61.16
G1 X77.11 Y61.08
G1 X77.17 Y61.01
G1 X77.23 Y60.94
G1 X77.28 Y60.86
G1 X77.33 Y60.79
G1 X77.39 Y60.72
G1 X77.44 Y60.64
G1 X77.49 Y60.56
G1 X77.54 Y60.49
G1 X77.59 Y60.41
G1 X77.64 Y60.33
G1 X77.68 Y60.25
G1 X77.73 Y60.17
G1 X77.78 Y60.09
G1 X77.82 Y60.01
G1 X77.86 Y59.93
G1 X77.91 Y59.85
G1 X77.95 Y59.77
G1 X77.99 Y59.68
G1 X78.03 Y59.60
G1 X78.07 Y59.51
G1 X78.10 Y59.43
G1 X78.14 Y59.35
G1 X78.18 Y59.26
G1 X78.21 Y59.17
G1 X78.25 Y59.09
G1 X78.28 Y59.00
G1 X78.31 Y58.91
G1 X78.34 Y58.82
G1 X78.37 Y58.73
G1 X78.40 Y58.65
G1 X78.42 Y58.56
G1 X78.45 Y58.47
G1 X78.48 Y58.37
G1 X78.50 Y58.28
G1 X78.52 Y58.19
G1 X78.54 Y58.10
G1 X78.57 Y58.01
G1 X78.59 Y57.91
G1 X78.60 Y57.82
G1 X78.62 Y57.73
G1 X78.64 Y57.63
G1 X78.65 Y57.54
G1 X78.67 Y57.44
G1 X78.68 Y57.35
G1 X78.69 Y57.25
G1 X78.70 Y57.16
G1 X78.71 Y57.06
G1 X78.72 Y56.97
G1 X78.72 Y56.87
G1 X78.73 Y56.77
G1 X78.73 Y56.67
G1 X78.74 Y56.58
G1 X78.74 Y56.48
G1 X78.74 Y56.38
G1 X78.74 Y56.28
G1 X78.74 Y56.18
G1 X78.73 Y56.08
G1 X78.73 Y55.99
G1 X78.72 Y55.89
G1 X78.72 Y55.79
G1 X78.71 Y55.70
G1 X78.70 Y55.60
G1 X78.69 Y55.50
G1 X78.68 Y55.41
G1 X78.67 Y55.31
G1 X78.65 Y55.22
G1 X78.64 Y55.12
G1 X78.62 Y55.03
G1 X78.60 Y54.94
G1 X78.59 Y54.84
G1 X78.57 Y54.75
G1 X78.54 Y54.66
G1 X78.52 Y54.57
G1 X78.50 Y54.47
G1 X78.48 Y54.38
G1 X78.45 Y54.29
G1 X78.42 Y54.20
G1 X78.40 Y54.11
G1 X78.37 Y54.02
G1 X78.34 Y53.94
G1 X78.31 Y53.85
G1 X78.28 Y53.76
G1 X78.25 Y53.67
G1 X78.21 Y53.58
G1 X78.18 Y53.50
G1 X78.14 Y53.41
G1 X78.10 Y53.33
G1 X78.07 Y53.24
G1 X78.03 Y53.16
G1 X77.99 Y53.08
G1 X77.95 Y52.99
G1 X77.91 Y52.91
G1 X77.86 Y52.83
G1 X77.82 Y52.75
G1 X77.78 Y52.67
G1 X77.73 Y52.59
G1 X77.68 Y52.51
G1 X77.64 Y52.43
G1 X77.59 Y52.35
G1 X77.54 Y52.27
G1 X77.49 Y52.19
G1 X77.44 Y52.12
G1 X77.39 Y52.04
G1 X77.33 Y51.97
G1 X77.28 Y51.89
G1 X77.23 Y51.82
G1 X77.17 Y51.75
G1 X77.11 Y51.67
G1 X77.06 Y51.60
G1 X77.00 Y51.53
G1 X76.94 Y51.46
G1 X76.88 Y51.39
G1 X76.82 Y51.32
G1 X76.76 Y51.26
G1 X76.70 Y51.19
G1 X76.64 Y51.12
G1 X76.57 Y51.06
G1 X76.51 Y50.99
G1 X76.44 Y50.93
G1 X76.38 Y50.86
G1 X76.31 Y50.80
G1 X76.24 Y50.74
G1 X76.18 Y50.68
G1 X76.11 Y50.62
G1 X76.04 Y50.56
G1 X75.97 Y50.50
G1 X75.90 Y50.44
G1 X75.82 Y50.38
G1 X75.75 Y50.33
G1 X75.68 Y50.27
G1 X75.61 Y50.22
G1 X75.53 Y50.16
G1 X75.46 Y50.11
G1 X75.38 Y50.06
G1 X75.30 Y50.01
G1 X75.23 Y49.96
G1 X75.15 Y49.91
G1 X75.07 Y49.86
G1 X74.99 Y49.81
G1 X74.91 Y49.77
G1 X74.83 Y49.72
G1 X74.75 Y49.68
G1 X74.67 Y49.64
G1 X74.59 Y49.59
G1 X74.51 Y49.55
G1 X74.42 Y49.51
G1 X74.34 Y49.47
G1 X74.26 Y49.43
G1 X74.17 Y49.39
G1 X74.09 Y49.36
G1 X74.00 Y49.32
G1 X73.91 Y49.29
G1 X73.83 Y49.25
G1 X73.74 Y49.22
G1 X73.65 Y49.19
G1 X73.56 Y49.16
G1 X73.48 Y49.13
G1 X73.39 Y49.10
G1 X73.30 Y49.07
G1 X73.21 Y49.05
G1 X73.12 Y49.02
G1 X73.02 Y49.00
G1 X72.93 Y48.98
G1 X72.84 Y48.95
G1 X72.75 Y48.93
G1 X72.66 Y48.91
G1 X72.56 Y48.90
G1 X72.47 Y48.88
G1 X72.37 Y48.86
G1 X72.28 Y48.85
G1 X72.19 Y48.83
G1 X72.09 Y48.82
G1 X71.99 Y48.81
G1 X71.90 Y48.80
G1 X71.80 Y48.79
G1 X71.71 Y48.78
G1 X71.61 Y48.77
G1 X71.51 Y48.77
G1 X71.41 Y48.76
G1 X71.32 Y48.76
G1 X71.22 Y48.76
G1 X71.12 Y48.76
G1 X71.02 Y48.76
G1 X70.92 Y48.76
G1 X70.83 Y48.76
G1 X70.73 Y48.77
G1 X70.63 Y48.77
G1 X70.53 Y48.78
G1 X70.44 Y48.79
G1 X70.34 Y48.80
G1 X70.25 Y48.81
G1 X70.15 Y48.82
G1 X70.05 Y48.83
G1 X69.96 Y48.85
G1 X69.87 Y48.86
G1 X69.77 Y48.88
G1 X69.68 Y48.90
G1 X69.58 Y48.91
G1 X69.49 Y48.93
G1 X69.40 Y48.95
G1 X69.31 Y48.98
G1 X69.22 Y49.00
G1 X69.12 Y49.02
G1 X69.03 Y49.05
G1 X68.94 Y49.07
G1 X68.85 Y49.10
G1 X68.76 Y49.13
G1 X68.68 Y49.16
G1 X68.59 Y49.19
G1 X68.50 Y49.22
G1 X68.41 Y49.25
G1 X68.33 Y49.29
G1 X68.24 Y49.32
G1 X68.15 Y49.36
G1 X68.07 Y49.39
G1 X67.98 Y49.43
G1 X67.90 Y49.47
G1 X67.82 Y49.51
G1 X67.73 Y49.55
G1 X67.65 Y49.59
G1 X67.57 Y49.64
G1 X67.49 Y49.68
G1 X67.41 Y49.72
G1 X67.33 Y49.77
G1 X67.25 Y49.81
G1 X67.17 Y49.86
G1 X67.09 Y49.91
G1 X67.01 Y49.96
G1 X66.94 Y50.01
G1 X66.86 Y50.06
G1 X66.78 Y50.11
G1 X66.71 Y50.16
G1 X66.63 Y50.22
G1 X66.56 Y50.27
G1 X66.49 Y50.33
G1 X66.42 Y50.38
G1 X66.34 Y50.44
G1 X66.27 Y50.50
G1 X66.20 Y50.56
G1 X66.13 Y50.62
G1 X66.06 Y50.68
G1 X66.00 Y50.74
G1 X65.93 Y50.80
G1 X65.86 Y50.86
G1 X65.80 Y50.93
G1 X65.73 Y50.99
G1 X65.67 Y51.06
G1 X65.60 Y51.12
G1 X65.54 Y51.19
G1 X65.48 Y51.26
G1 X65.42 Y51.32
G1 X65.36 Y51.39
G1 X65.30 Y51.46
G1 X65.24 Y51.53
G1 X65.18 Y51.60
G1 X65.13 Y51.67
G1 X65.07 Y51.75
G1 X65.01 Y51.82
G1 X64.96 Y51.89
G1 X64.91 Y51.97
G1 X64.85 Y52.04
G1 X64.80 Y52.12
G1 X64.75 Y52.19
G1 X64.70 Y52.27
G1 X64.65 Y52.35
G1 X64.60 Y52.43
G1 X64.56 Y52.51
G1 X64.51 Y52.59
G1 X64.46 Y52.67
G1 X64.42 Y52.75
G1 X64.38 Y52.83
G1 X64.33 Y52.91
G1 X64.29 Y52.99

; Pass 0 Path 14
G0 X73.66 Y41.14
G1 X78.74 Y41.14 S1000.00 F100
G1 X81.28 Y38.60
G1 X78.74 Y36.06
G1 X73.66 Y36.06
G1 X71.12 Y38.60
G1 X73.66 Y41.14

; Pass 0 Path 15
G0 X68.58 Y36.06
G1 X68.58 Y36.06 S1000.00 F100
G1 X68.58 Y36.06
G1 X68.58 Y36.06

; Pass 0 Path 16
G0 X69.87 Y28.34
G1 X69.96 Y28.35 S1000.00 F100
G1 X70.05 Y28.36
G1 X70.15 Y28.38
G1 X70.25 Y28.39
G1 X70.34 Y28.40
G1 X70.44 Y28.41
G1 X70.53 Y28.42
G1 X70.63 Y28.42
G1 X70.73 Y28.43
G1 X70.83 Y28.43
G1 X70.92 Y28.44
G1 X71.02 Y28.44
G1 X71.12 Y28.44
G1 X71.22 Y28.44
G1 X71.32 Y28.44
G1 X71.41 Y28.43
G1 X71.51 Y28.43
G1 X71.61 Y28.42
G1 X71.71 Y28.42
G1 X71.80 Y28.41
G1 X71.90 Y28.40
G1 X71.99 Y28.39
G1 X72.09 Y28.38
G1 X72.19 Y28.36
G1 X72.28 Y28.35
G1 X72.37 Y28.34
G1 X72.47 Y28.32
G1 X72.56 Y28.30
G1 X72.66 Y28.28
G1 X72.75 Y28.26
G1 X72.84 Y28.24
G1 X72.93 Y28.22
G1 X73.02 Y28.20
G1 X73.12 Y28.17
G1 X73.21 Y28.15
G1 X73.30 Y28.12
G1 X73.39 Y28.10
G1 X73.48 Y28.07
G1 X73.56 Y28.04
G1 X73.65 Y28.01
G1 X73.74 Y27.98
G1 X73.83 Y27.94
G1 X73.91 Y27.91
G1 X74.00 Y27.88
G1 X74.09 Y27.84
G1 X74.17 Y27.80
G1 X74.26 Y27.77
G1 X74.34 Y27.73
G1 X74.42 Y27.69
G1 X74.51 Y27.65
G1 X74.59 Y27.61
G1 X74.67 Y27.56
G1 X74.75 Y27.52
G1 X74.83 Y27.47
G1 X74.91 Y27.43
G1 X74.99 Y27.38
G1 X75.07 Y27.34
G1 X75.15 Y27.29
G1 X75.23 Y27.24
G1 X75.30 Y27.19
G1 X75.38 Y27.14
G1 X75.46 Y27.09
G1 X75.53 Y27.03
G1 X75.61 Y26.98
G1 X75.68 Y26.92
G1 X75.75 Y26.87
G1 X75.82 Y26.81
G1 X75.90 Y26.76
G1 X75.97 Y26.70
G1 X76.04 Y26.64
G1 X76.11 Y26.58
G1 X76.18 Y26.52
G1 X76.24 Y26.46
G1 X76.31 Y26.40
G1 X76.38 Y26.33
G1 X76.44 Y26.27
G1 X76.51 Y26.21
G1 X76.57 Y26.14
G1 X76.64 Y26.08
G1 X76.70 Y26.01
G1 X76.76 Y25.94
G1 X76.82 Y25.87
G1 X76.88 Y25.81
G1 X76.94 Y25.74
G1 X77.00 Y25.67
G1 X77.06 Y25.59
G1 X77.11 Y25.52
G1 X77.17 Y25.45
G1 X77.23 Y25.38
G1 X77.28 Y25.30
G1 X77.33 Y25.23
G1 X77.39 Y25.15
G1 X77.44 Y25.08
G1 X77.49 Y25.00
G1 X77.54 Y24.93
G1 X77.59 Y24.85
G1 X77.64 Y24.77
G1 X77.68 Y24.69
G1 X77.73 Y24.61
G1 X77.78 Y24.53
G1 X77.82 Y24.45
G1 X77.86 Y24.37
G1 X77.91 Y24.29
G1 X77.95 Y24.21
G1 X77.99 Y24.12
G1 X78.03 Y24.04
G1 X78.07 Y23.95
G1 X78.10 Y23.87
G1 X78.14 Y23.78
G1 X78.18 Y23.70
G1 X78.21 Y23.61
G1 X78.25 Y23.53
G1 X78.28 Y23.44
G1 X78.31 Y23.35
G1 X78.34 Y23.26
G1 X78.37 Y23.17
G1 X78.40 Y23.08
G1 X78.42 Y22.99
G1 X78.45 Y22.90
G1 X78.48 Y22.81
G1 X78.50 Y22.72
G1 X78.52 Y22.63
G1 X78.54 Y22.54
G1 X78.57 Y22.45
G1 X78.59 Y22.35
G1 X78.60 Y22.26
G1 X78.62 Y22.17
G1 X78.64 Y22.07
G1 X78.65 Y21.98
G1 X78.67 Y21.88
G1 X78.68 Y21.79
G1 X78.69 Y21.69
G1 X78.70 Y21.60
G1 X78.71 Y21.50
G1 X78.72 Y21.41
G1 X78.72 Y21.31
G1 X78.73 Y21.21
G1 X78.73 Y21.11
G1 X78.74 Y21.02
G1 X78.74 Y20.92
G1 X78.74 Y20.82
G1 X78.74 Y20.72
G1 X78.74 Y20.62
G1 X78.73 Y20.52
G1 X78.73 Y20.43
G1 X78.72 Y20.33
G1 X78.72 Y20.23
G1 X78.71 Y20.14
G1 X78.70 Y20.04
G1 X78.69 Y19.94
G1 X78.68 Y19.85
G1 X78.67 Y19.75
G1 X78.65 Y19.66
G1 X78.64 Y19.56
G1 X78.62 Y19.47
G1 X78.60 Y19.38
G1 X78.59 Y19.28
G1 X78.57 Y19.19
G1 X78.54 Y19.10
G1 X78.52 Y19.01
G1 X78.50 Y18.91
G1 X78.48 Y18.82
G1 X78.45 Y18.73
G1 X78.42 Y18.64
G1 X78.40 Y18.55
G1 X78.37 Y18.46
G1 X78.34 Y18.37
G1 X78.31 Y18.29
G1 X78.28 Y18.20
G1 X78.25 Y18.11
G1 X78.21 Y18.02
G1 X78.18 Y17.94
G1 X78.14 Y17.85
G1 X78.10 Y17.77
G1 X78.07 Y17.68
G1 X78.03 Y17.60
G1 X77.99 Y17.52
G1 X77.95 Y17.43
G1 X77.91 Y17.35
G1 X77.86 Y17.27
G1 X77.82 Y17.19
G1 X77.78 Y17.11
G1 X77.73 Y17.03
G1 X77.68 Y16.95
G1 X77.64 Y16.87
G1 X77.59 Y16.79
G1 X77.54 Y16.71
G1 X77.49 Y16.63
G1 X77.44 Y16.56
G1 X77.39 Y16.48
G1 X77.33 Y16.41
G1 X77.28 Y16.33
G1 X77.23 Y16.26
G1 X77.17 Y16.19
G1 X77.11 Y16.11
G1 X77.06 Y16.04
G1 X77.00 Y15.97
G1 X76.94 Y15.90
G1 X76.88 Y15.83
G1 X76.82 Y15.76
G1 X76.76 Y15.70
G1 X76.70 Y15.63
G1 X76.64 Y15.56
G1 X76.57 Y15.50
G1 X76.51 Y15.43
G1 X76.44 Y15.37
G1 X76.38 Y15.30
G1 X76.31 Y15.24
G1 X76.24 Y15.18
G1 X76.18 Y15.12
G1 X76.11 Y15.06
G1 X76.04 Y15.00
G1 X75.97 Y14.94
G1 X75.90 Y14.88
G1 X75.82 Y14.82
G1 X75.75 Y14.77
G1 X75.68 Y14.71
G1 X75.61 Y14.66
G1 X75.53 Y14.60
G1 X75.46 Y14.55
G1 X75.38 Y14.50
G1 X75.30 Y14.45
G1 X75.23 Y14.40
G1 X75.15 Y14.35
G1 X75.07 Y14.30
G1 X74.99 Y14.25
G1 X74.91 Y14.21
G1 X74.83 Y14.16
G1 X74.75 Y14.12
G1 X74.67 Y14.07
G1 X74.59 Y14.03
G1 X74.51 Y13.99
G1 X74.42 Y13.95
G1 X74.34 Y13.91
G1 X74.26 Y13.87
G1 X74.17 Y13.83
G1 X74.09 Y13.80
G1 X74.00 Y13.76
G1 X73.91 Y13.73
G1 X73.83 Y13.69
G1 X73.74 Y13.66
G1 X73.65 Y13.63
G1 X73.56 Y13.60
G1 X73.48 Y13.57
G1 X73.39 Y13.54
G1 X73.30 Y13.51
G1 X73.21 Y13.49
G1 X73.12 Y13.46
G1 X73.02 Y13.44
G1 X72.93 Y13.42
G1 X72.84 Y13.39
G1 X72.75 Y13.37
G1 X72.66 Y13.35
G1 X72.56 Y13.34
G1 X72.47 Y13.32
G1 X72.37 Y13.30
G1 X72.28 Y13.29
G1 X72.19 Y13.27
G1 X72.09 Y13.26
G1 X71.99 Y13.25
G1 X71.90 Y13.24
G1 X71.80 Y13.23
G1 X71.71 Y13.22
G1 X71.61 Y13.21
G1 X71.51 Y13.21
G1 X71.41 Y13.20
G1 X71.32 Y13.20
G1 X71.22 Y13.20
G1 X71.12 Y13.20
G1 X71.02 Y13.20
G1 X70.92 Y13.20
G1 X70.83 Y13.20
G1 X70.73 Y13.21
G1 X70.63 Y13.21
G1 X70.53 Y13.22
G1 X70.44 Y13.23
G1 X70.34 Y13.24
G1 X70.25 Y13.25
G1 X70.15 Y13.26
G1 X70.05 Y13.27
G1 X69.96 Y13.29
G1 X69.87 Y13.30
G1 X69.77 Y13.32
G1 X69.68 Y13.34
G1 X69.58 Y13.35
G1 X69.49 Y13.37
G1 X69.40 Y13.39
G1 X69.31 Y13.42
G1 X69.22 Y13.44
G1 X69.12 Y13.46
G1 X69.03 Y13.49
G1 X68.94 Y13.51
G1 X68.85 Y13.54
G1 X68.76 Y13.57
G1 X68.68 Y13.60
G1 X68.59 Y13.63
G1 X68.50 Y13.66
G1 X68.41 Y13.69
G1 X68.33 Y13.73
G1 X68.24 Y13.76
G1 X68.15 Y13.80
G1 X68.07 Y13.83
G1 X67.98 Y13.87
G1 X67.90 Y13.91
G1 X67.82 Y13.95
G1 X67.73 Y13.99
G1 X67.65 Y14.03
G1 X67.57 Y14.07
G1 X67.49 Y14.12
G1 X67.41 Y14.16
G1 X67.33 Y14.21
G1 X67.25 Y14.25
G1 X67.17 Y14.30
G1 X67.09 Y14.35
G1 X67.01 Y14.40
G1 X66.94 Y14.45
G1 X66.86 Y14.50
G1 X66.78 Y14.55
G1 X66.71 Y14.60
G1 X66.63 Y14.66
G1 X66.56 Y14.71
G1 X66.49 Y14.77
G1 X66.42 Y14.82
G1 X66.34 Y14.88
G1 X66.27 Y14.94
G1 X66.20 Y15.00
G1 X66.13 Y15.06
G1 X66.06 Y15.12
G1 X66.00 Y15.18
G1 X65.93 Y15.24
G1 X65.86 Y15.30
G1 X65.80 Y15.37
G1 X65.73 Y15.43
G1 X65.67 Y15.50
G1 X65.60 Y15.56
G1 X65.54 Y15.63
G1 X65.48 Y15.70
G1 X65.42 Y15.76
G1 X65.36 Y15.83
G1 X65.30 Y15.90
G1 X65.24 Y15.97
G1 X65.18 Y16.04
G1 X65.13 Y16.11
G1 X65.07 Y16.19
G1 X65.01 Y16.26
G1 X64.96 Y16.33
G1 X64.91 Y16.41
G1 X64.85 Y16.48
G1 X64.80 Y16.56
G1 X64.75 Y16.63
G1 X64.70 Y16.71
G1 X64.65 Y16.79
G1 X64.60 Y16.87
G1 X64.56 Y16.95
G1 X64.51 Y17.03
G1 X64.46 Y17.11
G1 X64.42 Y17.19
G1 X64.38 Y17.27
G1 X64.33 Y17.35
G1 X64.29 Y17.43
G1 X64.25 Y17.52
G1 X64.21 Y17.60
G1 X64.17 Y17.68
G1 X64.14 Y17.77
G1 X64.10 Y17.85
G1 X64.06 Y17.94
G1 X64.03 Y18.02
G1 X63.99 Y18.11
G1 X63.96 Y18.20
G1 X63.93 Y18.29
G1 X63.90 Y18.37
G1 X63.87 Y18.46
G1 X63.84 Y18.55
G1 X63.82 Y18.64
G1 X63.79 Y18.73
G1 X63.76 Y18.82
G1 X63.74 Y18.91
G1 X63.72 Y19.01
G1 X63.70 Y19.10
G1 X63.67 Y19.19
G1 X63.65 Y19.28
G1 X63.64 Y19.38
G1 X63.62 Y19.47
G1 X63.60 Y19.56
G1 X63.59 Y19.66
G1 X63.57 Y19.75
G1 X63.56 Y19.85
G1 X63.55 Y19.94
G1 X63.54 Y20.04
G1 X63.53 Y20.14
G1 X63.52 Y20.23
G1 X63.52 Y20.33
G1 X63.51 Y20.43
G1 X63.51 Y20.52
G1 X63.50 Y20.62
G1 X63.50 Y20.72
G1 X63.50 Y20.82
G1 X63.50 Y20.92
G1 X63.50 Y21.02
G1 X63.51 Y21.11
G1 X63.51 Y21.21
G1 X63.52 Y21.31
G1 X63.52 Y21.41
G1 X63.53 Y21.50
G1 X63.54 Y21.60
G1 X63.55 Y21.69
G1 X63.56 Y21.79
G1 X63.57 Y21.88
G1 X63.59 Y21.98
G1 X63.60 Y22.07
G1 X63.62 Y22.17
G1 X63.64 Y22.26
G1 X63.65 Y22.35
G1 X63.67 Y22.45
G1 X63.70 Y22.54
G1 X63.72 Y22.63
G1 X63.74 Y22.72
G1 X63.76 Y22.81
G1 X63.79 Y22.90
G1 X63.82 Y22.99
G1 X63.84 Y23.08
G1 X63.87 Y23.17
G1 X63.90 Y23.26
G1 X63.93 Y23.35
G1 X63.96 Y23.44
G1 X63.99 Y23.53
G1 X64.03 Y23.61
G1 X64.06 Y23.70
G1 X64.10 Y23.78
G1 X64.14 Y23.87
G1 X64.17 Y23.95
G1 X64.21 Y24.04
G1 X64.25 Y24.12
G1 X64.29 Y24.21
G1 X64.33 Y24.29
G1 X64.38 Y24.37
G1 X64.42 Y24.45
G1 X64.46 Y24.53
G1 X64.51 Y24.61
G1 X64.56 Y24.69
G1 X64.60 Y24.77
G1 X64.65 Y24.85
G1 X64.70 Y24.93
G1 X64.75 Y25.00
G1 X64.80 Y25.08
G1 X64.85 Y25.15
G1 X64.91 Y25.23
G1 X64.96 Y25.30
G1 X65.01 Y25.38
G1 X65.07 Y25.45
G1 X65.13 Y25.52
G1 X65.18 Y25.59
G1 X65.24 Y25.67
G1 X65.30 Y25.74
G1 X65.36 Y25.81
G1 X65.42 Y25.87
G1 X65.48 Y25.94
G1 X65.54 Y26.01
G1 X65.60 Y26.08
G1 X65.67 Y26.14
G1 X65.73 Y26.21
G1 X65.80 Y26.27
G1 X65.86 Y26.33
G1 X65.93 Y26.40
G1 X66.00 Y26.46
G1 X66.06 Y26.52
G1 X66.13 Y26.58
G1 X66.20 Y26.64
G1 X66.27 Y26.70
G1 X66.34 Y26.76
G1 X66.42 Y26.81
G1 X66.49 Y26.87
G1 X66.56 Y26.92
G1 X66.63 Y26.98
G1 X66.71 Y27.03
G1 X66.78 Y27.09
G1 X66.86 Y27.14
G1 X66.94 Y27.19
G1 X67.01 Y27.24
G1 X67.09 Y27.29
G1 X67.17 Y27.34
G1 X67.25 Y27.38
G1 X67.33 Y27.43
G1 X67.41 Y27.47
G1 X67.49 Y27.52
G1 X67.57 Y27.56
G1 X67.65 Y27.61
G1 X67.73 Y27.65
G1 X67.82 Y27.69
G1 X67.90 Y27.73
G1 X67.98 Y27.77
G1 X68.07 Y27.80
G1 X68.15 Y27.84
G1 X68.24 Y27.88
G1 X68.33 Y27.91
G1 X68.41 Y27.94
G1 X68.50 Y27.98
G1 X68.59 Y28.01
G1 X68.68 Y28.04
G1 X68.76 Y28.07
G1 X68.85 Y28.10
G1 X68.94 Y28.12
G1 X69.03 Y28.15
G1 X69.12 Y28.17
G1 X69.22 Y28.20
G1 X69.31 Y28.22
G1 X69.40 Y28.24
G1 X69.49 Y28.26
G1 X69.58 Y28.28
G1 X69.68 Y28.30
G1 X69.77 Y28.32
G1 X69.87 Y28.34

; Pass 0 Path 17
G0 X83.82 Y36.06
G1 X83.82 Y36.06 S1000.00 F100
G1 X83.82 Y36.06
G1 X83.82 Y36.06
G1 X83.82 Y36.06

; Pass 0 Path 18
G0 X104.14 Y25.90
G1 X104.14 Y25.90 S1000.00 F100
G1 X104.14 Y25.90
G1 X109.22 Y25.90
G1 X111.76 Y23.36
G1 X106.68 Y18.28
G1 X104.14 Y20.82
G1 X104.14 Y25.90
G1 X104.14 Y25.90
G1 X104.14 Y25.90

; Pass 0 Path 19
G0 X110.20 Y30.82
G1 X115.05 Y30.82 S1000.00 F100
G1 X115.05 Y37.82
G1 X118.05 Y37.82
G1 X118.05 Y30.82
G1 X122.90 Y30.82
G1 X122.90 Y33.82
G1 X126.05 Y33.82
G1 X126.05 Y37.82
G1 X122.90 Y37.82
G1 X122.90 Y38.44
G1 X122.90 Y38.51
G1 X122.89 Y38.58
G1 X122.89 Y38.66
G1 X122.89 Y38.73
G1 X122.89 Y38.81
G1 X122.88 Y38.88
G1 X122.88 Y38.95
G1 X122.87 Y39.03
G1 X122.86 Y39.10
G1 X122.85 Y39.17
G1 X122.85 Y39.24
G1 X122.84 Y39.31
G1 X122.83 Y39.39
G1 X122.81 Y39.46
G1 X122.80 Y39.53
G1 X122.79 Y39.60
G1 X122.78 Y39.67
G1 X122.76 Y39.74
G1 X122.75 Y39.81
G1 X122.73 Y39.88
G1 X122.71 Y39.95
G1 X122.70 Y40.02
G1 X122.68 Y40.09
G1 X122.66 Y40.16
G1 X122.64 Y40.23
G1 X122.62 Y40.29
G1 X122.60 Y40.36
G1 X122.58 Y40.43
G1 X122.56 Y40.49
G1 X122.53 Y40.56
G1 X122.51 Y40.63
G1 X122.48 Y40.69
G1 X125.37 Y43.58
G1 X123.96 Y44.99
G1 X138.52 Y59.56
G1 X143.19 Y59.56
G1 X140.50 Y62.25
G1 X142.48 Y64.23
G1 X142.57 Y64.20
G1 X142.66 Y64.18
G1 X142.75 Y64.16
G1 X142.84 Y64.14
G1 X142.93 Y64.12
G1 X143.03 Y64.11
G1 X143.12 Y64.11
G1 X143.22 Y64.11
G1 X143.27 Y64.11
G1 X143.33 Y64.11
G1 X143.39 Y64.11
G1 X143.45 Y64.12
G1 X143.50 Y64.12
G1 X143.56 Y64.13
G1 X143.61 Y64.14
G1 X143.67 Y64.15
G1 X143.73 Y64.16
G1 X143.78 Y64.18
G1 X143.83 Y64.19
G1 X143.89 Y64.21
G1 X143.94 Y64.23
G1 X143.99 Y64.25
G1 X144.04 Y64.27
G1 X144.09 Y64.29
G1 X144.15 Y64.31
G1 X144.20 Y64.33
G1 X144.24 Y64.36
G1 X144.29 Y64.38
G1 X144.34 Y64.41
G1 X144.39 Y64.44
G1 X144.43 Y64.47
G1 X144.48 Y64.50
G1 X144.52 Y64.53
G1 X144.57 Y64.56
G1 X144.61 Y64.59
G1 X144.66 Y64.63
G1 X144.70 Y64.66
G1 X144.74 Y64.70
G1 X144.78 Y64.74
G1 X144.82 Y64.78
G1 X144.85 Y64.81
G1 X144.89 Y64.85
G1 X144.93 Y64.90
G1 X144.96 Y64.94
G1 X145.00 Y64.98
G1 X145.03 Y65.02
G1 X145.06 Y65.07
G1 X145.10 Y65.11
G1 X145.13 Y65.16
G1 X145.15 Y65.20
G1 X145.18 Y65.25
G1 X145.21 Y65.30
G1 X145.24 Y65.35
G1 X145.26 Y65.40
G1 X145.28 Y65.45
G1 X145.31 Y65.50
G1 X145.33 Y65.55
G1 X145.35 Y65.60
G1 X145.37 Y65.65
G1 X145.38 Y65.71
G1 X145.40 Y65.76
G1 X145.41 Y65.81
G1 X145.43 Y65.87
G1 X145.44 Y65.92
G1 X145.45 Y65.98
G1 X145.46 Y66.03
G1 X145.47 Y66.09
G1 X145.47 Y66.15
G1 X145.48 Y66.20
G1 X145.48 Y66.26
G1 X145.49 Y66.32
G1 X145.49 Y66.38
G1 X145.49 Y66.43
G1 X145.48 Y66.49
G1 X145.48 Y66.55
G1 X145.47 Y66.61
G1 X145.47 Y66.66
G1 X145.46 Y66.72
G1 X145.45 Y66.77
G1 X145.44 Y66.83
G1 X145.43 Y66.88
G1 X145.41 Y66.94
G1 X145.40 Y66.99
G1 X145.38 Y67.05
G1 X145.37 Y67.10
G1 X145.35 Y67.15
G1 X145.33 Y67.20
G1 X145.31 Y67.25
G1 X145.28 Y67.30
G1 X145.26 Y67.35
G1 X145.24 Y67.40
G1 X145.21 Y67.45
G1 X145.18 Y67.50
G1 X145.15 Y67.55
G1 X145.13 Y67.59
G1 X145.10 Y67.64
G1 X145.06 Y67.68
G1 X145.03 Y67.73
G1 X145.00 Y67.77
G1 X144.96 Y67.81
G1 X144.93 Y67.86
G1 X144.89 Y67.90
G1 X144.85 Y67.94
G1 X144.82 Y67.98
G1 X144.78 Y68.01
G1 X144.74 Y68.05
G1 X144.70 Y68.09
G1 X144.66 Y68.12
G1 X144.61 Y68.16
G1 X144.57 Y68.19
G1 X144.52 Y68.22
G1 X144.48 Y68.25
G1 X144.43 Y68.28
G1 X144.39 Y68.31
G1 X144.34 Y68.34
G1 X144.29 Y68.37
G1 X144.24 Y68.39
G1 X144.20 Y68.42
G1 X144.15 Y68.44
G1 X144.09 Y68.47
G1 X144.04 Y68.49
G1 X143.99 Y68.51
G1 X143.94 Y68.53
G1 X143.89 Y68.54
G1 X143.83 Y68.56
G1 X143.78 Y68.57
G1 X143.73 Y68.59
G1 X143.67 Y68.60
G1 X143.61 Y68.61
G1 X143.56 Y68.62
G1 X143.50 Y68.63
G1 X143.45 Y68.63
G1 X143.39 Y68.64
G1 X143.33 Y68.64
G1 X143.27 Y68.64
G1 X143.22 Y68.65
G1 X143.22 Y68.65
G1 X143.16 Y68.64
G1 X143.10 Y68.64
G1 X143.04 Y68.64
G1 X142.99 Y68.63
G1 X142.93 Y68.63
G1 X142.87 Y68.62
G1 X142.82 Y68.61
G1 X142.76 Y68.60
G1 X142.71 Y68.59
G1 X142.65 Y68.57
G1 X142.60 Y68.56
G1 X142.55 Y68.54
G1 X142.49 Y68.53
G1 X142.44 Y68.51
G1 X142.39 Y68.49
G1 X142.34 Y68.47
G1 X142.29 Y68.44
G1 X142.24 Y68.42
G1 X142.19 Y68.39
G1 X142.14 Y68.37
G1 X142.09 Y68.34
G1 X142.04 Y68.31
G1 X142.00 Y68.29
G1 X141.95 Y68.25
G1 X141.91 Y68.22
G1 X141.86 Y68.19
G1 X141.82 Y68.16
G1 X141.78 Y68.12
G1 X141.74 Y68.09
G1 X141.69 Y68.05
G1 X141.65 Y68.01
G1 X141.62 Y67.98
G1 X141.58 Y67.94
G1 X141.54 Y67.90
G1 X141.50 Y67.86
G1 X141.47 Y67.81
G1 X141.43 Y67.77
G1 X141.40 Y67.73
G1 X141.37 Y67.68
G1 X141.34 Y67.64
G1 X141.31 Y67.59
G1 X141.28 Y67.55
G1 X141.25 Y67.50
G1 X141.22 Y67.45
G1 X141.20 Y67.40
G1 X141.17 Y67.35
G1 X141.15 Y67.30
G1 X141.13 Y67.25
G1 X141.11 Y67.20
G1 X141.09 Y67.15
G1 X141.07 Y67.10
G1 X141.05 Y67.05
G1 X141.03 Y66.99
G1 X141.02 Y66.94
G1 X141.01 Y66.88
G1 X140.99 Y66.83
G1 X140.98 Y66.77
G1 X140.97 Y66.72
G1 X140.97 Y66.66
G1 X140.96 Y66.61
G1 X140.95 Y66.55
G1 X140.95 Y66.49
G1 X140.95 Y66.43
G1 X140.95 Y66.38
G1 X140.95 Y66.28
G1 X140.96 Y66.19
G1 X140.96 Y66.09
G1 X140.98 Y66.00
G1 X141.00 Y65.91
G1 X141.02 Y65.82
G1 X141.04 Y65.73
G1 X141.07 Y65.64
G1 X139.09 Y63.66
G1 X136.40 Y66.35
G1 X136.40 Y61.68
G1 X121.84 Y47.12
G1 X120.42 Y48.53
G1 X116.68 Y44.78
G1 X116.68 Y44.78
G1 X116.61 Y44.79
G1 X116.55 Y44.79
G1 X116.46 Y44.79
G1 X116.38 Y44.78
G1 X116.30 Y44.78
G1 X116.22 Y44.78
G1 X116.14 Y44.77
G1 X116.06 Y44.77
G1 X115.98 Y44.76
G1 X115.90 Y44.75
G1 X115.82 Y44.74
G1 X115.74 Y44.73
G1 X115.66 Y44.72
G1 X115.58 Y44.71
G1 X115.50 Y44.70
G1 X115.42 Y44.69
G1 X115.34 Y44.67
G1 X115.27 Y44.66
G1 X115.19 Y44.64
G1 X115.11 Y44.62
G1 X115.04 Y44.61
G1 X114.96 Y44.59
G1 X114.88 Y44.57
G1 X114.81 Y44.54
G1 X114.73 Y44.52
G1 X114.66 Y44.50
G1 X114.58 Y44.48
G1 X114.51 Y44.45
G1 X114.44 Y44.43
G1 X114.36 Y44.40
G1 X114.29 Y44.37
G1 X114.22 Y44.35
G1 X114.15 Y44.32
G1 X114.07 Y44.29
G1 X114.00 Y44.26
G1 X113.93 Y44.22
G1 X113.86 Y44.19
G1 X113.79 Y44.16
G1 X113.72 Y44.13
G1 X113.66 Y44.09
G1 X113.59 Y44.06
G1 X113.52 Y44.02
G1 X113.45 Y43.98
G1 X113.39 Y43.94
G1 X113.32 Y43.91
G1 X113.25 Y43.87
G1 X113.19 Y43.83
G1 X113.12 Y43.79
G1 X113.06 Y43.74
G1 X113.00 Y43.70
G1 X112.93 Y43.66
G1 X112.87 Y43.61
G1 X112.81 Y43.57
G1 X112.75 Y43.52
G1 X112.69 Y43.48
G1 X112.63 Y43.43
G1 X112.57 Y43.38
G1 X112.51 Y43.34
G1 X112.45 Y43.29
G1 X112.39 Y43.24
G1 X112.33 Y43.19
G1 X112.28 Y43.14
G1 X112.22 Y43.08
G1 X112.17 Y43.03
G1 X112.11 Y42.98
G1 X112.06 Y42.93
G1 X112.00 Y42.87
G1 X111.95 Y42.82
G1 X111.90 Y42.76
G1 X111.85 Y42.71
G1 X111.80 Y42.65
G1 X111.74 Y42.59
G1 X111.70 Y42.53
G1 X111.65 Y42.48
G1 X111.60 Y42.42
G1 X111.55 Y42.36
G1 X111.50 Y42.30
G1 X111.46 Y42.24
G1 X111.41 Y42.17
G1 X111.37 Y42.11
G1 X111.32 Y42.05
G1 X111.28 Y41.99
G1 X111.24 Y41.92
G1 X111.20 Y41.86
G1 X111.16 Y41.79
G1 X111.12 Y41.73
G1 X111.08 Y41.66
G1 X111.04 Y41.60
G1 X111.00 Y41.53
G1 X110.96 Y41.46
G1 X110.93 Y41.39
G1 X110.89 Y41.33
G1 X110.86 Y41.26
G1 X110.82 Y41.19
G1 X110.79 Y41.12
G1 X110.76 Y41.05
G1 X110.73 Y40.98
G1 X110.70 Y40.91
G1 X110.67 Y40.84
G1 X110.64 Y40.76
G1 X110.61 Y40.69
G1 X110.58 Y40.62
G1 X110.56 Y40.55
G1 X110.53 Y40.47
G1 X110.51 Y40.40
G1 X110.48 Y40.32
G1 X110.46 Y40.25
G1 X110.44 Y40.17
G1 X110.42 Y40.10
G1 X110.40 Y40.02
G1 X110.38 Y39.95
G1 X110.36 Y39.87
G1 X110.34 Y39.79
G1 X110.33 Y39.72
G1 X110.31 Y39.64
G1 X110.30 Y39.56
G1 X110.28 Y39.48
G1 X110.27 Y39.40
G1 X110.26 Y39.32
G1 X110.25 Y39.24
G1 X110.24 Y39.17
G1 X110.23 Y39.09
G1 X110.22 Y39.00
G1 X110.21 Y38.92
G1 X110.21 Y38.84
G1 X110.20 Y38.76
G1 X110.20 Y38.68
G1 X110.20 Y38.60
G1 X110.20 Y38.52
G1 X110.20 Y38.44
G1 X110.20 Y37.82
G1 X107.05 Y37.82
G1 X107.05 Y33.82
G1 X110.20 Y33.82
G1 X110.20 Y30.82

; Pass 0 Path 20
G0 X116.84 Y23.36
G1 X119.38 Y25.90 S1000.00 F100
G1 X124.46 Y25.90
G1 X127.00 Y23.36
G1 X121.92 Y18.28
G1 X116.84 Y23.36
G1 X116.84 Y23.36

; Pass 0 Path 21
G0 X114.30 Y20.82
G1 X119.38 Y15.74 S1000.00 F100
G1 X114.30 Y10.66
G1 X109.22 Y15.74
G1 X114.30 Y20.82

; Pass 0 Path 22
G0 X106.68 Y13.20
G1 X111.76 Y8.12 S1000.00 F100
G1 X106.68 Y3.04
G1 X106.68 Y3.04
G1 X106.68 Y3.04
G1 X101.60 Y8.12
G1 X106.68 Y13.20

; Pass 0 Path 23
G0 X96.52 Y8.12
G1 X91.44 Y3.04 S1000.00 F100
G1 X88.90 Y5.58
G1 X91.44 Y5.58
G1 X91.51 Y5.58
G1 X91.57 Y5.58
G1 X91.64 Y5.59
G1 X91.70 Y5.59
G1 X91.76 Y5.60
G1 X91.83 Y5.61
G1 X91.89 Y5.62
G1 X91.95 Y5.63
G1 X92.02 Y5.64
G1 X92.08 Y5.66
G1 X92.14 Y5.67
G1 X92.20 Y5.69
G1 X92.26 Y5.71
G1 X92.32 Y5.73
G1 X92.37 Y5.75
G1 X92.43 Y5.78
G1 X92.49 Y5.80
G1 X92.54 Y5.83
G1 X92.60 Y5.85
G1 X92.65 Y5.88
G1 X92.71 Y5.91
G1 X92.76 Y5.94
G1 X92.81 Y5.98
G1 X92.86 Y6.01
G1 X92.91 Y6.05
G1 X92.96 Y6.08
G1 X93.01 Y6.12
G1 X93.06 Y6.16
G1 X93.10 Y6.20
G1 X93.15 Y6.24
G1 X93.19 Y6.28
G1 X93.24 Y6.32
G1 X93.28 Y6.36
G1 X93.32 Y6.41
G1 X93.36 Y6.45
G1 X93.40 Y6.50
G1 X93.44 Y6.55
G1 X93.48 Y6.60
G1 X93.51 Y6.65
G1 X93.55 Y6.70
G1 X93.58 Y6.75
G1 X93.61 Y6.80
G1 X93.64 Y6.85
G1 X93.67 Y6.91
G1 X93.70 Y6.96
G1 X93.73 Y7.01
G1 X93.76 Y7.07
G1 X93.78 Y7.13
G1 X93.80 Y7.18
G1 X93.83 Y7.24
G1 X93.85 Y7.30
G1 X93.87 Y7.36
G1 X93.88 Y7.42
G1 X93.90 Y7.48
G1 X93.92 Y7.54
G1 X93.93 Y7.60
G1 X93.94 Y7.67
G1 X93.95 Y7.73
G1 X93.96 Y7.79
G1 X93.97 Y7.86
G1 X93.97 Y7.92
G1 X93.98 Y7.99
G1 X93.98 Y8.05
G1 X93.98 Y8.12
G1 X93.98 Y10.66
G1 X93.98 Y10.66
G1 X96.52 Y8.12

; Pass 0 Path 24
G0 X78.74 Y5.58
G1 X76.20 Y3.04 S1000.00 F100
G1 X76.20 Y3.04
G1 X76.20 Y3.04
G1 X73.66 Y5.58
G1 X78.74 Y5.58

; Pass 0 Path 25
G0 X63.50 Y5.58
G1 X60.96 Y3.04 S1000.00 F100
G1 X60.96 Y3.04
G1 X60.96 Y3.04
G1 X58.42 Y5.58
G1 X63.50 Y5.58

; Pass 0 Path 26
G0 X48.26 Y5.58
G1 X45.72 Y3.04 S1000.00 F100
G1 X43.18 Y5.58
G1 X48.26 Y5.58
G1 X48.26 Y5.58

; Pass 0 Path 27
G0 X33.76 Y6.32
G1 X30.48 Y3.04 S1000.00 F100
G1 X27.94 Y5.58
G1 X27.94 Y10.66
G1 X30.48 Y13.20
G1 X33.02 Y10.66
G1 X33.02 Y8.12
G1 X33.02 Y8.05
G1 X33.02 Y7.99
G1 X33.03 Y7.92
G1 X33.03 Y7.86
G1 X33.04 Y7.79
G1 X33.05 Y7.73
G1 X33.06 Y7.67
G1 X33.07 Y7.60
G1 X33.08 Y7.54
G1 X33.10 Y7.48
G1 X33.12 Y7.42
G1 X33.13 Y7.36
G1 X33.15 Y7.30
G1 X33.17 Y7.24
G1 X33.20 Y7.18
G1 X33.22 Y7.13
G1 X33.24 Y7.07
G1 X33.27 Y7.01
G1 X33.30 Y6.96
G1 X33.33 Y6.91
G1 X33.36 Y6.85
G1 X33.39 Y6.80
G1 X33.42 Y6.75
G1 X33.45 Y6.70
G1 X33.49 Y6.65
G1 X33.52 Y6.60
G1 X33.56 Y6.55
G1 X33.60 Y6.50
G1 X33.64 Y6.45
G1 X33.68 Y6.41
G1 X33.72 Y6.36
G1 X33.76 Y6.32

; Pass 0 Path 28
G0 X30.48 Y48.76
G1 X25.40 Y53.84 S1000.00 F100
G1 X30.48 Y58.92
G1 X33.02 Y56.38
G1 X33.02 Y51.30
G1 X30.48 Y48.76

; Pass 0 Path 29
G0 X22.86 Y56.38
G1 X20.32 Y58.92 S1000.00 F100
G1 X25.24 Y58.92
G1 X25.32 Y58.92
G1 X25.41 Y58.92
G1 X25.41 Y58.92
G1 X22.86 Y56.38

; Pass 0 Path 30
G0 X20.32 Y53.84
G1 X19.05 Y52.57 S1000.00 F100
G1 X11.43 Y52.57
G1 X10.16 Y53.84
G1 X15.24 Y58.92
G1 X20.32 Y53.84

; Pass 0 Path 31
G0 X27.94 Y61.45
G1 X27.94 Y61.46 S1000.00 F100
G1 X27.94 Y61.46
G1 X27.94 Y61.46
G1 X27.94 Y61.45

; Pass 0 Path 32
G0 X30.48 Y64.00
G1 X27.94 Y66.54 S1000.00 F100
G1 X27.94 Y71.62
G1 X30.48 Y74.16
G1 X33.76 Y70.88
G1 X33.72 Y70.83
G1 X33.68 Y70.79
G1 X33.64 Y70.74
G1 X33.60 Y70.70
G1 X33.56 Y70.65
G1 X33.52 Y70.60
G1 X33.49 Y70.55
G1 X33.45 Y70.50
G1 X33.42 Y70.45
G1 X33.39 Y70.40
G1 X33.36 Y70.34
G1 X33.33 Y70.29
G1 X33.30 Y70.24
G1 X33.27 Y70.18
G1 X33.24 Y70.13
G1 X33.22 Y70.07
G1 X33.20 Y70.01
G1 X33.17 Y69.95
G1 X33.15 Y69.89
G1 X33.13 Y69.84
G1 X33.12 Y69.78
G1 X33.10 Y69.71
G1 X33.08 Y69.65
G1 X33.07 Y69.59
G1 X33.06 Y69.53
G1 X33.05 Y69.47
G1 X33.04 Y69.40
G1 X33.03 Y69.34
G1 X33.03 Y69.27
G1 X33.02 Y69.21
G1 X33.02 Y69.14
G1 X33.02 Y69.08
G1 X33.02 Y66.54
G1 X30.48 Y64.00

; Pass 0 Path 33
G0 X38.10 Y71.62
G1 X33.02 Y76.70 S1000.00 F100
G1 X33.76 Y77.44
G1 X33.81 Y77.40
G1 X33.85 Y77.36
G1 X33.90 Y77.32
G1 X33.94 Y77.28
G1 X33.99 Y77.24
G1 X34.04 Y77.20
G1 X34.09 Y77.17
G1 X34.14 Y77.13
G1 X34.19 Y77.10
G1 X34.24 Y77.07
G1 X34.29 Y77.03
G1 X34.35 Y77.00
G1 X34.40 Y76.98
G1 X34.46 Y76.95
G1 X34.51 Y76.92
G1 X34.57 Y76.90
G1 X34.63 Y76.87
G1 X34.68 Y76.85
G1 X34.74 Y76.83
G1 X34.80 Y76.81
G1 X34.86 Y76.79
G1 X34.92 Y76.78
G1 X34.99 Y76.76
G1 X35.05 Y76.75
G1 X35.11 Y76.74
G1 X35.17 Y76.73
G1 X35.24 Y76.72
G1 X35.30 Y76.71
G1 X35.36 Y76.71
G1 X35.43 Y76.70
G1 X35.49 Y76.70
G1 X35.56 Y76.70
G1 X43.18 Y76.70
G1 X38.10 Y71.62

; Pass 0 Path 34
G0 X43.18 Y71.62
G1 X45.72 Y74.16 S1000.00 F100
G1 X48.26 Y71.62
G1 X43.18 Y71.62
G1 X43.18 Y71.62

; Pass 0 Path 35
G0 X48.26 Y76.70
G1 X58.42 Y76.70 S1000.00 F100
G1 X53.34 Y71.62
G1 X48.26 Y76.70
G1 X48.26 Y76.70

; Pass 0 Path 36
G0 X48.26 Y81.78
G1 X48.19 Y81.78 S1000.00 F100
G1 X48.13 Y81.78
G1 X48.06 Y81.78
G1 X48.00 Y81.78
G1 X47.93 Y81.78
G1 X47.87 Y81.79
G1 X47.80 Y81.79
G1 X47.74 Y81.79
G1 X47.67 Y81.80
G1 X47.61 Y81.80
G1 X47.54 Y81.80
G1 X47.48 Y81.81
G1 X47.41 Y81.81
G1 X47.35 Y81.82
G1 X47.29 Y81.83
G1 X47.22 Y81.83
G1 X47.16 Y81.84
G1 X47.09 Y81.85
G1 X47.03 Y81.85
G1 X46.97 Y81.86
G1 X46.90 Y81.87
G1 X46.84 Y81.88
G1 X46.78 Y81.89
G1 X46.71 Y81.90
G1 X46.65 Y81.91
G1 X46.59 Y81.92
G1 X46.52 Y81.93
G1 X46.46 Y81.94
G1 X46.40 Y81.95
G1 X46.34 Y81.96
G1 X46.27 Y81.97
G1 X46.21 Y81.99
G1 X46.15 Y82.00
G1 X46.09 Y82.01
G1 X46.03 Y82.03
G1 X45.97 Y82.04
G1 X45.90 Y82.05
G1 X45.84 Y82.07
G1 X45.78 Y82.08
G1 X45.72 Y82.10
G1 X45.66 Y82.12
G1 X45.60 Y82.13
G1 X45.54 Y82.15
G1 X45.48 Y82.16
G1 X45.42 Y82.18
G1 X45.36 Y82.20
G1 X45.30 Y82.22
G1 X45.24 Y82.24
G1 X45.18 Y82.25
G1 X45.12 Y82.27
G1 X45.06 Y82.29
G1 X45.00 Y82.31
G1 X44.94 Y82.33
G1 X44.88 Y82.35
G1 X44.83 Y82.37
G1 X44.77 Y82.40
G1 X44.71 Y82.42
G1 X44.65 Y82.44
G1 X44.59 Y82.46
G1 X44.53 Y82.48
G1 X44.48 Y82.51
G1 X44.42 Y82.53
G1 X44.36 Y82.55
G1 X44.31 Y82.58
G1 X44.25 Y82.60
G1 X44.19 Y82.63
G1 X44.14 Y82.65
G1 X44.08 Y82.68
G1 X44.02 Y82.70
G1 X43.97 Y82.73
G1 X43.91 Y82.75
G1 X43.86 Y82.78
G1 X43.80 Y82.81
G1 X43.74 Y82.84
G1 X43.69 Y82.86
G1 X43.63 Y82.89
G1 X43.58 Y82.92
G1 X43.53 Y82.95
G1 X43.47 Y82.98
G1 X43.42 Y83.01
G1 X43.36 Y83.04
G1 X43.31 Y83.06
G1 X43.26 Y83.10
G1 X43.20 Y83.13
G1 X43.15 Y83.16
G1 X43.10 Y83.19
G1 X43.04 Y83.22
G1 X42.99 Y83.25
G1 X42.94 Y83.28
G1 X42.89 Y83.31
G1 X42.84 Y83.35
G1 X42.78 Y83.38
G1 X42.73 Y83.41
G1 X42.68 Y83.45
G1 X42.63 Y83.48
G1 X42.58 Y83.51
G1 X42.53 Y83.55
G1 X42.48 Y83.58
G1 X42.43 Y83.62
G1 X42.38 Y83.65
G1 X42.33 Y83.69
G1 X42.28 Y83.73
G1 X42.23 Y83.76
G1 X42.18 Y83.80
G1 X42.13 Y83.83
G1 X42.08 Y83.87
G1 X42.04 Y83.91
G1 X41.99 Y83.95
G1 X41.94 Y83.98
G1 X41.89 Y84.02
G1 X41.84 Y84.06
G1 X41.80 Y84.10
G1 X41.75 Y84.14
G1 X41.70 Y84.18
G1 X41.66 Y84.22
G1 X41.61 Y84.26
G1 X41.57 Y84.30
G1 X41.52 Y84.34
G1 X41.47 Y84.38
G1 X41.43 Y84.42
G1 X41.38 Y84.46
G1 X41.34 Y84.50
G1 X41.29 Y84.54
G1 X41.25 Y84.58
G1 X41.21 Y84.63
G1 X41.16 Y84.67
G1 X41.12 Y84.71
G1 X41.08 Y84.76
G1 X41.03 Y84.80
G1 X40.99 Y84.84
G1 X40.95 Y84.89
G1 X40.91 Y84.93
G1 X40.86 Y84.97
G1 X40.82 Y85.02
G1 X40.78 Y85.06
G1 X40.74 Y85.11
G1 X40.70 Y85.15
G1 X40.66 Y85.20
G1 X40.62 Y85.24
G1 X40.58 Y85.29
G1 X40.54 Y85.34
G1 X40.50 Y85.38
G1 X40.46 Y85.43
G1 X40.42 Y85.48
G1 X40.38 Y85.52
G1 X40.34 Y85.57
G1 X40.30 Y85.62
G1 X40.27 Y85.67
G1 X40.23 Y85.71
G1 X40.19 Y85.76
G1 X40.16 Y85.81
G1 X40.12 Y85.86
G1 X40.08 Y85.91
G1 X40.05 Y85.96
G1 X40.01 Y86.01
G1 X39.97 Y86.06
G1 X39.94 Y86.11
G1 X39.90 Y86.16
G1 X39.87 Y86.21
G1 X39.84 Y86.26
G1 X39.80 Y86.31
G1 X39.77 Y86.36
G1 X39.73 Y86.41
G1 X39.70 Y86.46
G1 X39.67 Y86.51
G1 X39.64 Y86.57
G1 X39.60 Y86.62
G1 X39.57 Y86.67
G1 X39.54 Y86.72
G1 X39.51 Y86.78
G1 X39.48 Y86.83
G1 X39.45 Y86.88
G1 X39.42 Y86.94
G1 X39.39 Y86.99
G1 X39.36 Y87.04
G1 X39.33 Y87.10
G1 X39.30 Y87.15
G1 X39.27 Y87.20
G1 X39.24 Y87.26
G1 X39.21 Y87.31
G1 X39.18 Y87.37
G1 X39.16 Y87.42
G1 X39.13 Y87.48
G1 X39.10 Y87.53
G1 X39.08 Y87.59
G1 X39.05 Y87.65
G1 X39.02 Y87.70
G1 X39.00 Y87.76
G1 X38.97 Y87.81
G1 X38.95 Y87.87
G1 X38.92 Y87.93
G1 X38.90 Y87.98
G1 X38.87 Y88.04
G1 X38.85 Y88.10
G1 X38.83 Y88.16
G1 X38.80 Y88.21
G1 X38.78 Y88.27
G1 X38.76 Y88.33
G1 X38.74 Y88.39
G1 X38.72 Y88.45
G1 X38.70 Y88.50
G1 X38.67 Y88.56
G1 X38.65 Y88.62
G1 X38.63 Y88.68
G1 X38.61 Y88.74
G1 X38.59 Y88.80
G1 X38.58 Y88.86
G1 X38.56 Y88.92
G1 X38.54 Y88.98
G1 X38.52 Y89.04
G1 X38.50 Y89.10
G1 X38.49 Y89.16
G1 X38.47 Y89.22
G1 X38.45 Y89.28
G1 X38.44 Y89.34
G1 X38.42 Y89.40
G1 X38.40 Y89.46
G1 X38.39 Y89.52
G1 X38.37 Y89.58
G1 X38.36 Y89.64
G1 X38.35 Y89.71
G1 X38.33 Y89.77
G1 X38.32 Y89.83
G1 X38.31 Y89.89
G1 X38.29 Y89.95
G1 X38.28 Y90.02
G1 X38.27 Y90.08
G1 X38.26 Y90.14
G1 X38.25 Y90.20
G1 X38.24 Y90.27
G1 X38.23 Y90.33
G1 X38.22 Y90.39
G1 X38.21 Y90.46
G1 X38.20 Y90.52
G1 X38.19 Y90.58
G1 X38.18 Y90.65
G1 X38.17 Y90.71
G1 X38.17 Y90.77
G1 X38.16 Y90.84
G1 X38.15 Y90.90
G1 X38.15 Y90.96
G1 X38.14 Y91.03
G1 X38.13 Y91.09
G1 X38.13 Y91.16
G1 X38.12 Y91.22
G1 X38.12 Y91.29
G1 X38.12 Y91.35
G1 X38.11 Y91.42
G1 X38.11 Y91.48
G1 X38.11 Y91.55
G1 X38.11 Y91.61
G1 X38.10 Y91.68
G1 X38.10 Y91.74
G1 X38.10 Y91.81
G1 X38.10 Y91.87
G1 X38.10 Y91.94
G1 X38.10 Y92.01
G1 X38.10 Y92.07
G1 X38.10 Y92.14
G1 X38.10 Y92.20
G1 X38.11 Y92.27
G1 X38.11 Y92.33
G1 X38.11 Y92.40
G1 X38.11 Y92.46
G1 X38.12 Y92.53
G1 X38.12 Y92.59
G1 X38.12 Y92.66
G1 X38.13 Y92.72
G1 X38.13 Y92.79
G1 X38.14 Y92.85
G1 X38.15 Y92.91
G1 X38.15 Y92.98
G1 X38.16 Y93.04
G1 X38.17 Y93.11
G1 X38.17 Y93.17
G1 X38.18 Y93.23
G1 X38.19 Y93.30
G1 X38.20 Y93.36
G1 X38.21 Y93.42
G1 X38.22 Y93.49
G1 X38.23 Y93.55
G1 X38.24 Y93.61
G1 X38.25 Y93.68
G1 X38.26 Y93.74
G1 X38.27 Y93.80
G1 X38.28 Y93.86
G1 X38.29 Y93.92
G1 X38.31 Y93.99
G1 X38.32 Y94.05
G1 X38.33 Y94.11
G1 X38.35 Y94.17
G1 X38.36 Y94.23
G1 X38.37 Y94.30
G1 X38.39 Y94.36
G1 X38.40 Y94.42
G1 X38.42 Y94.48
G1 X38.44 Y94.54
G1 X38.45 Y94.60
G1 X38.47 Y94.66
G1 X38.49 Y94.72
G1 X38.50 Y94.78
G1 X38.52 Y94.84
G1 X38.54 Y94.90
G1 X38.56 Y94.96
G1 X38.58 Y95.02
G1 X38.59 Y95.08
G1 X38.61 Y95.14
G1 X38.63 Y95.20
G1 X38.65 Y95.26
G1 X38.67 Y95.32
G1 X38.70 Y95.37
G1 X38.72 Y95.43
G1 X38.74 Y95.49
G1 X38.76 Y95.55
G1 X38.78 Y95.61
G1 X38.80 Y95.66
G1 X38.83 Y95.72
G1 X38.85 Y95.78
G1 X38.87 Y95.84
G1 X38.90 Y95.89
G1 X38.92 Y95.95
G1 X38.95 Y96.01
G1 X38.97 Y96.06
G1 X39.00 Y96.12
G1 X39.02 Y96.18
G1 X39.05 Y96.23
G1 X39.08 Y96.29
G1 X39.10 Y96.34
G1 X39.13 Y96.40
G1 X39.16 Y96.45
G1 X39.18 Y96.51
G1 X39.21 Y96.56
G1 X39.24 Y96.62
G1 X39.27 Y96.67
G1 X39.30 Y96.73
G1 X39.33 Y96.78
G1 X39.36 Y96.84
G1 X39.39 Y96.89
G1 X39.42 Y96.94
G1 X39.45 Y97.00
G1 X39.48 Y97.05
G1 X39.51 Y97.10
G1 X39.54 Y97.16
G1 X39.57 Y97.21
G1 X39.60 Y97.26
G1 X39.64 Y97.31
G1 X39.67 Y97.36
G1 X39.70 Y97.42
G1 X39.73 Y97.47
G1 X39.77 Y97.52
G1 X39.80 Y97.57
G1 X39.84 Y97.62
G1 X39.87 Y97.67
G1 X39.90 Y97.72
G1 X39.94 Y97.77
G1 X39.97 Y97.82
G1 X40.01 Y97.87
G1 X40.05 Y97.92
G1 X40.08 Y97.97
G1 X40.12 Y98.02
G1 X40.16 Y98.07
G1 X40.19 Y98.12
G1 X40.23 Y98.16
G1 X40.27 Y98.21
G1 X40.30 Y98.26
G1 X40.34 Y98.31
G1 X40.38 Y98.35
G1 X40.42 Y98.40
G1 X40.46 Y98.45
G1 X40.50 Y98.50
G1 X40.54 Y98.54
G1 X40.58 Y98.59
G1 X40.62 Y98.63
G1 X40.66 Y98.68
G1 X40.70 Y98.73
G1 X40.74 Y98.77
G1 X40.78 Y98.82
G1 X40.82 Y98.86
G1 X40.86 Y98.90
G1 X40.91 Y98.95
G1 X40.95 Y98.99
G1 X40.99 Y99.04
G1 X41.03 Y99.08
G1 X41.08 Y99.12
G1 X41.12 Y99.17
G1 X41.16 Y99.21
G1 X41.21 Y99.25
G1 X41.25 Y99.29
G1 X41.29 Y99.34
G1 X41.34 Y99.38
G1 X41.38 Y99.42
G1 X41.43 Y99.46
G1 X41.47 Y99.50
G1 X41.52 Y99.54
G1 X41.57 Y99.58
G1 X41.61 Y99.62
G1 X41.66 Y99.66
G1 X41.70 Y99.70
G1 X41.75 Y99.74
G1 X41.80 Y99.78
G1 X41.84 Y99.82
G1 X41.89 Y99.86
G1 X41.94 Y99.89
G1 X41.99 Y99.93
G1 X42.04 Y99.97
G1 X42.08 Y100.01
G1 X42.13 Y100.04
G1 X42.18 Y100.08
G1 X42.23 Y100.12
G1 X42.28 Y100.15
G1 X42.33 Y100.19
G1 X42.38 Y100.22
G1 X42.43 Y100.26
G1 X42.48 Y100.30
G1 X42.53 Y100.33
G1 X42.58 Y100.36
G1 X42.63 Y100.40
G1 X42.68 Y100.43
G1 X42.73 Y100.47
G1 X42.78 Y100.50
G1 X42.84 Y100.53
G1 X42.89 Y100.56
G1 X42.94 Y100.60
G1 X42.99 Y100.63
G1 X43.04 Y100.66
G1 X43.10 Y100.69
G1 X43.15 Y100.72
G1 X43.20 Y100.75
G1 X43.26 Y100.78
G1 X43.31 Y100.81
G1 X43.36 Y100.84
G1 X43.42 Y100.87
G1 X43.47 Y100.90
G1 X43.53 Y100.93
G1 X43.58 Y100.96
G1 X43.63 Y100.99
G1 X43.69 Y101.02
G1 X43.74 Y101.04
G1 X43.80 Y101.07
G1 X43.86 Y101.10
G1 X43.91 Y101.12
G1 X43.97 Y101.15
G1 X44.02 Y101.18
G1 X44.08 Y101.20
G1 X44.14 Y101.23
G1 X44.19 Y101.25
G1 X44.25 Y101.28
G1 X44.31 Y101.30
G1 X44.36 Y101.32
G1 X44.42 Y101.35
G1 X44.48 Y101.37
G1 X44.53 Y101.39
G1 X44.59 Y101.42
G1 X44.65 Y101.44
G1 X44.71 Y101.46
G1 X44.77 Y101.48
G1 X44.83 Y101.50
G1 X44.88 Y101.52
G1 X44.94 Y101.55
G1 X45.00 Y101.57
G1 X45.06 Y101.59
G1 X45.12 Y101.60
G1 X45.18 Y101.62
G1 X45.24 Y101.64
G1 X45.30 Y101.66
G1 X45.36 Y101.68
G1 X45.42 Y101.70
G1 X45.48 Y101.71
G1 X45.54 Y101.73
G1 X45.60 Y101.75
G1 X45.66 Y101.76
G1 X45.72 Y101.78
G1 X45.78 Y101.79
G1 X45.84 Y101.81
G1 X45.90 Y101.82
G1 X45.97 Y101.84
G1 X46.03 Y101.85
G1 X46.09 Y101.87
G1 X46.15 Y101.88
G1 X46.21 Y101.89
G1 X46.27 Y101.91
G1 X46.34 Y101.92
G1 X46.40 Y101.93
G1 X46.46 Y101.94
G1 X46.52 Y101.95
G1 X46.59 Y101.96
G1 X46.65 Y101.97
G1 X46.71 Y101.98
G1 X46.78 Y101.99
G1 X46.84 Y102.00
G1 X46.90 Y102.01
G1 X46.97 Y102.02
G1 X47.03 Y102.03
G1 X47.09 Y102.03
G1 X47.16 Y102.04
G1 X47.22 Y102.05
G1 X47.29 Y102.05
G1 X47.35 Y102.06
G1 X47.41 Y102.06
G1 X47.48 Y102.07
G1 X47.54 Y102.07
G1 X47.61 Y102.08
G1 X47.67 Y102.08
G1 X47.74 Y102.09
G1 X47.80 Y102.09
G1 X47.87 Y102.09
G1 X47.93 Y102.09
G1 X48.00 Y102.10
G1 X48.06 Y102.10
G1 X48.13 Y102.10
G1 X48.19 Y102.10
G1 X48.26 Y102.10
G1 X48.33 Y102.10
G1 X48.39 Y102.10
G1 X48.46 Y102.10
G1 X48.52 Y102.10
G1 X48.59 Y102.09
G1 X48.65 Y102.09
G1 X48.72 Y102.09
G1 X48.78 Y102.09
G1 X48.85 Y102.08
G1 X48.91 Y102.08
G1 X48.98 Y102.07
G1 X49.04 Y102.07
G1 X49.11 Y102.06
G1 X49.17 Y102.06
G1 X49.23 Y102.05
G1 X49.30 Y102.05
G1 X49.36 Y102.04
G1 X49.43 Y102.03
G1 X49.49 Y102.03
G1 X49.55 Y102.02
G1 X49.62 Y102.01
G1 X49.68 Y102.00
G1 X49.74 Y101.99
G1 X49.81 Y101.98
G1 X49.87 Y101.97
G1 X49.93 Y101.96
G1 X50.00 Y101.95
G1 X50.06 Y101.94
G1 X50.12 Y101.93
G1 X50.18 Y101.92
G1 X50.25 Y101.91
G1 X50.31 Y101.89
G1 X50.37 Y101.88
G1 X50.43 Y101.87
G1 X50.49 Y101.85
G1 X50.55 Y101.84
G1 X50.62 Y101.82
G1 X50.68 Y101.81
G1 X50.74 Y101.79
G1 X50.80 Y101.78
G1 X50.86 Y101.76
G1 X50.92 Y101.75
G1 X50.98 Y101.73
G1 X51.04 Y101.71
G1 X51.10 Y101.70
G1 X51.16 Y101.68
G1 X51.22 Y101.66
G1 X51.28 Y101.64
G1 X51.34 Y101.62
G1 X51.40 Y101.60
G1 X51.46 Y101.59
G1 X51.52 Y101.57
G1 X51.58 Y101.55
G1 X51.64 Y101.52
G1 X51.69 Y101.50
G1 X51.75 Y101.48
G1 X51.81 Y101.46
G1 X51.87 Y101.44
G1 X51.93 Y101.42
G1 X51.99 Y101.39
G1 X52.04 Y101.37
G1 X52.10 Y101.35
G1 X52.16 Y101.32
G1 X52.21 Y101.30
G1 X52.27 Y101.28
G1 X52.33 Y101.25
G1 X52.38 Y101.23
G1 X52.44 Y101.20
G1 X52.50 Y101.18
G1 X52.55 Y101.15
G1 X52.61 Y101.12
G1 X52.66 Y101.10
G1 X52.72 Y101.07
G1 X52.78 Y101.04
G1 X52.83 Y101.02
G1 X52.89 Y100.99
G1 X52.94 Y100.96
G1 X52.99 Y100.93
G1 X53.05 Y100.90
G1 X53.10 Y100.87
G1 X53.16 Y100.84
G1 X53.21 Y100.81
G1 X53.26 Y100.78
G1 X53.32 Y100.75
G1 X53.37 Y100.72
G1 X53.42 Y100.69
G1 X53.48 Y100.66
G1 X53.53 Y100.63
G1 X53.58 Y100.60
G1 X53.63 Y100.56
G1 X53.68 Y100.53
G1 X53.74 Y100.50
G1 X53.79 Y100.47
G1 X53.84 Y100.43
G1 X53.89 Y100.40
G1 X53.94 Y100.36
G1 X53.99 Y100.33
G1 X54.04 Y100.30
G1 X54.09 Y100.26
G1 X54.14 Y100.22
G1 X54.19 Y100.19
G1 X54.24 Y100.15
G1 X54.29 Y100.12
G1 X54.34 Y100.08
G1 X54.39 Y100.04
G1 X54.44 Y100.01
G1 X54.48 Y99.97
G1 X54.53 Y99.93
G1 X54.58 Y99.89
G1 X54.63 Y99.86
G1 X54.68 Y99.82
G1 X54.72 Y99.78
G1 X54.77 Y99.74
G1 X54.82 Y99.70
G1 X54.86 Y99.66
G1 X54.91 Y99.62
G1 X54.95 Y99.58
G1 X55.00 Y99.54
G1 X55.05 Y99.50
G1 X55.09 Y99.46
G1 X55.14 Y99.42
G1 X55.18 Y99.38
G1 X55.23 Y99.34
G1 X55.27 Y99.29
G1 X55.31 Y99.25
G1 X55.36 Y99.21
G1 X55.40 Y99.17
G1 X55.44 Y99.12
G1 X55.49 Y99.08
G1 X55.53 Y99.04
G1 X55.57 Y98.99
G1 X55.61 Y98.95
G1 X55.66 Y98.90
G1 X55.70 Y98.86
G1 X55.74 Y98.82
G1 X55.78 Y98.77
G1 X55.82 Y98.73
G1 X55.86 Y98.68
G1 X55.90 Y98.63
G1 X55.94 Y98.59
G1 X55.98 Y98.54
G1 X56.02 Y98.50
G1 X56.06 Y98.45
G1 X56.10 Y98.40
G1 X56.14 Y98.35
G1 X56.18 Y98.31
G1 X56.22 Y98.26
G1 X56.25 Y98.21
G1 X56.29 Y98.16
G1 X56.33 Y98.12
G1 X56.36 Y98.07
G1 X56.40 Y98.02
G1 X56.44 Y97.97
G1 X56.47 Y97.92
G1 X56.51 Y97.87
G1 X56.55 Y97.82
G1 X56.58 Y97.77
G1 X56.62 Y97.72
G1 X56.65 Y97.67
G1 X56.68 Y97.62
G1 X56.72 Y97.57
G1 X56.75 Y97.52
G1 X56.79 Y97.47
G1 X56.82 Y97.42
G1 X56.85 Y97.36
G1 X56.88 Y97.31
G1 X56.92 Y97.26
G1 X56.95 Y97.21
G1 X56.98 Y97.16
G1 X57.01 Y97.10
G1 X57.04 Y97.05
G1 X57.07 Y97.00
G1 X57.10 Y96.94
G1 X57.13 Y96.89
G1 X57.16 Y96.84
G1 X57.19 Y96.78
G1 X57.22 Y96.73
G1 X57.25 Y96.67
G1 X57.28 Y96.62
G1 X57.31 Y96.56
G1 X57.34 Y96.51
G1 X57.36 Y96.45
G1 X57.39 Y96.40
G1 X57.42 Y96.34
G1 X57.44 Y96.29
G1 X57.47 Y96.23
G1 X57.50 Y96.18
G1 X57.52 Y96.12
G1 X57.55 Y96.06
G1 X57.57 Y96.01
G1 X57.60 Y95.95
G1 X57.62 Y95.89
G1 X57.65 Y95.84
G1 X57.67 Y95.78
G1 X57.69 Y95.72
G1 X57.72 Y95.66
G1 X57.74 Y95.61
G1 X57.76 Y95.55
G1 X57.78 Y95.49
G1 X57.80 Y95.43
G1 X57.82 Y95.37
G1 X57.85 Y95.32
G1 X57.87 Y95.26
G1 X57.89 Y95.20
G1 X57.91 Y95.14
G1 X57.93 Y95.08
G1 X57.94 Y95.02
G1 X57.96 Y94.96
G1 X57.98 Y94.90
G1 X58.00 Y94.84
G1 X58.02 Y94.78
G1 X58.03 Y94.72
G1 X58.05 Y94.66
G1 X58.07 Y94.60
G1 X58.08 Y94.54
G1 X58.10 Y94.48
G1 X58.12 Y94.42
G1 X58.13 Y94.36
G1 X58.15 Y94.30
G1 X58.16 Y94.23
G1 X58.17 Y94.17
G1 X58.19 Y94.11
G1 X58.20 Y94.05
G1 X58.21 Y93.99
G1 X58.23 Y93.92
G1 X58.24 Y93.86
G1 X58.25 Y93.80
G1 X58.26 Y93.74
G1 X58.27 Y93.68
G1 X58.28 Y93.61
G1 X58.29 Y93.55
G1 X58.30 Y93.49
G1 X58.31 Y93.42
G1 X58.32 Y93.36
G1 X58.33 Y93.30
G1 X58.34 Y93.23
G1 X58.35 Y93.17
G1 X58.35 Y93.11
G1 X58.36 Y93.04
G1 X58.37 Y92.98
G1 X58.37 Y92.91
G1 X58.38 Y92.85
G1 X58.39 Y92.79
G1 X58.39 Y92.72
G1 X58.40 Y92.66
G1 X58.40 Y92.59
G1 X58.40 Y92.53
G1 X58.41 Y92.46
G1 X58.41 Y92.40
G1 X58.41 Y92.33
G1 X58.41 Y92.27
G1 X58.42 Y92.20
G1 X58.42 Y92.14
G1 X58.42 Y92.07
G1 X58.42 Y92.01
G1 X58.42 Y91.94
G1 X58.42 Y91.87
G1 X58.42 Y91.81
G1 X58.42 Y91.74
G1 X58.42 Y91.68
G1 X58.41 Y91.61
G1 X58.41 Y91.55
G1 X58.41 Y91.48
G1 X58.41 Y91.42
G1 X58.40 Y91.35
G1 X58.40 Y91.29
G1 X58.40 Y91.22
G1 X58.39 Y91.16
G1 X58.39 Y91.09
G1 X58.38 Y91.03
G1 X58.37 Y90.96
G1 X58.37 Y90.90
G1 X58.36 Y90.84
G1 X58.35 Y90.77
G1 X58.35 Y90.71
G1 X58.34 Y90.65
G1 X58.33 Y90.58
G1 X58.32 Y90.52
G1 X58.31 Y90.46
G1 X58.30 Y90.39
G1 X58.29 Y90.33
G1 X58.28 Y90.27
G1 X58.27 Y90.20
G1 X58.26 Y90.14
G1 X58.25 Y90.08
G1 X58.24 Y90.02
G1 X58.23 Y89.95
G1 X58.21 Y89.89
G1 X58.20 Y89.83
G1 X58.19 Y89.77
G1 X58.17 Y89.71
G1 X58.16 Y89.64
G1 X58.15 Y89.58
G1 X58.13 Y89.52
G1 X58.12 Y89.46
G1 X58.10 Y89.40
G1 X58.08 Y89.34
G1 X58.07 Y89.28
G1 X58.05 Y89.22
G1 X58.03 Y89.16
G1 X58.02 Y89.10
G1 X58.00 Y89.04
G1 X57.98 Y88.98
G1 X57.96 Y88.92
G1 X57.94 Y88.86
G1 X57.93 Y88.80
G1 X57.91 Y88.74
G1 X57.89 Y88.68
G1 X57.87 Y88.62
G1 X57.85 Y88.56
G1 X57.82 Y88.50
G1 X57.80 Y88.45
G1 X57.78 Y88.39
G1 X57.76 Y88.33
G1 X57.74 Y88.27
G1 X57.72 Y88.21
G1 X57.69 Y88.16
G1 X57.67 Y88.10
G1 X57.65 Y88.04
G1 X57.62 Y87.98
G1 X57.60 Y87.93
G1 X57.57 Y87.87
G1 X57.55 Y87.81
G1 X57.52 Y87.76
G1 X57.50 Y87.70
G1 X57.47 Y87.65
G1 X57.44 Y87.59
G1 X57.42 Y87.53
G1 X57.39 Y87.48
G1 X57.36 Y87.42
G1 X57.34 Y87.37
G1 X57.31 Y87.31
G1 X57.28 Y87.26
G1 X57.25 Y87.20
G1 X57.22 Y87.15
G1 X57.19 Y87.10
G1 X57.16 Y87.04
G1 X57.13 Y86.99
G1 X57.10 Y86.94
G1 X57.07 Y86.88
G1 X57.04 Y86.83
G1 X57.01 Y86.78
G1 X56.98 Y86.72
G1 X56.95 Y86.67
G1 X56.92 Y86.62
G1 X56.88 Y86.57
G1 X56.85 Y86.51
G1 X56.82 Y86.46
G1 X56.79 Y86.41
G1 X56.75 Y86.36
G1 X56.72 Y86.31
G1 X56.68 Y86.26
G1 X56.65 Y86.21
G1 X56.62 Y86.16
G1 X56.58 Y86.11
G1 X56.55 Y86.06
G1 X56.51 Y86.01
G1 X56.47 Y85.96
G1 X56.44 Y85.91
G1 X56.40 Y85.86
G1 X56.36 Y85.81
G1 X56.33 Y85.76
G1 X56.29 Y85.71
G1 X56.25 Y85.67
G1 X56.22 Y85.62
G1 X56.18 Y85.57
G1 X56.14 Y85.52
G1 X56.10 Y85.48
G1 X56.06 Y85.43
G1 X56.02 Y85.38
G1 X55.98 Y85.34
G1 X55.94 Y85.29
G1 X55.90 Y85.24
G1 X55.86 Y85.20
G1 X55.82 Y85.15
G1 X55.78 Y85.11
G1 X55.74 Y85.06
G1 X55.70 Y85.02
G1 X55.66 Y84.97
G1 X55.61 Y84.93
G1 X55.57 Y84.89
G1 X55.53 Y84.84
G1 X55.49 Y84.80
G1 X55.44 Y84.76
G1 X55.40 Y84.71
G1 X55.36 Y84.67
G1 X55.31 Y84.63
G1 X55.27 Y84.58
G1 X55.23 Y84.54
G1 X55.18 Y84.50
G1 X55.14 Y84.46
G1 X55.09 Y84.42
G1 X55.05 Y84.38
G1 X55.00 Y84.34
G1 X54.95 Y84.30
G1 X54.91 Y84.26
G1 X54.86 Y84.22
G1 X54.82 Y84.18
G1 X54.77 Y84.14
G1 X54.72 Y84.10
G1 X54.68 Y84.06
G1 X54.63 Y84.02
G1 X54.58 Y83.98
G1 X54.53 Y83.95
G1 X54.48 Y83.91
G1 X54.44 Y83.87
G1 X54.39 Y83.83
G1 X54.34 Y83.80
G1 X54.29 Y83.76
G1 X54.24 Y83.73
G1 X54.19 Y83.69
G1 X54.14 Y83.65
G1 X54.09 Y83.62
G1 X54.04 Y83.58
G1 X53.99 Y83.55
G1 X53.94 Y83.51
G1 X53.89 Y83.48
G1 X53.84 Y83.45
G1 X53.79 Y83.41
G1 X53.74 Y83.38
G1 X53.68 Y83.35
G1 X53.63 Y83.31
G1 X53.58 Y83.28
G1 X53.53 Y83.25
G1 X53.48 Y83.22
G1 X53.42 Y83.19
G1 X53.37 Y83.16
G1 X53.32 Y83.13
G1 X53.26 Y83.10
G1 X53.21 Y83.06
G1 X53.16 Y83.04
G1 X53.10 Y83.01
G1 X53.05 Y82.98
G1 X52.99 Y82.95
G1 X52.94 Y82.92
G1 X52.89 Y82.89
G1 X52.83 Y82.86
G1 X52.78 Y82.84
G1 X52.72 Y82.81
G1 X52.66 Y82.78
G1 X52.61 Y82.75
G1 X52.55 Y82.73
G1 X52.50 Y82.70
G1 X52.44 Y82.68
G1 X52.38 Y82.65
G1 X52.33 Y82.63
G1 X52.27 Y82.60
G1 X52.21 Y82.58
G1 X52.16 Y82.55
G1 X52.10 Y82.53
G1 X52.04 Y82.51
G1 X51.99 Y82.48
G1 X51.93 Y82.46
G1 X51.87 Y82.44
G1 X51.81 Y82.42
G1 X51.75 Y82.40
G1 X51.69 Y82.37
G1 X51.64 Y82.35
G1 X51.58 Y82.33
G1 X51.52 Y82.31
G1 X51.46 Y82.29
G1 X51.40 Y82.27
G1 X51.34 Y82.25
G1 X51.28 Y82.24
G1 X51.22 Y82.22
G1 X51.16 Y82.20
G1 X51.10 Y82.18
G1 X51.04 Y82.16
G1 X50.98 Y82.15
G1 X50.92 Y82.13
G1 X50.86 Y82.12
G1 X50.80 Y82.10
G1 X50.74 Y82.08
G1 X50.68 Y82.07
G1 X50.62 Y82.05
G1 X50.55 Y82.04
G1 X50.49 Y82.03
G1 X50.43 Y82.01
G1 X50.37 Y82.00
G1 X50.31 Y81.99
G1 X50.25 Y81.97
G1 X50.18 Y81.96
G1 X50.12 Y81.95
G1 X50.06 Y81.94
G1 X50.00 Y81.93
G1 X49.93 Y81.92
G1 X49.87 Y81.91
G1 X49.81 Y81.90
G1 X49.74 Y81.89
G1 X49.68 Y81.88
G1 X49.62 Y81.87
G1 X49.55 Y81.86
G1 X49.49 Y81.85
G1 X49.43 Y81.85
G1 X49.36 Y81.84
G1 X49.30 Y81.83
G1 X49.23 Y81.83
G1 X49.17 Y81.82
G1 X49.11 Y81.81
G1 X49.04 Y81.81
G1 X48.98 Y81.80
G1 X48.91 Y81.80
G1 X48.85 Y81.80
G1 X48.78 Y81.79
G1 X48.72 Y81.79
G1 X48.65 Y81.79
G1 X48.59 Y81.78
G1 X48.52 Y81.78
G1 X48.46 Y81.78
G1 X48.39 Y81.78
G1 X48.33 Y81.78
G1 X48.26 Y81.78

; Pass 0 Path 37
G0 X58.42 Y71.62
G1 X60.96 Y74.16 S1000.00 F100
G1 X63.50 Y71.62
G1 X58.42 Y71.62
G1 X58.42 Y71.62

; Pass 0 Path 38
G0 X63.50 Y76.70
G1 X73.66 Y76.70 S1000.00 F100
G1 X68.58 Y71.62
G1 X63.50 Y76.70
G1 X63.50 Y76.70

; Pass 0 Path 39
G0 X67.73 Y85.11
G1 X67.65 Y85.15 S1000.00 F100
G1 X67.57 Y85.20
G1 X67.49 Y85.24
G1 X67.41 Y85.28
G1 X67.33 Y85.33
G1 X67.25 Y85.38
G1 X67.17 Y85.42
G1 X67.09 Y85.47
G1 X67.01 Y85.52
G1 X66.94 Y85.57
G1 X66.86 Y85.62
G1 X66.78 Y85.67
G1 X66.71 Y85.73
G1 X66.63 Y85.78
G1 X66.56 Y85.83
G1 X66.49 Y85.89
G1 X66.42 Y85.94
G1 X66.34 Y86.00
G1 X66.27 Y86.06
G1 X66.20 Y86.12
G1 X66.13 Y86.18
G1 X66.06 Y86.24
G1 X66.00 Y86.30
G1 X65.93 Y86.36
G1 X65.86 Y86.42
G1 X65.80 Y86.49
G1 X65.73 Y86.55
G1 X65.67 Y86.62
G1 X65.60 Y86.68
G1 X65.54 Y86.75
G1 X65.48 Y86.82
G1 X65.42 Y86.88
G1 X65.36 Y86.95
G1 X65.30 Y87.02
G1 X65.24 Y87.09
G1 X65.18 Y87.16
G1 X65.13 Y87.23
G1 X65.07 Y87.31
G1 X65.01 Y87.38
G1 X64.96 Y87.45
G1 X64.91 Y87.53
G1 X64.85 Y87.60
G1 X64.80 Y87.68
G1 X64.75 Y87.76
G1 X64.70 Y87.83
G1 X64.65 Y87.91
G1 X64.60 Y87.99
G1 X64.56 Y88.07
G1 X64.51 Y88.15
G1 X64.46 Y88.23
G1 X64.42 Y88.31
G1 X64.38 Y88.39
G1 X64.33 Y88.47
G1 X64.29 Y88.55
G1 X64.25 Y88.64
G1 X64.21 Y88.72
G1 X64.17 Y88.80
G1 X64.14 Y88.89
G1 X64.10 Y88.97
G1 X64.06 Y89.06
G1 X64.03 Y89.15
G1 X63.99 Y89.23
G1 X63.96 Y89.32
G1 X63.93 Y89.41
G1 X63.90 Y89.50
G1 X63.87 Y89.58
G1 X63.84 Y89.67
G1 X63.82 Y89.76
G1 X63.79 Y89.85
G1 X63.76 Y89.94
G1 X63.74 Y90.04
G1 X63.72 Y90.13
G1 X63.70 Y90.22
G1 X63.67 Y90.31
G1 X63.65 Y90.40
G1 X63.64 Y90.50
G1 X63.62 Y90.59
G1 X63.60 Y90.68
G1 X63.59 Y90.78
G1 X63.57 Y90.87
G1 X63.56 Y90.97
G1 X63.55 Y91.06
G1 X63.54 Y91.16
G1 X63.53 Y91.26
G1 X63.52 Y91.35
G1 X63.52 Y91.45
G1 X63.51 Y91.55
G1 X63.51 Y91.64
G1 X63.50 Y91.74
G1 X63.50 Y91.84
G1 X63.50 Y91.94
G1 X63.50 Y92.04
G1 X63.50 Y92.14
G1 X63.51 Y92.23
G1 X63.51 Y92.33
G1 X63.52 Y92.43
G1 X63.52 Y92.53
G1 X63.53 Y92.62
G1 X63.54 Y92.72
G1 X63.55 Y92.81
G1 X63.56 Y92.91
G1 X63.57 Y93.01
G1 X63.59 Y93.10
G1 X63.60 Y93.19
G1 X63.62 Y93.29
G1 X63.64 Y93.38
G1 X63.65 Y93.48
G1 X63.67 Y93.57
G1 X63.70 Y93.66
G1 X63.72 Y93.75
G1 X63.74 Y93.84
G1 X63.76 Y93.93
G1 X63.79 Y94.03
G1 X63.82 Y94.12
G1 X63.84 Y94.21
G1 X63.87 Y94.29
G1 X63.90 Y94.38
G1 X63.93 Y94.47
G1 X63.96 Y94.56
G1 X63.99 Y94.65
G1 X64.03 Y94.73
G1 X64.06 Y94.82
G1 X64.10 Y94.91
G1 X64.14 Y94.99
G1 X64.17 Y95.08
G1 X64.21 Y95.16
G1 X64.25 Y95.24
G1 X64.29 Y95.33
G1 X64.33 Y95.41
G1 X64.38 Y95.49
G1 X64.42 Y95.57
G1 X64.46 Y95.65
G1 X64.51 Y95.73
G1 X64.56 Y95.81
G1 X64.60 Y95.89
G1 X64.65 Y95.97
G1 X64.70 Y96.05
G1 X64.75 Y96.12
G1 X64.80 Y96.20
G1 X64.85 Y96.28
G1 X64.91 Y96.35
G1 X64.96 Y96.42
G1 X65.01 Y96.50
G1 X65.07 Y96.57
G1 X65.13 Y96.64
G1 X65.18 Y96.72
G1 X65.24 Y96.79
G1 X65.30 Y96.86
G1 X65.36 Y96.93
G1 X65.42 Y96.99
G1 X65.48 Y97.06
G1 X65.54 Y97.13
G1 X65.60 Y97.20
G1 X65.67 Y97.26
G1 X65.73 Y97.33
G1 X65.80 Y97.39
G1 X65.86 Y97.46
G1 X65.93 Y97.52
G1 X66.00 Y97.58
G1 X66.06 Y97.64
G1 X66.13 Y97.70
G1 X66.20 Y97.76
G1 X66.27 Y97.82
G1 X66.34 Y97.88
G1 X66.42 Y97.93
G1 X66.49 Y97.99
G1 X66.56 Y98.05
G1 X66.63 Y98.10
G1 X66.71 Y98.15
G1 X66.78 Y98.21
G1 X66.86 Y98.26
G1 X66.94 Y98.31
G1 X67.01 Y98.36
G1 X67.09 Y98.41
G1 X67.17 Y98.46
G1 X67.25 Y98.50
G1 X67.33 Y98.55
G1 X67.41 Y98.60
G1 X67.49 Y98.64
G1 X67.57 Y98.68
G1 X67.65 Y98.73
G1 X67.73 Y98.77
G1 X67.82 Y98.81
G1 X67.90 Y98.85
G1 X67.98 Y98.89
G1 X68.07 Y98.92
G1 X68.15 Y98.96
G1 X68.24 Y99.00
G1 X68.33 Y99.03
G1 X68.41 Y99.06
G1 X68.50 Y99.10
G1 X68.59 Y99.13
G1 X68.68 Y99.16
G1 X68.76 Y99.19
G1 X68.85 Y99.22
G1 X68.94 Y99.24
G1 X69.03 Y99.27
G1 X69.12 Y99.30
G1 X69.22 Y99.32
G1 X69.31 Y99.34
G1 X69.40 Y99.36
G1 X69.49 Y99.38
G1 X69.58 Y99.40
G1 X69.68 Y99.42
G1 X69.77 Y99.44
G1 X69.87 Y99.46
G1 X69.96 Y99.47
G1 X70.05 Y99.49
G1 X70.15 Y99.50
G1 X70.25 Y99.51
G1 X70.34 Y99.52
G1 X70.44 Y99.53
G1 X70.53 Y99.54
G1 X70.63 Y99.54
G1 X70.73 Y99.55
G1 X70.83 Y99.55
G1 X70.92 Y99.56
G1 X71.02 Y99.56
G1 X71.12 Y99.56
G1 X71.22 Y99.56
G1 X71.32 Y99.56
G1 X71.41 Y99.55
G1 X71.51 Y99.55
G1 X71.61 Y99.54
G1 X71.71 Y99.54
G1 X71.80 Y99.53
G1 X71.90 Y99.52
G1 X71.99 Y99.51
G1 X72.09 Y99.50
G1 X72.19 Y99.49
G1 X72.28 Y99.47
G1 X72.37 Y99.46
G1 X72.47 Y99.44
G1 X72.56 Y99.42
G1 X72.66 Y99.40
G1 X72.75 Y99.38
G1 X72.84 Y99.36
G1 X72.93 Y99.34
G1 X73.02 Y99.32
G1 X73.12 Y99.30
G1 X73.21 Y99.27
G1 X73.30 Y99.24
G1 X73.39 Y99.22
G1 X73.48 Y99.19
G1 X73.56 Y99.16
G1 X73.65 Y99.13
G1 X73.74 Y99.10
G1 X73.83 Y99.06
G1 X73.91 Y99.03
G1 X74.00 Y99.00
G1 X74.09 Y98.96
G1 X74.17 Y98.92
G1 X74.26 Y98.89
G1 X74.34 Y98.85
G1 X74.42 Y98.81
G1 X74.51 Y98.77
G1 X74.59 Y98.73
G1 X74.67 Y98.68
G1 X74.75 Y98.64
G1 X74.83 Y98.60
G1 X74.91 Y98.55
G1 X74.99 Y98.50
G1 X75.07 Y98.46
G1 X75.15 Y98.41
G1 X75.23 Y98.36
G1 X75.30 Y98.31
G1 X75.38 Y98.26
G1 X75.46 Y98.21
G1 X75.53 Y98.15
G1 X75.61 Y98.10
G1 X75.68 Y98.05
G1 X75.75 Y97.99
G1 X75.82 Y97.93
G1 X75.90 Y97.88
G1 X75.97 Y97.82
G1 X76.04 Y97.76
G1 X76.11 Y97.70
G1 X76.18 Y97.64
G1 X76.24 Y97.58
G1 X76.31 Y97.52
G1 X76.38 Y97.46
G1 X76.44 Y97.39
G1 X76.51 Y97.33
G1 X76.57 Y97.26
G1 X76.64 Y97.20
G1 X76.70 Y97.13
G1 X76.76 Y97.06
G1 X76.82 Y96.99
G1 X76.88 Y96.93
G1 X76.94 Y96.86
G1 X77.00 Y96.79
G1 X77.06 Y96.72
G1 X77.11 Y96.64
G1 X77.17 Y96.57
G1 X77.23 Y96.50
G1 X77.28 Y96.42
G1 X77.33 Y96.35
G1 X77.39 Y96.28
G1 X77.44 Y96.20
G1 X77.49 Y96.12
G1 X77.54 Y96.05
G1 X77.59 Y95.97
G1 X77.64 Y95.89
G1 X77.68 Y95.81
G1 X77.73 Y95.73
G1 X77.78 Y95.65
G1 X77.82 Y95.57
G1 X77.86 Y95.49
G1 X77.91 Y95.41
G1 X77.95 Y95.33
G1 X77.99 Y95.24
G1 X78.03 Y95.16
G1 X78.07 Y95.08
G1 X78.10 Y94.99
G1 X78.14 Y94.91
G1 X78.18 Y94.82
G1 X78.21 Y94.73
G1 X78.25 Y94.65
G1 X78.28 Y94.56
G1 X78.31 Y94.47
G1 X78.34 Y94.38
G1 X78.37 Y94.29
G1 X78.40 Y94.21
G1 X78.42 Y94.12
G1 X78.45 Y94.03
G1 X78.48 Y93.93
G1 X78.50 Y93.84
G1 X78.52 Y93.75
G1 X78.54 Y93.66
G1 X78.57 Y93.57
G1 X78.59 Y93.48
G1 X78.60 Y93.38
G1 X78.62 Y93.29
G1 X78.64 Y93.19
G1 X78.65 Y93.10
G1 X78.67 Y93.01
G1 X78.68 Y92.91
G1 X78.69 Y92.81
G1 X78.70 Y92.72
G1 X78.71 Y92.62
G1 X78.72 Y92.53
G1 X78.72 Y92.43
G1 X78.73 Y92.33
G1 X78.73 Y92.23
G1 X78.74 Y92.14
G1 X78.74 Y92.04
G1 X78.74 Y91.94
G1 X78.74 Y91.84
G1 X78.74 Y91.74
G1 X78.73 Y91.64
G1 X78.73 Y91.55
G1 X78.72 Y91.45
G1 X78.72 Y91.35
G1 X78.71 Y91.26
G1 X78.70 Y91.16
G1 X78.69 Y91.06
G1 X78.68 Y90.97
G1 X78.67 Y90.87
G1 X78.65 Y90.78
G1 X78.64 Y90.68
G1 X78.62 Y90.59
G1 X78.60 Y90.50
G1 X78.59 Y90.40
G1 X78.57 Y90.31
G1 X78.54 Y90.22
G1 X78.52 Y90.13
G1 X78.50 Y90.04
G1 X78.48 Y89.94
G1 X78.45 Y89.85
G1 X78.42 Y89.76
G1 X78.40 Y89.67
G1 X78.37 Y89.58
G1 X78.34 Y89.50
G1 X78.31 Y89.41
G1 X78.28 Y89.32
G1 X78.25 Y89.23
G1 X78.21 Y89.15
G1 X78.18 Y89.06
G1 X78.14 Y88.97
G1 X78.10 Y88.89
G1 X78.07 Y88.80
G1 X78.03 Y88.72
G1 X77.99 Y88.64
G1 X77.95 Y88.55
G1 X77.91 Y88.47
G1 X77.86 Y88.39
G1 X77.82 Y88.31
G1 X77.78 Y88.23
G1 X77.73 Y88.15
G1 X77.68 Y88.07
G1 X77.64 Y87.99
G1 X77.59 Y87.91
G1 X77.54 Y87.83
G1 X77.49 Y87.76
G1 X77.44 Y87.68
G1 X77.39 Y87.60
G1 X77.33 Y87.53
G1 X77.28 Y87.45
G1 X77.23 Y87.38
G1 X77.17 Y87.31
G1 X77.11 Y87.23
G1 X77.06 Y87.16
G1 X77.00 Y87.09
G1 X76.94 Y87.02
G1 X76.88 Y86.95
G1 X76.82 Y86.88
G1 X76.76 Y86.82
G1 X76.70 Y86.75
G1 X76.64 Y86.68
G1 X76.57 Y86.62
G1 X76.51 Y86.55
G1 X76.44 Y86.49
G1 X76.38 Y86.42
G1 X76.31 Y86.36
G1 X76.24 Y86.30
G1 X76.18 Y86.24
G1 X76.11 Y86.18
G1 X76.04 Y86.12
G1 X75.97 Y86.06
G1 X75.90 Y86.00
G1 X75.82 Y85.94
G1 X75.75 Y85.89
G1 X75.68 Y85.83
G1 X75.61 Y85.78
G1 X75.53 Y85.73
G1 X75.46 Y85.67
G1 X75.38 Y85.62
G1 X75.30 Y85.57
G1 X75.23 Y85.52
G1 X75.15 Y85.47
G1 X75.07 Y85.42
G1 X74.99 Y85.38
G1 X74.91 Y85.33
G1 X74.83 Y85.28
G1 X74.75 Y85.24
G1 X74.67 Y85.20
G1 X74.59 Y85.15
G1 X74.51 Y85.11
G1 X74.42 Y85.07
G1 X74.34 Y85.03
G1 X74.26 Y84.99
G1 X74.17 Y84.95
G1 X74.09 Y84.92
G1 X74.00 Y84.88
G1 X73.91 Y84.85
G1 X73.83 Y84.81
G1 X73.74 Y84.78
G1 X73.65 Y84.75
G1 X73.56 Y84.72
G1 X73.48 Y84.69
G1 X73.39 Y84.66
G1 X73.30 Y84.63
G1 X73.21 Y84.61
G1 X73.12 Y84.58
G1 X73.02 Y84.56
G1 X72.93 Y84.54
G1 X72.84 Y84.51
G1 X72.75 Y84.49
G1 X72.66 Y84.47
G1 X72.56 Y84.46
G1 X72.47 Y84.44
G1 X72.37 Y84.42
G1 X72.28 Y84.41
G1 X72.19 Y84.39
G1 X72.09 Y84.38
G1 X71.99 Y84.37
G1 X71.90 Y84.36
G1 X71.80 Y84.35
G1 X71.71 Y84.34
G1 X71.61 Y84.33
G1 X71.51 Y84.33
G1 X71.41 Y84.32
G1 X71.32 Y84.32
G1 X71.22 Y84.32
G1 X71.12 Y84.32
G1 X71.02 Y84.32
G1 X70.92 Y84.32
G1 X70.83 Y84.32
G1 X70.73 Y84.33
G1 X70.63 Y84.33
G1 X70.53 Y84.34
G1 X70.44 Y84.35
G1 X70.34 Y84.36
G1 X70.25 Y84.37
G1 X70.15 Y84.38
G1 X70.05 Y84.39
G1 X69.96 Y84.41
G1 X69.87 Y84.42
G1 X69.77 Y84.44
G1 X69.68 Y84.46
G1 X69.58 Y84.47
G1 X69.49 Y84.49
G1 X69.40 Y84.51
G1 X69.31 Y84.54
G1 X69.22 Y84.56
G1 X69.12 Y84.58
G1 X69.03 Y84.61
G1 X68.94 Y84.63
G1 X68.85 Y84.66
G1 X68.76 Y84.69
G1 X68.68 Y84.72
G1 X68.59 Y84.75
G1 X68.50 Y84.78
G1 X68.41 Y84.81
G1 X68.33 Y84.85
G1 X68.24 Y84.88
G1 X68.15 Y84.92
G1 X68.07 Y84.95
G1 X67.98 Y84.99
G1 X67.90 Y85.03
G1 X67.82 Y85.07
G1 X67.73 Y85.11

; Pass 0 Path 40
G0 X76.20 Y74.16
G1 X78.74 Y71.62 S1000.00 F100
G1 X73.66 Y71.62
G1 X76.20 Y74.16

; Pass 0 Path 41
G0 X78.74 Y76.70
G1 X88.90 Y76.70 S1000.00 F100
G1 X83.82 Y71.62
G1 X78.74 Y76.70
G1 X78.74 Y76.70

; Pass 0 Path 42
G0 X84.56 Y82.52
G1 X84.61 Y82.48 S1000.00 F100
G1 X84.65 Y82.44
G1 X84.70 Y82.40
G1 X84.74 Y82.36
G1 X84.79 Y82.32
G1 X84.84 Y82.28
G1 X84.89 Y82.25
G1 X84.94 Y82.21
G1 X84.99 Y82.18
G1 X85.04 Y82.15
G1 X85.09 Y82.12
G1 X85.15 Y82.09
G1 X85.20 Y82.06
G1 X85.26 Y82.03
G1 X85.31 Y82.00
G1 X85.37 Y81.98
G1 X85.43 Y81.96
G1 X85.48 Y81.93
G1 X85.54 Y81.91
G1 X85.60 Y81.89
G1 X85.66 Y81.88
G1 X85.72 Y81.86
G1 X85.78 Y81.84
G1 X85.85 Y81.83
G1 X85.91 Y81.82
G1 X85.97 Y81.81
G1 X86.04 Y81.80
G1 X86.10 Y81.79
G1 X86.16 Y81.79
G1 X86.23 Y81.78
G1 X86.29 Y81.78
G1 X86.36 Y81.78
G1 X93.98 Y81.78
G1 X93.98 Y81.78
G1 X101.60 Y81.78
G1 X101.67 Y81.78
G1 X101.73 Y81.78
G1 X101.80 Y81.79
G1 X101.86 Y81.79
G1 X101.92 Y81.80
G1 X101.99 Y81.81
G1 X102.05 Y81.82
G1 X102.11 Y81.83
G1 X102.17 Y81.84
G1 X102.24 Y81.86
G1 X102.30 Y81.88
G1 X102.36 Y81.89
G1 X102.42 Y81.91
G1 X102.48 Y81.93
G1 X102.53 Y81.95
G1 X102.59 Y81.98
G1 X102.65 Y82.00
G1 X102.70 Y82.03
G1 X102.76 Y82.06
G1 X102.81 Y82.09
G1 X102.87 Y82.11
G1 X102.92 Y82.15
G1 X102.97 Y82.18
G1 X103.02 Y82.21
G1 X103.07 Y82.25
G1 X103.12 Y82.28
G1 X103.17 Y82.32
G1 X103.22 Y82.36
G1 X103.26 Y82.40
G1 X103.31 Y82.44
G1 X103.35 Y82.48
G1 X103.40 Y82.52
G1 X103.44 Y82.57
G1 X103.48 Y82.61
G1 X103.52 Y82.66
G1 X103.56 Y82.70
G1 X103.60 Y82.75
G1 X103.64 Y82.80
G1 X103.67 Y82.85
G1 X103.71 Y82.90
G1 X103.74 Y82.95
G1 X103.77 Y83.00
G1 X103.80 Y83.05
G1 X103.83 Y83.11
G1 X103.86 Y83.16
G1 X103.89 Y83.22
G1 X103.92 Y83.27
G1 X103.94 Y83.33
G1 X103.96 Y83.39
G1 X103.99 Y83.44
G1 X104.01 Y83.50
G1 X104.03 Y83.56
G1 X104.04 Y83.62
G1 X104.06 Y83.68
G1 X104.08 Y83.74
G1 X104.09 Y83.81
G1 X104.10 Y83.87
G1 X104.11 Y83.93
G1 X104.12 Y83.99
G1 X104.13 Y84.06
G1 X104.13 Y84.12
G1 X104.14 Y84.19
G1 X104.14 Y84.25
G1 X104.14 Y84.32
G1 X104.14 Y99.56
G1 X104.14 Y99.63
G1 X104.14 Y99.69
G1 X104.13 Y99.76
G1 X104.13 Y99.82
G1 X104.12 Y99.88
G1 X104.11 Y99.95
G1 X104.10 Y100.01
G1 X104.09 Y100.07
G1 X104.08 Y100.13
G1 X104.06 Y100.20
G1 X104.04 Y100.26
G1 X104.03 Y100.32
G1 X104.01 Y100.38
G1 X103.99 Y100.43
G1 X103.96 Y100.49
G1 X103.94 Y100.55
G1 X103.92 Y100.61
G1 X103.89 Y100.66
G1 X103.86 Y100.72
G1 X103.83 Y100.77
G1 X103.80 Y100.83
G1 X103.77 Y100.88
G1 X103.74 Y100.93
G1 X103.71 Y100.98
G1 X103.67 Y101.03
G1 X103.64 Y101.08
G1 X103.60 Y101.13
G1 X103.56 Y101.18
G1 X103.52 Y101.22
G1 X103.48 Y101.27
G1 X103.44 Y101.31
G1 X103.40 Y101.36
G1 X103.35 Y101.40
G1 X103.31 Y101.44
G1 X103.26 Y101.48
G1 X103.22 Y101.52
G1 X103.17 Y101.56
G1 X103.12 Y101.60
G1 X103.07 Y101.63
G1 X103.02 Y101.67
G1 X102.97 Y101.70
G1 X102.92 Y101.73
G1 X102.87 Y101.76
G1 X102.81 Y101.79
G1 X102.76 Y101.82
G1 X102.70 Y101.85
G1 X102.65 Y101.88
G1 X102.59 Y101.90
G1 X102.53 Y101.92
G1 X102.48 Y101.95
G1 X102.42 Y101.97
G1 X102.36 Y101.99
G1 X102.30 Y102.00
G1 X102.24 Y102.02
G1 X102.17 Y102.03
G1 X102.11 Y102.05
G1 X102.05 Y102.06
G1 X101.99 Y102.07
G1 X101.92 Y102.08
G1 X101.86 Y102.09
G1 X101.80 Y102.09
G1 X101.73 Y102.10
G1 X101.67 Y102.10
G1 X101.60 Y102.10
G1 X86.36 Y102.10
G1 X86.29 Y102.10
G1 X86.23 Y102.10
G1 X86.16 Y102.09
G1 X86.10 Y102.09
G1 X86.04 Y102.08
G1 X85.97 Y102.07
G1 X85.91 Y102.06
G1 X85.85 Y102.05
G1 X85.79 Y102.03
G1 X85.72 Y102.02
G1 X85.66 Y102.00
G1 X85.60 Y101.99
G1 X85.54 Y101.97
G1 X85.48 Y101.95
G1 X85.43 Y101.92
G1 X85.37 Y101.90
G1 X85.31 Y101.88
G1 X85.26 Y101.85
G1 X85.20 Y101.82
G1 X85.15 Y101.79
G1 X85.09 Y101.76
G1 X85.04 Y101.73
G1 X84.99 Y101.70
G1 X84.94 Y101.67
G1 X84.89 Y101.63
G1 X84.84 Y101.60
G1 X84.79 Y101.56
G1 X84.74 Y101.52
G1 X84.70 Y101.48
G1 X84.65 Y101.44
G1 X84.61 Y101.40
G1 X84.56 Y101.36
G1 X84.52 Y101.31
G1 X84.48 Y101.27
G1 X84.44 Y101.22
G1 X84.40 Y101.18
G1 X84.36 Y101.13
G1 X84.32 Y101.08
G1 X84.29 Y101.03
G1 X84.25 Y100.98
G1 X84.22 Y100.93
G1 X84.19 Y100.88
G1 X84.16 Y100.83
G1 X84.13 Y100.77
G1 X84.10 Y100.72
G1 X84.07 Y100.66
G1 X84.04 Y100.61
G1 X84.02 Y100.55
G1 X84.00 Y100.49
G1 X83.97 Y100.43
G1 X83.95 Y100.38
G1 X83.93 Y100.32
G1 X83.92 Y100.26
G1 X83.90 Y100.20
G1 X83.88 Y100.13
G1 X83.87 Y100.07
G1 X83.86 Y100.01
G1 X83.85 Y99.95
G1 X83.84 Y99.88
G1 X83.83 Y99.82
G1 X83.83 Y99.76
G1 X83.82 Y99.69
G1 X83.82 Y99.63
G1 X83.82 Y99.56
G1 X83.82 Y84.32
G1 X83.82 Y84.25
G1 X83.82 Y84.19
G1 X83.83 Y84.12
G1 X83.83 Y84.06
G1 X83.84 Y83.99
G1 X83.85 Y83.93
G1 X83.86 Y83.87
G1 X83.87 Y83.81
G1 X83.88 Y83.74
G1 X83.90 Y83.68
G1 X83.92 Y83.62
G1 X83.93 Y83.56
G1 X83.95 Y83.50
G1 X83.97 Y83.44
G1 X84.00 Y83.39
G1 X84.02 Y83.33
G1 X84.04 Y83.27
G1 X84.07 Y83.22
G1 X84.10 Y83.16
G1 X84.13 Y83.11
G1 X84.16 Y83.05
G1 X84.19 Y83.00
G1 X84.22 Y82.95
G1 X84.25 Y82.90
G1 X84.29 Y82.85
G1 X84.32 Y82.80
G1 X84.36 Y82.75
G1 X84.40 Y82.70
G1 X84.44 Y82.66
G1 X84.45 Y82.65
G1 X84.48 Y82.61
G1 X84.52 Y82.57
G1 X84.56 Y82.52

; Pass 0 Path 43
G0 X107.52 Y82.58
G1 X110.68 Y82.58 S1000.00 F100
G1 X110.68 Y81.96
G1 X110.68 Y81.89
G1 X110.68 Y81.82
G1 X110.68 Y81.75
G1 X110.68 Y81.68
G1 X110.68 Y81.61
G1 X110.69 Y81.54
G1 X110.69 Y81.47
G1 X110.70 Y81.40
G1 X110.71 Y81.33
G1 X110.71 Y81.27
G1 X110.72 Y81.20
G1 X110.73 Y81.13
G1 X110.74 Y81.06
G1 X110.75 Y81.00
G1 X110.76 Y80.93
G1 X110.77 Y80.86
G1 X110.78 Y80.79
G1 X110.79 Y80.73
G1 X110.81 Y80.66
G1 X110.82 Y80.60
G1 X110.84 Y80.53
G1 X110.85 Y80.47
G1 X110.87 Y80.40
G1 X110.88 Y80.34
G1 X110.90 Y80.27
G1 X110.92 Y80.21
G1 X110.94 Y80.14
G1 X110.96 Y80.08
G1 X110.98 Y80.02
G1 X111.00 Y79.95
G1 X111.02 Y79.89
G1 X111.04 Y79.83
G1 X111.06 Y79.76
G1 X111.09 Y79.70
G1 X111.11 Y79.64
G1 X111.14 Y79.58
G1 X111.16 Y79.52
G1 X111.19 Y79.46
G1 X111.21 Y79.40
G1 X111.24 Y79.34
G1 X111.27 Y79.28
G1 X111.30 Y79.22
G1 X111.32 Y79.16
G1 X111.35 Y79.10
G1 X111.38 Y79.04
G1 X111.41 Y78.98
G1 X111.44 Y78.93
G1 X111.48 Y78.87
G1 X111.51 Y78.81
G1 X111.54 Y78.75
G1 X111.57 Y78.70
G1 X111.61 Y78.64
G1 X111.64 Y78.59
G1 X111.68 Y78.53
G1 X111.71 Y78.48
G1 X111.75 Y78.42
G1 X111.79 Y78.37
G1 X111.82 Y78.32
G1 X111.86 Y78.26
G1 X111.90 Y78.21
G1 X111.94 Y78.16
G1 X111.98 Y78.11
G1 X112.02 Y78.05
G1 X112.06 Y78.00
G1 X112.10 Y77.95
G1 X112.14 Y77.90
G1 X112.18 Y77.85
G1 X112.22 Y77.80
G1 X112.27 Y77.75
G1 X112.31 Y77.71
G1 X112.35 Y77.66
G1 X112.40 Y77.61
G1 X112.44 Y77.56
G1 X112.49 Y77.52
G1 X112.53 Y77.47
G1 X112.58 Y77.42
G1 X112.62 Y77.38
G1 X112.67 Y77.33
G1 X112.72 Y77.29
G1 X112.77 Y77.25
G1 X112.82 Y77.20
G1 X112.86 Y77.16
G1 X112.91 Y77.12
G1 X112.96 Y77.08
G1 X113.01 Y77.03
G1 X113.06 Y76.99
G1 X113.12 Y76.95
G1 X113.17 Y76.91
G1 X113.22 Y76.87
G1 X113.27 Y76.84
G1 X113.32 Y76.80
G1 X113.38 Y76.76
G1 X113.43 Y76.72
G1 X113.48 Y76.69
G1 X113.54 Y76.65
G1 X113.59 Y76.61
G1 X113.65 Y76.58
G1 X113.70 Y76.54
G1 X113.76 Y76.51
G1 X113.82 Y76.48
G1 X113.87 Y76.44
G1 X113.93 Y76.41
G1 X113.99 Y76.38
G1 X114.04 Y76.35
G1 X114.10 Y76.32
G1 X114.16 Y76.29
G1 X114.22 Y76.26
G1 X114.28 Y76.23
G1 X114.34 Y76.20
G1 X114.40 Y76.18
G1 X114.46 Y76.15
G1 X114.52 Y76.12
G1 X114.58 Y76.10
G1 X114.64 Y76.07
G1 X114.70 Y76.05
G1 X114.76 Y76.02
G1 X114.82 Y76.00
G1 X114.89 Y75.98
G1 X114.95 Y75.95
G1 X115.01 Y75.93
G1 X115.08 Y75.91
G1 X115.14 Y75.89
G1 X115.20 Y75.87
G1 X115.27 Y75.85
G1 X115.33 Y75.84
G1 X115.40 Y75.82
G1 X115.46 Y75.80
G1 X115.53 Y75.79
G1 X115.53 Y82.58
G1 X118.52 Y82.58
G1 X118.52 Y75.79
G1 X118.59 Y75.80
G1 X118.65 Y75.82
G1 X118.72 Y75.84
G1 X118.78 Y75.85
G1 X118.85 Y75.87
G1 X118.91 Y75.89
G1 X118.97 Y75.91
G1 X119.04 Y75.93
G1 X119.10 Y75.95
G1 X119.16 Y75.98
G1 X119.23 Y76.00
G1 X119.29 Y76.02
G1 X119.35 Y76.05
G1 X119.41 Y76.07
G1 X119.47 Y76.10
G1 X119.53 Y76.12
G1 X119.59 Y76.15
G1 X119.65 Y76.18
G1 X119.71 Y76.20
G1 X119.77 Y76.23
G1 X119.83 Y76.26
G1 X119.89 Y76.29
G1 X119.95 Y76.32
G1 X120.01 Y76.35
G1 X120.06 Y76.38
G1 X120.12 Y76.41
G1 X120.18 Y76.44
G1 X120.23 Y76.48
G1 X120.29 Y76.51
G1 X120.35 Y76.54
G1 X120.40 Y76.58
G1 X120.46 Y76.61
G1 X120.51 Y76.65
G1 X120.57 Y76.69
G1 X120.62 Y76.72
G1 X120.67 Y76.76
G1 X120.73 Y76.80
G1 X120.78 Y76.84
G1 X120.83 Y76.87
G1 X120.88 Y76.91
G1 X120.93 Y76.95
G1 X120.99 Y76.99
G1 X121.04 Y77.03
G1 X121.09 Y77.08
G1 X121.14 Y77.12
G1 X121.19 Y77.16
G1 X121.23 Y77.20
G1 X121.28 Y77.25
G1 X121.33 Y77.29
G1 X121.38 Y77.33
G1 X121.43 Y77.38
G1 X121.47 Y77.42
G1 X121.52 Y77.47
G1 X121.56 Y77.52
G1 X121.61 Y77.56
G1 X121.65 Y77.61
G1 X121.70 Y77.66
G1 X121.74 Y77.71
G1 X121.78 Y77.75
G1 X121.83 Y77.80
G1 X121.87 Y77.85
G1 X121.91 Y77.90
G1 X121.95 Y77.95
G1 X121.99 Y78.00
G1 X122.03 Y78.05
G1 X122.07 Y78.11
G1 X122.11 Y78.16
G1 X122.15 Y78.21
G1 X122.19 Y78.26
G1 X122.23 Y78.32
G1 X122.26 Y78.37
G1 X122.30 Y78.42
G1 X122.34 Y78.48
G1 X122.37 Y78.53
G1 X122.41 Y78.59
G1 X122.44 Y78.64
G1 X122.48 Y78.70
G1 X122.51 Y78.75
G1 X122.54 Y78.81
G1 X122.57 Y78.87
G1 X122.61 Y78.93
G1 X122.64 Y78.98
G1 X122.67 Y79.04
G1 X122.70 Y79.10
G1 X122.73 Y79.16
G1 X122.76 Y79.22
G1 X122.78 Y79.28
G1 X122.81 Y79.34
G1 X122.84 Y79.40
G1 X122.86 Y79.46
G1 X122.89 Y79.52
G1 X122.91 Y79.58
G1 X122.94 Y79.64
G1 X122.96 Y79.70
G1 X122.99 Y79.76
G1 X123.01 Y79.83
G1 X123.03 Y79.89
G1 X123.05 Y79.95
G1 X123.07 Y80.02
G1 X123.09 Y80.08
G1 X123.11 Y80.14
G1 X123.13 Y80.21
G1 X123.15 Y80.27
G1 X123.17 Y80.34
G1 X123.18 Y80.40
G1 X123.20 Y80.47
G1 X123.21 Y80.53
G1 X123.23 Y80.60
G1 X123.24 Y80.66
G1 X123.26 Y80.73
G1 X123.27 Y80.79
G1 X123.28 Y80.86
G1 X123.29 Y80.93
G1 X123.30 Y81.00
G1 X123.31 Y81.06
G1 X123.32 Y81.13
G1 X123.33 Y81.20
G1 X123.34 Y81.27
G1 X123.34 Y81.33
G1 X123.35 Y81.40
G1 X123.36 Y81.47
G1 X123.36 Y81.54
G1 X123.37 Y81.61
G1 X123.37 Y81.68
G1 X123.37 Y81.75
G1 X123.37 Y81.82
G1 X123.37 Y81.89
G1 X123.38 Y81.96
G1 X123.38 Y82.58
G1 X126.53 Y82.58
G1 X126.53 Y86.58
G1 X123.38 Y86.58
G1 X123.38 Y89.58
G1 X110.68 Y89.58
G1 X110.68 Y86.58
G1 X107.52 Y86.58
G1 X107.52 Y82.58

; Pass 0 Path 44
G0 X109.51 Y93.53
G1 X114.36 Y93.53 S1000.00 F100
G1 X114.36 Y100.53
G1 X117.36 Y100.53
G1 X117.36 Y93.53
G1 X122.21 Y93.53
G1 X122.21 Y96.53
G1 X125.36 Y96.53
G1 X125.36 Y100.53
G1 X122.21 Y100.53
G1 X122.21 Y101.15
G1 X122.21 Y101.22
G1 X122.21 Y101.30
G1 X122.20 Y101.37
G1 X122.20 Y101.44
G1 X122.20 Y101.52
G1 X122.19 Y101.59
G1 X122.19 Y101.66
G1 X122.18 Y101.74
G1 X122.17 Y101.81
G1 X122.17 Y101.88
G1 X122.16 Y101.95
G1 X122.15 Y102.03
G1 X122.14 Y102.10
G1 X122.13 Y102.17
G1 X122.11 Y102.24
G1 X122.10 Y102.31
G1 X122.09 Y102.38
G1 X122.07 Y102.45
G1 X122.06 Y102.52
G1 X122.04 Y102.59
G1 X122.03 Y102.66
G1 X122.01 Y102.73
G1 X121.99 Y102.80
G1 X121.97 Y102.87
G1 X121.95 Y102.94
G1 X121.93 Y103.00
G1 X121.91 Y103.07
G1 X121.89 Y103.14
G1 X121.87 Y103.21
G1 X121.84 Y103.27
G1 X121.82 Y103.34
G1 X121.80 Y103.41
G1 X124.68 Y106.29
G1 X123.27 Y107.71
G1 X137.84 Y122.28
G1 X142.50 Y122.28
G1 X139.82 Y124.96
G1 X141.80 Y126.94
G1 X141.88 Y126.91
G1 X141.97 Y126.89
G1 X142.06 Y126.87
G1 X142.15 Y126.85
G1 X142.24 Y126.84
G1 X142.34 Y126.83
G1 X142.43 Y126.82
G1 X142.53 Y126.82
G1 X142.59 Y126.82
G1 X142.64 Y126.82
G1 X142.70 Y126.82
G1 X142.76 Y126.83
G1 X142.81 Y126.84
G1 X142.87 Y126.84
G1 X142.93 Y126.85
G1 X142.98 Y126.86
G1 X143.04 Y126.88
G1 X143.09 Y126.89
G1 X143.14 Y126.90
G1 X143.20 Y126.92
G1 X143.25 Y126.94
G1 X143.30 Y126.96
G1 X143.36 Y126.98
G1 X143.41 Y127.00
G1 X143.46 Y127.02
G1 X143.51 Y127.04
G1 X143.56 Y127.07
G1 X143.60 Y127.09
G1 X143.65 Y127.12
G1 X143.70 Y127.15
G1 X143.75 Y127.18
G1 X143.79 Y127.21
G1 X143.84 Y127.24
G1 X143.88 Y127.27
G1 X143.92 Y127.31
G1 X143.97 Y127.34
G1 X144.01 Y127.38
G1 X144.05 Y127.41
G1 X144.09 Y127.45
G1 X144.13 Y127.49
G1 X144.17 Y127.53
G1 X144.20 Y127.57
G1 X144.24 Y127.61
G1 X144.28 Y127.65
G1 X144.31 Y127.69
G1 X144.34 Y127.73
G1 X144.38 Y127.78
G1 X144.41 Y127.82
G1 X144.44 Y127.87
G1 X144.47 Y127.92
G1 X144.49 Y127.96
G1 X144.52 Y128.01
G1 X144.55 Y128.06
G1 X144.57 Y128.11
G1 X144.59 Y128.16
G1 X144.62 Y128.21
G1 X144.64 Y128.26
G1 X144.66 Y128.31
G1 X144.68 Y128.36
G1 X144.69 Y128.42
G1 X144.71 Y128.47
G1 X144.73 Y128.52
G1 X144.74 Y128.58
G1 X144.75 Y128.63
G1 X144.76 Y128.69
G1 X144.77 Y128.74
G1 X144.78 Y128.80
G1 X144.79 Y128.86
G1 X144.79 Y128.91
G1 X144.79 Y128.97
G1 X144.80 Y129.03
G1 X144.80 Y129.09
G1 X144.80 Y129.15
G1 X144.79 Y129.20
G1 X144.79 Y129.26
G1 X144.79 Y129.32
G1 X144.78 Y129.37
G1 X144.77 Y129.43
G1 X144.76 Y129.49
G1 X144.75 Y129.54
G1 X144.74 Y129.60
G1 X144.73 Y129.65
G1 X144.71 Y129.70
G1 X144.69 Y129.76
G1 X144.68 Y129.81
G1 X144.66 Y129.86
G1 X144.64 Y129.92
G1 X144.62 Y129.97
G1 X144.59 Y130.02
G1 X144.57 Y130.07
G1 X144.55 Y130.12
G1 X144.52 Y130.16
G1 X144.49 Y130.21
G1 X144.47 Y130.26
G1 X144.44 Y130.31
G1 X144.41 Y130.35
G1 X144.38 Y130.40
G1 X144.34 Y130.44
G1 X144.31 Y130.48
G1 X144.28 Y130.53
G1 X144.24 Y130.57
G1 X144.20 Y130.61
G1 X144.17 Y130.65
G1 X144.13 Y130.69
G1 X144.09 Y130.73
G1 X144.05 Y130.76
G1 X144.01 Y130.80
G1 X143.97 Y130.84
G1 X143.92 Y130.87
G1 X143.88 Y130.90
G1 X143.84 Y130.94
G1 X143.79 Y130.97
G1 X143.75 Y131.00
G1 X143.70 Y131.03
G1 X143.65 Y131.05
G1 X143.60 Y131.08
G1 X143.56 Y131.11
G1 X143.51 Y131.13
G1 X143.46 Y131.15
G1 X143.41 Y131.18
G1 X143.36 Y131.20
G1 X143.30 Y131.22
G1 X143.25 Y131.24
G1 X143.20 Y131.25
G1 X143.14 Y131.27
G1 X143.09 Y131.29
G1 X143.04 Y131.30
G1 X142.98 Y131.31
G1 X142.93 Y131.32
G1 X142.87 Y131.33
G1 X142.81 Y131.34
G1 X142.76 Y131.35
G1 X142.70 Y131.35
G1 X142.64 Y131.35
G1 X142.59 Y131.36
G1 X142.53 Y131.36
G1 X142.53 Y131.36
G1 X142.47 Y131.36
G1 X142.41 Y131.35
G1 X142.35 Y131.35
G1 X142.30 Y131.35
G1 X142.24 Y131.34
G1 X142.18 Y131.33
G1 X142.13 Y131.32
G1 X142.07 Y131.31
G1 X142.02 Y131.30
G1 X141.96 Y131.29
G1 X141.91 Y131.27
G1 X141.86 Y131.25
G1 X141.80 Y131.24
G1 X141.75 Y131.22
G1 X141.70 Y131.20
G1 X141.65 Y131.18
G1 X141.60 Y131.16
G1 X141.55 Y131.13
G1 X141.50 Y131.11
G1 X141.45 Y131.08
G1 X141.40 Y131.05
G1 X141.36 Y131.03
G1 X141.31 Y131.00
G1 X141.26 Y130.97
G1 X141.22 Y130.94
G1 X141.17 Y130.90
G1 X141.13 Y130.87
G1 X141.09 Y130.84
G1 X141.05 Y130.80
G1 X141.01 Y130.76
G1 X140.97 Y130.73
G1 X140.93 Y130.69
G1 X140.89 Y130.65
G1 X140.85 Y130.61
G1 X140.82 Y130.57
G1 X140.78 Y130.53
G1 X140.75 Y130.48
G1 X140.71 Y130.44
G1 X140.68 Y130.40
G1 X140.65 Y130.35
G1 X140.62 Y130.31
G1 X140.59 Y130.26
G1 X140.56 Y130.21
G1 X140.53 Y130.16
G1 X140.51 Y130.12
G1 X140.48 Y130.07
G1 X140.46 Y130.02
G1 X140.44 Y129.97
G1 X140.42 Y129.92
G1 X140.40 Y129.86
G1 X140.38 Y129.81
G1 X140.36 Y129.76
G1 X140.35 Y129.70
G1 X140.33 Y129.65
G1 X140.32 Y129.60
G1 X140.31 Y129.54
G1 X140.29 Y129.49
G1 X140.28 Y129.43
G1 X140.28 Y129.37
G1 X140.27 Y129.32
G1 X140.27 Y129.26
G1 X140.26 Y129.20
G1 X140.26 Y129.15
G1 X140.26 Y129.09
G1 X140.26 Y128.99
G1 X140.27 Y128.90
G1 X140.28 Y128.80
G1 X140.29 Y128.71
G1 X140.31 Y128.62
G1 X140.33 Y128.53
G1 X140.35 Y128.44
G1 X140.38 Y128.36
G1 X138.40 Y126.38
G1 X135.72 Y129.06
G1 X135.72 Y124.40
G1 X121.15 Y109.83
G1 X119.73 Y111.24
G1 X115.99 Y107.50
G1 X115.99 Y107.50
G1 X115.92 Y107.50
G1 X115.86 Y107.50
G1 X115.78 Y107.50
G1 X115.69 Y107.50
G1 X115.61 Y107.49
G1 X115.53 Y107.49
G1 X115.45 Y107.48
G1 X115.37 Y107.48
G1 X115.29 Y107.47
G1 X115.21 Y107.46
G1 X115.13 Y107.46
G1 X115.05 Y107.45
G1 X114.97 Y107.44
G1 X114.89 Y107.42
G1 X114.81 Y107.41
G1 X114.73 Y107.40
G1 X114.66 Y107.38
G1 X114.58 Y107.37
G1 X114.50 Y107.35
G1 X114.42 Y107.34
G1 X114.35 Y107.32
G1 X114.27 Y107.30
G1 X114.20 Y107.28
G1 X114.12 Y107.26
G1 X114.04 Y107.23
G1 X113.97 Y107.21
G1 X113.90 Y107.19
G1 X113.82 Y107.16
G1 X113.75 Y107.14
G1 X113.67 Y107.11
G1 X113.60 Y107.09
G1 X113.53 Y107.06
G1 X113.46 Y107.03
G1 X113.39 Y107.00
G1 X113.32 Y106.97
G1 X113.24 Y106.94
G1 X113.17 Y106.90
G1 X113.10 Y106.87
G1 X113.04 Y106.84
G1 X112.97 Y106.80
G1 X112.90 Y106.77
G1 X112.83 Y106.73
G1 X112.76 Y106.69
G1 X112.70 Y106.66
G1 X112.63 Y106.62
G1 X112.57 Y106.58
G1 X112.50 Y106.54
G1 X112.44 Y106.50
G1 X112.37 Y106.46
G1 X112.31 Y106.41
G1 X112.24 Y106.37
G1 X112.18 Y106.33
G1 X112.12 Y106.28
G1 X112.06 Y106.24
G1 X112.00 Y106.19
G1 X111.94 Y106.14
G1 X111.88 Y106.10
G1 X111.82 Y106.05
G1 X111.76 Y106.00
G1 X111.70 Y105.95
G1 X111.65 Y105.90
G1 X111.59 Y105.85
G1 X111.53 Y105.80
G1 X111.48 Y105.74
G1 X111.42 Y105.69
G1 X111.37 Y105.64
G1 X111.31 Y105.58
G1 X111.26 Y105.53
G1 X111.21 Y105.47
G1 X111.16 Y105.42
G1 X111.11 Y105.36
G1 X111.06 Y105.30
G1 X111.01 Y105.25
G1 X110.96 Y105.19
G1 X110.91 Y105.13
G1 X110.86 Y105.07
G1 X110.82 Y105.01
G1 X110.77 Y104.95
G1 X110.72 Y104.89
G1 X110.68 Y104.82
G1 X110.64 Y104.76
G1 X110.59 Y104.70
G1 X110.55 Y104.63
G1 X110.51 Y104.57
G1 X110.47 Y104.51
G1 X110.43 Y104.44
G1 X110.39 Y104.37
G1 X110.35 Y104.31
G1 X110.31 Y104.24
G1 X110.27 Y104.17
G1 X110.24 Y104.11
G1 X110.20 Y104.04
G1 X110.17 Y103.97
G1 X110.13 Y103.90
G1 X110.10 Y103.83
G1 X110.07 Y103.76
G1 X110.04 Y103.69
G1 X110.01 Y103.62
G1 X109.98 Y103.55
G1 X109.95 Y103.48
G1 X109.92 Y103.40
G1 X109.89 Y103.33
G1 X109.87 Y103.26
G1 X109.84 Y103.18
G1 X109.82 Y103.11
G1 X109.79 Y103.04
G1 X109.77 Y102.96
G1 X109.75 Y102.89
G1 X109.73 Y102.81
G1 X109.71 Y102.73
G1 X109.69 Y102.66
G1 X109.67 Y102.58
G1 X109.65 Y102.50
G1 X109.64 Y102.43
G1 X109.62 Y102.35
G1 X109.61 Y102.27
G1 X109.59 Y102.19
G1 X109.58 Y102.11
G1 X109.57 Y102.04
G1 X109.56 Y101.96
G1 X109.55 Y101.88
G1 X109.54 Y101.80
G1 X109.53 Y101.72
G1 X109.53 Y101.64
G1 X109.52 Y101.56
G1 X109.52 Y101.47
G1 X109.51 Y101.39
G1 X109.51 Y101.31
G1 X109.51 Y101.23
G1 X109.51 Y101.15
G1 X109.51 Y100.53
G1 X106.36 Y100.53
G1 X106.36 Y96.53
G1 X109.51 Y96.53
G1 X109.51 Y93.53

; Pass 0 Path 45
G0 X114.46 Y114.52
G1 X114.51 Y114.51 S1000.00 F100
G1 X114.57 Y114.50
G1 X114.62 Y114.49
G1 X114.68 Y114.48
G1 X114.74 Y114.47
G1 X114.79 Y114.47
G1 X114.85 Y114.46
G1 X114.91 Y114.46
G1 X114.97 Y114.46
G1 X114.97 Y114.46
G1 X115.02 Y114.46
G1 X115.08 Y114.46
G1 X115.14 Y114.47
G1 X115.20 Y114.47
G1 X115.25 Y114.48
G1 X115.31 Y114.49
G1 X115.37 Y114.50
G1 X115.42 Y114.51
G1 X115.48 Y114.52
G1 X115.53 Y114.53
G1 X115.58 Y114.55
G1 X115.64 Y114.56
G1 X115.69 Y114.58
G1 X115.74 Y114.60
G1 X115.79 Y114.62
G1 X115.85 Y114.64
G1 X115.90 Y114.66
G1 X115.95 Y114.69
G1 X115.99 Y114.71
G1 X116.04 Y114.74
G1 X116.09 Y114.76
G1 X116.14 Y114.79
G1 X116.18 Y114.82
G1 X116.23 Y114.85
G1 X116.28 Y114.88
G1 X116.32 Y114.91
G1 X116.36 Y114.95
G1 X116.41 Y114.98
G1 X116.45 Y115.02
G1 X116.49 Y115.05
G1 X116.53 Y115.09
G1 X116.57 Y115.13
G1 X116.61 Y115.17
G1 X116.64 Y115.21
G1 X116.68 Y115.25
G1 X116.71 Y115.29
G1 X116.75 Y115.33
G1 X116.78 Y115.38
G1 X116.81 Y115.42
G1 X116.85 Y115.47
G1 X116.88 Y115.51
G1 X116.90 Y115.56
G1 X116.93 Y115.60
G1 X116.96 Y115.65
G1 X116.99 Y115.70
G1 X117.01 Y115.75
G1 X117.03 Y115.80
G1 X117.06 Y115.85
G1 X117.08 Y115.90
G1 X117.10 Y115.95
G1 X117.12 Y116.01
G1 X117.13 Y116.06
G1 X117.15 Y116.11
G1 X117.16 Y116.17
G1 X117.18 Y116.22
G1 X117.19 Y116.28
G1 X117.20 Y116.33
G1 X117.21 Y116.39
G1 X117.22 Y116.44
G1 X117.22 Y116.50
G1 X117.23 Y116.56
G1 X117.23 Y116.61
G1 X117.24 Y116.67
G1 X117.24 Y116.73
G1 X117.23 Y116.82
G1 X117.23 Y116.92
G1 X117.22 Y117.01
G1 X117.20 Y117.10
G1 X117.19 Y117.20
G1 X117.17 Y117.29
G1 X117.14 Y117.37
G1 X117.11 Y117.46
G1 X119.09 Y119.44
G1 X121.78 Y116.75
G1 X121.78 Y121.42
G1 X136.35 Y135.99
G1 X137.76 Y134.58
G1 X141.51 Y138.32
G1 X141.51 Y138.32
G1 X141.57 Y138.32
G1 X141.64 Y138.32
G1 X141.72 Y138.32
G1 X141.80 Y138.32
G1 X141.88 Y138.32
G1 X141.96 Y138.33
G1 X142.04 Y138.33
G1 X142.12 Y138.34
G1 X142.21 Y138.34
G1 X142.29 Y138.35
G1 X142.37 Y138.36
G1 X142.45 Y138.37
G1 X142.52 Y138.38
G1 X142.60 Y138.39
G1 X142.68 Y138.40
G1 X142.76 Y138.42
G1 X142.84 Y138.43
G1 X142.92 Y138.45
G1 X142.99 Y138.46
G1 X143.07 Y138.48
G1 X143.15 Y138.50
G1 X143.22 Y138.52
G1 X143.30 Y138.54
G1 X143.37 Y138.56
G1 X143.45 Y138.58
G1 X143.52 Y138.60
G1 X143.60 Y138.63
G1 X143.67 Y138.65
G1 X143.75 Y138.68
G1 X143.82 Y138.70
G1 X143.89 Y138.73
G1 X143.96 Y138.76
G1 X144.04 Y138.79
G1 X144.11 Y138.82
G1 X144.18 Y138.85
G1 X144.25 Y138.88
G1 X144.32 Y138.91
G1 X144.39 Y138.95
G1 X144.46 Y138.98
G1 X144.53 Y139.01
G1 X144.60 Y139.05
G1 X144.66 Y139.09
G1 X144.73 Y139.12
G1 X144.80 Y139.16
G1 X144.86 Y139.20
G1 X144.93 Y139.24
G1 X144.99 Y139.28
G1 X145.06 Y139.32
G1 X145.12 Y139.36
G1 X145.19 Y139.40
G1 X145.25 Y139.45
G1 X145.31 Y139.49
G1 X145.37 Y139.54
G1 X145.44 Y139.58
G1 X145.50 Y139.63
G1 X145.56 Y139.67
G1 X145.62 Y139.72
G1 X145.68 Y139.77
G1 X145.73 Y139.82
G1 X145.79 Y139.87
G1 X145.85 Y139.92
G1 X145.91 Y139.97
G1 X145.96 Y140.02
G1 X146.02 Y140.07
G1 X146.07 Y140.13
G1 X146.13 Y140.18
G1 X146.18 Y140.23
G1 X146.23 Y140.29
G1 X146.29 Y140.34
G1 X146.34 Y140.40
G1 X146.39 Y140.46
G1 X146.44 Y140.51
G1 X146.49 Y140.57
G1 X146.54 Y140.63
G1 X146.58 Y140.69
G1 X146.63 Y140.75
G1 X146.68 Y140.81
G1 X146.72 Y140.87
G1 X146.77 Y140.93
G1 X146.81 Y140.99
G1 X146.86 Y141.06
G1 X146.90 Y141.12
G1 X146.94 Y141.18
G1 X146.99 Y141.25
G1 X147.03 Y141.31
G1 X147.07 Y141.38
G1 X147.11 Y141.44
G1 X147.15 Y141.51
G1 X147.18 Y141.58
G1 X147.22 Y141.64
G1 X147.26 Y141.71
G1 X147.29 Y141.78
G1 X147.33 Y141.85
G1 X147.36 Y141.92
G1 X147.39 Y141.99
G1 X147.43 Y142.06
G1 X147.46 Y142.13
G1 X147.49 Y142.20
G1 X147.52 Y142.27
G1 X147.55 Y142.34
G1 X147.57 Y142.41
G1 X147.60 Y142.49
G1 X147.63 Y142.56
G1 X147.65 Y142.63
G1 X147.68 Y142.71
G1 X147.70 Y142.78
G1 X147.72 Y142.86
G1 X147.75 Y142.93
G1 X147.77 Y143.01
G1 X147.79 Y143.08
G1 X147.81 Y143.16
G1 X147.82 Y143.24
G1 X147.84 Y143.31
G1 X147.86 Y143.39
G1 X147.87 Y143.47
G1 X147.89 Y143.55
G1 X147.90 Y143.62
G1 X147.91 Y143.70
G1 X147.92 Y143.78
G1 X147.94 Y143.86
G1 X147.94 Y143.94
G1 X147.95 Y144.02
G1 X147.96 Y144.10
G1 X147.97 Y144.18
G1 X147.97 Y144.26
G1 X147.98 Y144.34
G1 X147.98 Y144.42
G1 X147.98 Y144.51
G1 X147.99 Y144.59
G1 X147.99 Y144.67
G1 X147.99 Y145.29
G1 X151.14 Y145.29
G1 X151.14 Y149.29
G1 X147.99 Y149.29
G1 X147.99 Y152.29
G1 X143.14 Y152.29
G1 X143.14 Y145.29
G1 X140.14 Y145.29
G1 X140.14 Y152.29
G1 X135.29 Y152.29
G1 X135.29 Y149.29
G1 X132.14 Y149.29
G1 X132.14 Y145.29
G1 X135.29 Y145.29
G1 X135.29 Y144.67
G1 X135.29 Y144.59
G1 X135.29 Y144.52
G1 X135.29 Y144.45
G1 X135.29 Y144.37
G1 X135.30 Y144.30
G1 X135.30 Y144.23
G1 X135.31 Y144.15
G1 X135.31 Y144.08
G1 X135.32 Y144.01
G1 X135.33 Y143.93
G1 X135.34 Y143.86
G1 X135.35 Y143.79
G1 X135.36 Y143.72
G1 X135.37 Y143.65
G1 X135.38 Y143.58
G1 X135.39 Y143.51
G1 X135.41 Y143.43
G1 X135.42 Y143.36
G1 X135.44 Y143.29
G1 X135.45 Y143.22
G1 X135.47 Y143.15
G1 X135.49 Y143.09
G1 X135.50 Y143.02
G1 X135.52 Y142.95
G1 X135.54 Y142.88
G1 X135.56 Y142.81
G1 X135.58 Y142.74
G1 X135.60 Y142.68
G1 X135.63 Y142.61
G1 X135.65 Y142.54
G1 X135.67 Y142.48
G1 X135.70 Y142.41
G1 X132.81 Y139.52
G1 X134.23 Y138.11
G1 X119.66 Y123.54
G1 X114.99 Y123.54
G1 X117.68 Y120.86
G1 X115.70 Y118.88
G1 X115.61 Y118.90
G1 X115.52 Y118.93
G1 X115.43 Y118.95
G1 X115.34 Y118.97
G1 X115.25 Y118.98
G1 X115.16 Y118.99
G1 X115.06 Y119.00
G1 X114.97 Y119.00
G1 X114.91 Y119.00
G1 X114.85 Y119.00
G1 X114.79 Y118.99
G1 X114.74 Y118.99
G1 X114.68 Y118.98
G1 X114.62 Y118.97
G1 X114.57 Y118.96
G1 X114.51 Y118.95
G1 X114.46 Y118.94
G1 X114.40 Y118.93
G1 X114.35 Y118.91
G1 X114.30 Y118.90
G1 X114.24 Y118.88
G1 X114.19 Y118.86
G1 X114.14 Y118.84
G1 X114.09 Y118.82
G1 X114.04 Y118.80
G1 X113.99 Y118.77
G1 X113.94 Y118.75
G1 X113.89 Y118.72
G1 X113.84 Y118.70
G1 X113.79 Y118.67
G1 X113.75 Y118.64
G1 X113.70 Y118.61
G1 X113.66 Y118.58
G1 X113.61 Y118.54
G1 X113.57 Y118.51
G1 X113.53 Y118.48
G1 X113.49 Y118.44
G1 X113.45 Y118.41
G1 X113.41 Y118.37
G1 X113.37 Y118.33
G1 X113.33 Y118.29
G1 X113.29 Y118.25
G1 X113.25 Y118.21
G1 X113.22 Y118.17
G1 X113.18 Y118.13
G1 X113.15 Y118.08
G1 X113.12 Y118.04
G1 X113.09 Y117.99
G1 X113.06 Y117.95
G1 X113.03 Y117.90
G1 X113.00 Y117.85
G1 X112.97 Y117.81
G1 X112.95 Y117.76
G1 X112.92 Y117.71
G1 X112.90 Y117.66
G1 X112.88 Y117.61
G1 X112.86 Y117.56
G1 X112.84 Y117.50
G1 X112.82 Y117.45
G1 X112.80 Y117.40
G1 X112.78 Y117.35
G1 X112.77 Y117.29
G1 X112.76 Y117.24
G1 X112.74 Y117.18
G1 X112.73 Y117.13
G1 X112.72 Y117.07
G1 X112.72 Y117.02
G1 X112.71 Y116.96
G1 X112.70 Y116.90
G1 X112.70 Y116.84
G1 X112.70 Y116.79
G1 X112.70 Y116.73
G1 X112.70 Y116.67
G1 X112.70 Y116.61
G1 X112.70 Y116.56
G1 X112.71 Y116.50
G1 X112.72 Y116.44
G1 X112.72 Y116.39
G1 X112.73 Y116.33
G1 X112.74 Y116.28
G1 X112.76 Y116.22
G1 X112.77 Y116.17
G1 X112.78 Y116.11
G1 X112.80 Y116.06
G1 X112.82 Y116.01
G1 X112.84 Y115.95
G1 X112.86 Y115.90
G1 X112.88 Y115.85
G1 X112.90 Y115.80
G1 X112.92 Y115.75
G1 X112.95 Y115.70
G1 X112.97 Y115.65
G1 X113.00 Y115.60
G1 X113.03 Y115.56
G1 X113.06 Y115.51
G1 X113.09 Y115.47
G1 X113.12 Y115.42
G1 X113.15 Y115.38
G1 X113.18 Y115.33
G1 X113.22 Y115.29
G1 X113.25 Y115.25
G1 X113.29 Y115.21
G1 X113.33 Y115.17
G1 X113.37 Y115.13
G1 X113.41 Y115.09
G1 X113.45 Y115.05
G1 X113.49 Y115.02
G1 X113.53 Y114.98
G1 X113.57 Y114.95
G1 X113.61 Y114.91
G1 X113.66 Y114.88
G1 X113.70 Y114.85
G1 X113.75 Y114.82
G1 X113.79 Y114.79
G1 X113.84 Y114.76
G1 X113.89 Y114.74
G1 X113.94 Y114.71
G1 X113.99 Y114.69
G1 X114.04 Y114.66
G1 X114.09 Y114.64
G1 X114.14 Y114.62
G1 X114.19 Y114.60
G1 X114.24 Y114.58
G1 X114.30 Y114.56
G1 X114.35 Y114.55
G1 X114.40 Y114.53
G1 X114.46 Y114.52

; Pass 0 Path 46
G0 X131.66 Y100.53
G1 X131.66 Y96.53 S1000.00 F100
G1 X134.81 Y96.53
G1 X134.81 Y93.53
G1 X147.51 Y93.53
G1 X147.51 Y96.53
G1 X150.66 Y96.53
G1 X150.66 Y100.53
G1 X147.51 Y100.53
G1 X147.51 Y101.15
G1 X147.51 Y101.22
G1 X147.51 Y101.29
G1 X147.50 Y101.36
G1 X147.50 Y101.43
G1 X147.50 Y101.50
G1 X147.49 Y101.56
G1 X147.49 Y101.63
G1 X147.48 Y101.70
G1 X147.48 Y101.77
G1 X147.47 Y101.84
G1 X147.46 Y101.91
G1 X147.45 Y101.97
G1 X147.45 Y102.04
G1 X147.44 Y102.11
G1 X147.42 Y102.18
G1 X147.41 Y102.24
G1 X147.40 Y102.31
G1 X147.39 Y102.38
G1 X147.38 Y102.44
G1 X147.36 Y102.51
G1 X147.35 Y102.57
G1 X147.33 Y102.64
G1 X147.32 Y102.70
G1 X147.30 Y102.77
G1 X147.28 Y102.83
G1 X147.26 Y102.90
G1 X147.24 Y102.96
G1 X147.23 Y103.03
G1 X147.21 Y103.09
G1 X147.18 Y103.15
G1 X147.16 Y103.22
G1 X147.14 Y103.28
G1 X147.12 Y103.34
G1 X147.10 Y103.40
G1 X147.07 Y103.46
G1 X147.05 Y103.53
G1 X147.02 Y103.59
G1 X147.00 Y103.65
G1 X146.97 Y103.71
G1 X146.94 Y103.77
G1 X146.92 Y103.83
G1 X146.89 Y103.89
G1 X146.86 Y103.95
G1 X146.83 Y104.00
G1 X146.80 Y104.06
G1 X146.77 Y104.12
G1 X146.74 Y104.18
G1 X146.71 Y104.24
G1 X146.67 Y104.29
G1 X146.64 Y104.35
G1 X146.61 Y104.41
G1 X146.57 Y104.46
G1 X146.54 Y104.52
G1 X146.51 Y104.57
G1 X146.47 Y104.63
G1 X146.43 Y104.68
G1 X146.40 Y104.74
G1 X146.36 Y104.79
G1 X146.32 Y104.84
G1 X146.28 Y104.89
G1 X146.25 Y104.95
G1 X146.21 Y105.00
G1 X146.17 Y105.05
G1 X146.13 Y105.10
G1 X146.09 Y105.15
G1 X146.04 Y105.20
G1 X146.00 Y105.25
G1 X145.96 Y105.30
G1 X145.92 Y105.35
G1 X145.87 Y105.40
G1 X145.83 Y105.45
G1 X145.79 Y105.49
G1 X145.74 Y105.54
G1 X145.70 Y105.59
G1 X145.65 Y105.63
G1 X145.60 Y105.68
G1 X145.56 Y105.73
G1 X145.51 Y105.77
G1 X145.46 Y105.81
G1 X145.42 Y105.86
G1 X145.37 Y105.90
G1 X145.32 Y105.94
G1 X145.27 Y105.99
G1 X145.22 Y106.03
G1 X145.17 Y106.07
G1 X145.12 Y106.11
G1 X145.07 Y106.15
G1 X145.02 Y106.19
G1 X144.96 Y106.23
G1 X144.91 Y106.27
G1 X144.86 Y106.31
G1 X144.81 Y106.35
G1 X144.75 Y106.38
G1 X144.70 Y106.42
G1 X144.64 Y106.46
G1 X144.59 Y106.49
G1 X144.53 Y106.53
G1 X144.48 Y106.56
G1 X144.42 Y106.59
G1 X144.37 Y106.63
G1 X144.31 Y106.66
G1 X144.25 Y106.69
G1 X144.20 Y106.72
G1 X144.14 Y106.76
G1 X144.08 Y106.79
G1 X144.02 Y106.82
G1 X143.96 Y106.85
G1 X143.90 Y106.87
G1 X143.85 Y106.90
G1 X143.79 Y106.93
G1 X143.73 Y106.96
G1 X143.67 Y106.98
G1 X143.60 Y107.01
G1 X143.54 Y107.03
G1 X143.48 Y107.06
G1 X143.42 Y107.08
G1 X143.36 Y107.11
G1 X143.30 Y107.13
G1 X143.23 Y107.15
G1 X143.17 Y107.17
G1 X143.11 Y107.19
G1 X143.04 Y107.21
G1 X142.98 Y107.23
G1 X142.92 Y107.25
G1 X142.85 Y107.27
G1 X142.79 Y107.29
G1 X142.72 Y107.30
G1 X142.66 Y107.32
G1 X142.66 Y100.53
G1 X139.66 Y100.53
G1 X139.66 Y107.32
G1 X139.59 Y107.30
G1 X139.53 Y107.29
G1 X139.46 Y107.27
G1 X139.40 Y107.25
G1 X139.34 Y107.23
G1 X139.27 Y107.21
G1 X139.21 Y107.19
G1 X139.14 Y107.17
G1 X139.08 Y107.15
G1 X139.02 Y107.13
G1 X138.96 Y107.11
G1 X138.90 Y107.08
G1 X138.83 Y107.06
G1 X138.77 Y107.03
G1 X138.71 Y107.01
G1 X138.65 Y106.98
G1 X138.59 Y106.96
G1 X138.53 Y106.93
G1 X138.47 Y106.90
G1 X138.41 Y106.87
G1 X138.35 Y106.85
G1 X138.29 Y106.82
G1 X138.23 Y106.79
G1 X138.18 Y106.76
G1 X138.12 Y106.72
G1 X138.06 Y106.69
G1 X138.01 Y106.66
G1 X137.95 Y106.63
G1 X137.89 Y106.59
G1 X137.84 Y106.56
G1 X137.78 Y106.53
G1 X137.73 Y106.49
G1 X137.67 Y106.46
G1 X137.62 Y106.42
G1 X137.56 Y106.38
G1 X137.51 Y106.35
G1 X137.46 Y106.31
G1 X137.40 Y106.27
G1 X137.35 Y106.23
G1 X137.30 Y106.19
G1 X137.25 Y106.15
G1 X137.20 Y106.11
G1 X137.15 Y106.07
G1 X137.10 Y106.03
G1 X137.05 Y105.99
G1 X137.00 Y105.94
G1 X136.95 Y105.90
G1 X136.90 Y105.86
G1 X136.85 Y105.81
G1 X136.80 Y105.77
G1 X136.76 Y105.73
G1 X136.71 Y105.68
G1 X136.67 Y105.63
G1 X136.62 Y105.59
G1 X136.57 Y105.54
G1 X136.53 Y105.49
G1 X136.49 Y105.45
G1 X136.44 Y105.40
G1 X136.40 Y105.35
G1 X136.36 Y105.30
G1 X136.31 Y105.25
G1 X136.27 Y105.20
G1 X136.23 Y105.15
G1 X136.19 Y105.10
G1 X136.15 Y105.05
G1 X136.11 Y105.00
G1 X136.07 Y104.95
G1 X136.03 Y104.89
G1 X135.99 Y104.84
G1 X135.96 Y104.79
G1 X135.92 Y104.74
G1 X135.88 Y104.68
G1 X135.85 Y104.63
G1 X135.81 Y104.57
G1 X135.78 Y104.52
G1 X135.74 Y104.46
G1 X135.71 Y104.41
G1 X135.67 Y104.35
G1 X135.64 Y104.29
G1 X135.61 Y104.24
G1 X135.58 Y104.18
G1 X135.55 Y104.12
G1 X135.52 Y104.06
G1 X135.49 Y104.00
G1 X135.46 Y103.95
G1 X135.43 Y103.89
G1 X135.40 Y103.83
G1 X135.37 Y103.77
G1 X135.35 Y103.71
G1 X135.32 Y103.65
G1 X135.29 Y103.59
G1 X135.27 Y103.53
G1 X135.24 Y103.46
G1 X135.22 Y103.40
G1 X135.20 Y103.34
G1 X135.17 Y103.28
G1 X135.15 Y103.22
G1 X135.13 Y103.15
G1 X135.11 Y103.09
G1 X135.09 Y103.03
G1 X135.07 Y102.96
G1 X135.05 Y102.90
G1 X135.03 Y102.83
G1 X135.02 Y102.77
G1 X135.00 Y102.70
G1 X134.98 Y102.64
G1 X134.97 Y102.57
G1 X134.95 Y102.51
G1 X134.94 Y102.44
G1 X134.93 Y102.38
G1 X134.91 Y102.31
G1 X134.90 Y102.24
G1 X134.89 Y102.18
G1 X134.88 Y102.11
G1 X134.87 Y102.04
G1 X134.86 Y101.97
G1 X134.85 Y101.91
G1 X134.84 Y101.84
G1 X134.84 Y101.77
G1 X134.83 Y101.70
G1 X134.83 Y101.63
G1 X134.82 Y101.56
G1 X134.82 Y101.50
G1 X134.81 Y101.43
G1 X134.81 Y101.36
G1 X134.81 Y101.29
G1 X134.81 Y101.22
G1 X134.81 Y101.15
G1 X134.81 Y100.53
G1 X131.66 Y100.53

; Pass 0 Path 47
G0 X135.97 Y89.58
G1 X135.97 Y86.58 S1000.00 F100
G1 X132.83 Y86.58
G1 X132.83 Y82.58
G1 X135.97 Y82.58
G1 X135.97 Y81.96
G1 X135.98 Y81.88
G1 X135.98 Y81.81
G1 X135.98 Y81.73
G1 X135.98 Y81.66
G1 X135.99 Y81.59
G1 X135.99 Y81.51
G1 X136.00 Y81.44
G1 X136.00 Y81.37
G1 X136.01 Y81.29
G1 X136.02 Y81.22
G1 X136.03 Y81.15
G1 X136.04 Y81.08
G1 X136.05 Y81.01
G1 X136.06 Y80.94
G1 X136.07 Y80.86
G1 X136.08 Y80.79
G1 X136.09 Y80.72
G1 X136.11 Y80.65
G1 X136.12 Y80.58
G1 X136.14 Y80.51
G1 X136.16 Y80.44
G1 X136.17 Y80.37
G1 X136.19 Y80.30
G1 X136.21 Y80.24
G1 X136.23 Y80.17
G1 X136.25 Y80.10
G1 X136.27 Y80.03
G1 X136.29 Y79.97
G1 X136.32 Y79.90
G1 X136.34 Y79.83
G1 X136.36 Y79.77
G1 X136.39 Y79.70
G1 X133.50 Y76.81
G1 X134.91 Y75.40
G1 X120.35 Y60.83
G1 X115.68 Y60.83
G1 X118.37 Y58.14
G1 X116.39 Y56.16
G1 X116.30 Y56.19
G1 X116.21 Y56.22
G1 X116.12 Y56.24
G1 X116.03 Y56.26
G1 X115.94 Y56.27
G1 X115.84 Y56.28
G1 X115.75 Y56.28
G1 X115.66 Y56.29
G1 X115.60 Y56.29
G1 X115.54 Y56.28
G1 X115.48 Y56.28
G1 X115.43 Y56.28
G1 X115.37 Y56.27
G1 X115.31 Y56.26
G1 X115.26 Y56.25
G1 X115.20 Y56.24
G1 X115.15 Y56.23
G1 X115.09 Y56.21
G1 X115.04 Y56.20
G1 X114.98 Y56.18
G1 X114.93 Y56.17
G1 X114.88 Y56.15
G1 X114.83 Y56.13
G1 X114.78 Y56.11
G1 X114.73 Y56.08
G1 X114.68 Y56.06
G1 X114.63 Y56.04
G1 X114.58 Y56.01
G1 X114.53 Y55.98
G1 X114.48 Y55.96
G1 X114.44 Y55.93
G1 X114.39 Y55.90
G1 X114.35 Y55.86
G1 X114.30 Y55.83
G1 X114.26 Y55.80
G1 X114.22 Y55.76
G1 X114.17 Y55.73
G1 X114.13 Y55.69
G1 X114.09 Y55.66
G1 X114.05 Y55.62
G1 X114.02 Y55.58
G1 X113.98 Y55.54
G1 X113.94 Y55.50
G1 X113.91 Y55.46
G1 X113.87 Y55.41
G1 X113.84 Y55.37
G1 X113.81 Y55.33
G1 X113.78 Y55.28
G1 X113.75 Y55.24
G1 X113.72 Y55.19
G1 X113.69 Y55.14
G1 X113.66 Y55.09
G1 X113.64 Y55.05
G1 X113.61 Y55.00
G1 X113.59 Y54.95
G1 X113.57 Y54.90
G1 X113.54 Y54.84
G1 X113.52 Y54.79
G1 X113.51 Y54.74
G1 X113.49 Y54.69
G1 X113.47 Y54.63
G1 X113.46 Y54.58
G1 X113.44 Y54.53
G1 X113.43 Y54.47
G1 X113.42 Y54.42
G1 X113.41 Y54.36
G1 X113.40 Y54.30
G1 X113.40 Y54.25
G1 X113.39 Y54.19
G1 X113.39 Y54.13
G1 X113.39 Y54.08
G1 X113.39 Y54.02
G1 X113.39 Y53.96
G1 X113.39 Y53.90
G1 X113.39 Y53.84
G1 X113.40 Y53.79
G1 X113.40 Y53.73
G1 X113.41 Y53.67
G1 X113.42 Y53.62
G1 X113.43 Y53.56
G1 X113.44 Y53.51
G1 X113.46 Y53.45
G1 X113.47 Y53.40
G1 X113.49 Y53.35
G1 X113.51 Y53.29
G1 X113.52 Y53.24
G1 X113.54 Y53.19
G1 X113.57 Y53.14
G1 X113.59 Y53.09
G1 X113.61 Y53.04
G1 X113.64 Y52.99
G1 X113.66 Y52.94
G1 X113.69 Y52.89
G1 X113.72 Y52.85
G1 X113.75 Y52.80
G1 X113.78 Y52.75
G1 X113.81 Y52.71
G1 X113.84 Y52.66
G1 X113.87 Y52.62
G1 X113.91 Y52.58
G1 X113.94 Y52.54
G1 X113.98 Y52.50
G1 X114.02 Y52.46
G1 X114.05 Y52.42
G1 X114.09 Y52.38
G1 X114.13 Y52.34
G1 X114.17 Y52.31
G1 X114.22 Y52.27
G1 X114.26 Y52.24
G1 X114.30 Y52.20
G1 X114.35 Y52.17
G1 X114.39 Y52.14
G1 X114.44 Y52.11
G1 X114.48 Y52.08
G1 X114.53 Y52.05
G1 X114.58 Y52.02
G1 X114.63 Y52.00
G1 X114.68 Y51.97
G1 X114.73 Y51.95
G1 X114.78 Y51.93
G1 X114.83 Y51.91
G1 X114.88 Y51.89
G1 X114.93 Y51.87
G1 X114.98 Y51.85
G1 X115.04 Y51.83
G1 X115.09 Y51.82
G1 X115.15 Y51.81
G1 X115.20 Y51.79
G1 X115.26 Y51.78
G1 X115.31 Y51.77
G1 X115.37 Y51.77
G1 X115.43 Y51.76
G1 X115.48 Y51.75
G1 X115.54 Y51.75
G1 X115.60 Y51.75
G1 X115.66 Y51.75
G1 X115.66 Y51.75
G1 X115.71 Y51.75
G1 X115.77 Y51.75
G1 X115.83 Y51.75
G1 X115.89 Y51.76
G1 X115.94 Y51.77
G1 X116.00 Y51.77
G1 X116.05 Y51.78
G1 X116.11 Y51.79
G1 X116.16 Y51.81
G1 X116.22 Y51.82
G1 X116.27 Y51.83
G1 X116.33 Y51.85
G1 X116.38 Y51.87
G1 X116.43 Y51.89
G1 X116.48 Y51.91
G1 X116.53 Y51.93
G1 X116.58 Y51.95
G1 X116.63 Y51.97
G1 X116.68 Y52.00
G1 X116.73 Y52.02
G1 X116.78 Y52.05
G1 X116.83 Y52.08
G1 X116.87 Y52.11
G1 X116.92 Y52.14
G1 X116.96 Y52.17
G1 X117.01 Y52.20
G1 X117.05 Y52.24
G1 X117.09 Y52.27
G1 X117.14 Y52.31
G1 X117.18 Y52.34
G1 X117.22 Y52.38
G1 X117.26 Y52.42
G1 X117.29 Y52.46
G1 X117.33 Y52.50
G1 X117.37 Y52.54
G1 X117.40 Y52.58
G1 X117.44 Y52.62
G1 X117.47 Y52.66
G1 X117.50 Y52.71
G1 X117.53 Y52.75
G1 X117.56 Y52.80
G1 X117.59 Y52.85
G1 X117.62 Y52.89
G1 X117.65 Y52.94
G1 X117.67 Y52.99
G1 X117.70 Y53.04
G1 X117.72 Y53.09
G1 X117.74 Y53.14
G1 X117.77 Y53.19
G1 X117.79 Y53.24
G1 X117.80 Y53.29
G1 X117.82 Y53.35
G1 X117.84 Y53.40
G1 X117.85 Y53.45
G1 X117.87 Y53.51
G1 X117.88 Y53.56
G1 X117.89 Y53.62
G1 X117.90 Y53.67
G1 X117.91 Y53.73
G1 X117.91 Y53.79
G1 X117.92 Y53.84
G1 X117.92 Y53.90
G1 X117.92 Y53.96
G1 X117.92 Y54.02
G1 X117.92 Y54.11
G1 X117.92 Y54.21
G1 X117.91 Y54.30
G1 X117.89 Y54.39
G1 X117.88 Y54.48
G1 X117.85 Y54.57
G1 X117.83 Y54.66
G1 X117.80 Y54.75
G1 X119.78 Y56.73
G1 X122.47 Y54.04
G1 X122.47 Y58.71
G1 X137.04 Y73.28
G1 X138.45 Y71.86
G1 X142.20 Y75.61
G1 X142.20 Y75.61
G1 X142.26 Y75.61
G1 X142.32 Y75.61
G1 X142.41 Y75.61
G1 X142.49 Y75.61
G1 X142.57 Y75.61
G1 X142.65 Y75.62
G1 X142.73 Y75.62
G1 X142.81 Y75.63
G1 X142.89 Y75.63
G1 X142.97 Y75.64
G1 X143.05 Y75.65
G1 X143.13 Y75.66
G1 X143.21 Y75.67
G1 X143.29 Y75.68
G1 X143.37 Y75.69
G1 X143.45 Y75.71
G1 X143.53 Y75.72
G1 X143.60 Y75.74
G1 X143.68 Y75.75
G1 X143.76 Y75.77
G1 X143.84 Y75.79
G1 X143.91 Y75.81
G1 X143.99 Y75.83
G1 X144.06 Y75.85
G1 X144.14 Y75.87
G1 X144.21 Y75.89
G1 X144.29 Y75.92
G1 X144.36 Y75.94
G1 X144.44 Y75.97
G1 X144.51 Y75.99
G1 X144.58 Y76.02
G1 X144.65 Y76.05
G1 X144.73 Y76.08
G1 X144.80 Y76.11
G1 X144.87 Y76.14
G1 X144.94 Y76.17
G1 X145.01 Y76.20
G1 X145.08 Y76.23
G1 X145.15 Y76.27
G1 X145.22 Y76.30
G1 X145.28 Y76.34
G1 X145.35 Y76.37
G1 X145.42 Y76.41
G1 X145.49 Y76.45
G1 X145.55 Y76.49
G1 X145.62 Y76.53
G1 X145.68 Y76.57
G1 X145.75 Y76.61
G1 X145.81 Y76.65
G1 X145.88 Y76.69
G1 X145.94 Y76.73
G1 X146.00 Y76.78
G1 X146.06 Y76.82
G1 X146.12 Y76.87
G1 X146.19 Y76.91
G1 X146.25 Y76.96
G1 X146.31 Y77.01
G1 X146.36 Y77.06
G1 X146.42 Y77.11
G1 X146.48 Y77.16
G1 X146.54 Y77.21
G1 X146.59 Y77.26
G1 X146.65 Y77.31
G1 X146.71 Y77.36
G1 X146.76 Y77.41
G1 X146.82 Y77.47
G1 X146.87 Y77.52
G1 X146.92 Y77.58
G1 X146.97 Y77.63
G1 X147.03 Y77.69
G1 X147.08 Y77.74
G1 X147.13 Y77.80
G1 X147.18 Y77.86
G1 X147.22 Y77.92
G1 X147.27 Y77.98
G1 X147.32 Y78.04
G1 X147.37 Y78.10
G1 X147.41 Y78.16
G1 X147.46 Y78.22
G1 X147.50 Y78.28
G1 X147.55 Y78.34
G1 X147.59 Y78.41
G1 X147.63 Y78.47
G1 X147.67 Y78.53
G1 X147.72 Y78.60
G1 X147.76 Y78.66
G1 X147.80 Y78.73
G1 X147.83 Y78.80
G1 X147.87 Y78.86
G1 X147.91 Y78.93
G1 X147.94 Y79.00
G1 X147.98 Y79.07
G1 X148.01 Y79.14
G1 X148.05 Y79.20
G1 X148.08 Y79.27
G1 X148.11 Y79.34
G1 X148.15 Y79.41
G1 X148.18 Y79.49
G1 X148.21 Y79.56
G1 X148.23 Y79.63
G1 X148.26 Y79.70
G1 X148.29 Y79.77
G1 X148.32 Y79.85
G1 X148.34 Y79.92
G1 X148.37 Y79.99
G1 X148.39 Y80.07
G1 X148.41 Y80.14
G1 X148.43 Y80.22
G1 X148.45 Y80.29
G1 X148.48 Y80.37
G1 X148.49 Y80.45
G1 X148.51 Y80.52
G1 X148.53 Y80.60
G1 X148.55 Y80.68
G1 X148.56 Y80.76
G1 X148.58 Y80.83
G1 X148.59 Y80.91
G1 X148.60 Y80.99
G1 X148.61 Y81.07
G1 X148.62 Y81.15
G1 X148.63 Y81.23
G1 X148.64 Y81.31
G1 X148.65 Y81.39
G1 X148.66 Y81.47
G1 X148.66 Y81.55
G1 X148.67 Y81.63
G1 X148.67 Y81.71
G1 X148.67 Y81.79
G1 X148.67 Y81.88
G1 X148.67 Y81.96
G1 X148.67 Y82.58
G1 X151.83 Y82.58
G1 X151.83 Y86.58
G1 X148.67 Y86.58
G1 X148.67 Y89.58
G1 X143.83 Y89.58
G1 X143.83 Y82.58
G1 X140.82 Y82.58
G1 X140.82 Y89.58
G1 X135.97 Y89.58

; Pass 0 Path 48
G0 X140.35 Y44.61
G1 X140.28 Y44.59 S1000.00 F100
G1 X140.22 Y44.57
G1 X140.15 Y44.56
G1 X140.09 Y44.54
G1 X140.02 Y44.52
G1 X139.96 Y44.50
G1 X139.90 Y44.48
G1 X139.83 Y44.46
G1 X139.77 Y44.44
G1 X139.71 Y44.42
G1 X139.65 Y44.39
G1 X139.58 Y44.37
G1 X139.52 Y44.35
G1 X139.46 Y44.32
G1 X139.40 Y44.30
G1 X139.34 Y44.27
G1 X139.28 Y44.24
G1 X139.22 Y44.22
G1 X139.16 Y44.19
G1 X139.10 Y44.16
G1 X139.04 Y44.13
G1 X138.98 Y44.10
G1 X138.92 Y44.07
G1 X138.87 Y44.04
G1 X138.81 Y44.01
G1 X138.75 Y43.98
G1 X138.69 Y43.95
G1 X138.64 Y43.92
G1 X138.58 Y43.88
G1 X138.53 Y43.85
G1 X138.47 Y43.81
G1 X138.41 Y43.78
G1 X138.36 Y43.74
G1 X138.31 Y43.71
G1 X138.25 Y43.67
G1 X138.20 Y43.63
G1 X138.15 Y43.60
G1 X138.09 Y43.56
G1 X138.04 Y43.52
G1 X137.99 Y43.48
G1 X137.94 Y43.44
G1 X137.89 Y43.40
G1 X137.84 Y43.36
G1 X137.79 Y43.32
G1 X137.74 Y43.28
G1 X137.69 Y43.23
G1 X137.64 Y43.19
G1 X137.59 Y43.15
G1 X137.54 Y43.10
G1 X137.49 Y43.06
G1 X137.45 Y43.01
G1 X137.40 Y42.97
G1 X137.35 Y42.92
G1 X137.31 Y42.88
G1 X137.26 Y42.83
G1 X137.22 Y42.78
G1 X137.17 Y42.74
G1 X137.13 Y42.69
G1 X137.09 Y42.64
G1 X137.04 Y42.59
G1 X137.00 Y42.54
G1 X136.96 Y42.49
G1 X136.92 Y42.44
G1 X136.88 Y42.39
G1 X136.84 Y42.34
G1 X136.80 Y42.29
G1 X136.76 Y42.24
G1 X136.72 Y42.18
G1 X136.68 Y42.13
G1 X136.64 Y42.08
G1 X136.61 Y42.02
G1 X136.57 Y41.97
G1 X136.53 Y41.92
G1 X136.50 Y41.86
G1 X136.46 Y41.81
G1 X136.43 Y41.75
G1 X136.40 Y41.69
G1 X136.36 Y41.64
G1 X136.33 Y41.58
G1 X136.30 Y41.52
G1 X136.27 Y41.47
G1 X136.23 Y41.41
G1 X136.20 Y41.35
G1 X136.17 Y41.29
G1 X136.14 Y41.23
G1 X136.12 Y41.18
G1 X136.09 Y41.12
G1 X136.06 Y41.06
G1 X136.03 Y41.00
G1 X136.01 Y40.94
G1 X135.98 Y40.87
G1 X135.96 Y40.81
G1 X135.93 Y40.75
G1 X135.91 Y40.69
G1 X135.89 Y40.63
G1 X135.86 Y40.57
G1 X135.84 Y40.50
G1 X135.82 Y40.44
G1 X135.80 Y40.38
G1 X135.78 Y40.31
G1 X135.76 Y40.25
G1 X135.74 Y40.19
G1 X135.72 Y40.12
G1 X135.71 Y40.06
G1 X135.69 Y39.99
G1 X135.67 Y39.93
G1 X135.66 Y39.86
G1 X135.64 Y39.80
G1 X135.63 Y39.73
G1 X135.62 Y39.66
G1 X135.60 Y39.60
G1 X135.59 Y39.53
G1 X135.58 Y39.46
G1 X135.57 Y39.40
G1 X135.56 Y39.33
G1 X135.55 Y39.26
G1 X135.54 Y39.19
G1 X135.53 Y39.13
G1 X135.53 Y39.06
G1 X135.52 Y38.99
G1 X135.51 Y38.92
G1 X135.51 Y38.85
G1 X135.51 Y38.78
G1 X135.50 Y38.71
G1 X135.50 Y38.64
G1 X135.50 Y38.58
G1 X135.50 Y38.51
G1 X135.50 Y38.44
G1 X135.50 Y37.82
G1 X132.35 Y37.82
G1 X132.35 Y33.82
G1 X135.50 Y33.82
G1 X135.50 Y30.82
G1 X148.20 Y30.82
G1 X148.20 Y33.82
G1 X151.35 Y33.82
G1 X151.35 Y37.82
G1 X148.20 Y37.82
G1 X148.20 Y38.44
G1 X148.20 Y38.51
G1 X148.19 Y38.58
G1 X148.19 Y38.64
G1 X148.19 Y38.71
G1 X148.19 Y38.78
G1 X148.18 Y38.85
G1 X148.18 Y38.92
G1 X148.17 Y38.99
G1 X148.17 Y39.06
G1 X148.16 Y39.13
G1 X148.15 Y39.19
G1 X148.14 Y39.26
G1 X148.13 Y39.33
G1 X148.12 Y39.40
G1 X148.11 Y39.46
G1 X148.10 Y39.53
G1 X148.09 Y39.60
G1 X148.08 Y39.66
G1 X148.06 Y39.73
G1 X148.05 Y39.80
G1 X148.04 Y39.86
G1 X148.02 Y39.93
G1 X148.00 Y39.99
G1 X147.99 Y40.06
G1 X147.97 Y40.12
G1 X147.95 Y40.19
G1 X147.93 Y40.25
G1 X147.91 Y40.31
G1 X147.89 Y40.38
G1 X147.87 Y40.44
G1 X147.85 Y40.50
G1 X147.83 Y40.57
G1 X147.81 Y40.63
G1 X147.78 Y40.69
G1 X147.76 Y40.75
G1 X147.74 Y40.81
G1 X147.71 Y40.87
G1 X147.69 Y40.94
G1 X147.66 Y41.00
G1 X147.63 Y41.06
G1 X147.60 Y41.12
G1 X147.58 Y41.18
G1 X147.55 Y41.23
G1 X147.52 Y41.29
G1 X147.49 Y41.35
G1 X147.46 Y41.41
G1 X147.43 Y41.47
G1 X147.40 Y41.52
G1 X147.36 Y41.58
G1 X147.33 Y41.64
G1 X147.30 Y41.69
G1 X147.26 Y41.75
G1 X147.23 Y41.81
G1 X147.19 Y41.86
G1 X147.16 Y41.92
G1 X147.12 Y41.97
G1 X147.09 Y42.02
G1 X147.05 Y42.08
G1 X147.01 Y42.13
G1 X146.97 Y42.18
G1 X146.93 Y42.24
G1 X146.89 Y42.29
G1 X146.86 Y42.34
G1 X146.81 Y42.39
G1 X146.77 Y42.44
G1 X146.73 Y42.49
G1 X146.69 Y42.54
G1 X146.65 Y42.59
G1 X146.61 Y42.64
G1 X146.56 Y42.69
G1 X146.52 Y42.74
G1 X146.47 Y42.78
G1 X146.43 Y42.83
G1 X146.38 Y42.88
G1 X146.34 Y42.92
G1 X146.29 Y42.97
G1 X146.25 Y43.01
G1 X146.20 Y43.06
G1 X146.15 Y43.10
G1 X146.10 Y43.15
G1 X146.06 Y43.19
G1 X146.01 Y43.23
G1 X145.96 Y43.28
G1 X145.91 Y43.32
G1 X145.86 Y43.36
G1 X145.81 Y43.40
G1 X145.76 Y43.44
G1 X145.70 Y43.48
G1 X145.65 Y43.52
G1 X145.60 Y43.56
G1 X145.55 Y43.60
G1 X145.49 Y43.63
G1 X145.44 Y43.67
G1 X145.39 Y43.71
G1 X145.33 Y43.74
G1 X145.28 Y43.78
G1 X145.22 Y43.81
G1 X145.17 Y43.85
G1 X145.11 Y43.88
G1 X145.06 Y43.92
G1 X145.00 Y43.95
G1 X144.94 Y43.98
G1 X144.89 Y44.01
G1 X144.83 Y44.04
G1 X144.77 Y44.07
G1 X144.71 Y44.10
G1 X144.65 Y44.13
G1 X144.59 Y44.16
G1 X144.53 Y44.19
G1 X144.47 Y44.22
G1 X144.41 Y44.24
G1 X144.35 Y44.27
G1 X144.29 Y44.30
G1 X144.23 Y44.32
G1 X144.17 Y44.35
G1 X144.11 Y44.37
G1 X144.05 Y44.39
G1 X143.98 Y44.42
G1 X143.92 Y44.44
G1 X143.86 Y44.46
G1 X143.80 Y44.48
G1 X143.73 Y44.50
G1 X143.67 Y44.52
G1 X143.61 Y44.54
G1 X143.54 Y44.56
G1 X143.48 Y44.57
G1 X143.41 Y44.59
G1 X143.35 Y44.61
G1 X143.35 Y37.82
G1 X140.35 Y37.82
G1 X140.35 Y44.61

; Pass 0 Path 49
G0 X139.70 Y25.90
G1 X142.24 Y23.36 S1000.00 F100
G1 X137.16 Y18.28
G1 X132.08 Y23.36
G1 X134.62 Y25.90
G1 X139.70 Y25.90

; Pass 0 Path 50
G0 X144.78 Y20.82
G1 X149.86 Y15.74 S1000.00 F100
G1 X144.78 Y10.66
G1 X139.70 Y15.74
G1 X144.78 Y20.82

; Pass 0 Path 51
G0 X151.02 Y20.06
G1 X151.06 Y20.10 S1000.00 F100
G1 X151.10 Y20.12
G1 X151.19 Y20.16
G1 X151.27 Y20.19
G1 X151.35 Y20.21
G1 X151.42 Y20.23
G1 X151.49 Y20.25
G1 X151.57 Y20.28
G1 X151.64 Y20.32
G1 X151.72 Y20.37
G1 X151.75 Y20.40
G1 X151.72 Y20.37
G1 X151.64 Y20.32
G1 X151.57 Y20.28
G1 X151.49 Y20.25
G1 X151.42 Y20.23
G1 X151.35 Y20.21
G1 X151.27 Y20.19
G1 X151.19 Y20.16
G1 X151.10 Y20.12
G1 X151.06 Y20.10
G1 X151.02 Y20.06

; Pass 0 Path 52
G0 X151.75 Y20.40
G1 X151.75 Y20.40 S1000.00 F100
G1 X151.75 Y20.40
G1 X151.75 Y20.40

; Pass 0 Path 53
G0 X151.91 Y20.58
G1 X151.96 Y20.62 S1000.00 F100
G1 X152.02 Y20.64
G1 X152.07 Y20.66
G1 X152.11 Y20.68
G1 X152.15 Y20.70
G1 X152.19 Y20.72
G1 X152.22 Y20.73
G1 X152.25 Y20.74
G1 X152.28 Y20.75
G1 X152.30 Y20.75
G1 X152.32 Y20.75
G1 X152.34 Y20.76
G1 X152.36 Y20.76
G1 X152.38 Y20.76
G1 X152.39 Y20.76
G1 X152.41 Y20.75
G1 X152.42 Y20.75
G1 X152.44 Y20.75
G1 X152.45 Y20.74
G1 X152.46 Y20.74
G1 X152.48 Y20.73
G1 X152.50 Y20.73
G1 X152.51 Y20.72
G1 X152.53 Y20.72
G1 X152.55 Y20.72
G1 X152.58 Y20.71
G1 X152.60 Y20.71
G1 X152.63 Y20.71
G1 X152.66 Y20.72
G1 X152.70 Y20.72
G1 X152.74 Y20.72
G1 X152.78 Y20.73
G1 X152.83 Y20.74
G1 X152.89 Y20.76
G1 X153.01 Y20.84
G1 X153.07 Y20.86
G1 X153.15 Y20.87
G1 X153.23 Y20.88
G1 X153.31 Y20.89
G1 X153.39 Y20.88
G1 X153.45 Y20.88
G1 X153.51 Y20.87
G1 X153.57 Y20.86
G1 X153.62 Y20.85
G1 X153.57 Y20.86
G1 X153.51 Y20.87
G1 X153.45 Y20.88
G1 X153.39 Y20.88
G1 X153.39 Y20.88
G1 X153.31 Y20.89
G1 X153.23 Y20.88
G1 X153.15 Y20.88
G1 X153.07 Y20.86
G1 X153.01 Y20.84
G1 X152.89 Y20.76
G1 X152.83 Y20.74
G1 X152.78 Y20.73
G1 X152.74 Y20.72
G1 X152.70 Y20.72
G1 X152.66 Y20.72
G1 X152.63 Y20.71
G1 X152.60 Y20.71
G1 X152.58 Y20.72
G1 X152.55 Y20.72
G1 X152.53 Y20.72
G1 X152.51 Y20.72
G1 X152.50 Y20.73
G1 X152.48 Y20.73
G1 X152.46 Y20.74
G1 X152.45 Y20.74
G1 X152.44 Y20.75
G1 X152.42 Y20.75
G1 X152.41 Y20.75
G1 X152.39 Y20.76
G1 X152.38 Y20.76
G1 X152.36 Y20.76
G1 X152.34 Y20.76
G1 X152.32 Y20.76
G1 X152.30 Y20.75
G1 X152.28 Y20.75
G1 X152.25 Y20.74
G1 X152.22 Y20.73
G1 X152.19 Y20.72
G1 X152.15 Y20.70
G1 X152.11 Y20.69
G1 X152.07 Y20.67
G1 X152.02 Y20.64
G1 X151.96 Y20.62
G1 X151.91 Y20.58

; Pass 0 Path 54
G0 X153.64 Y20.85
G1 X153.71 Y20.83 S1000.00 F100
G1 X153.79 Y20.81
G1 X153.71 Y20.84
G1 X153.64 Y20.85

; Pass 0 Path 55
G0 X154.24 Y20.64
G1 X154.24 Y20.64 S1000.00 F100
G1 X154.31 Y20.62
G1 X154.38 Y20.58
G1 X154.44 Y20.53
G1 X154.38 Y20.58
G1 X154.31 Y20.62
G1 X154.24 Y20.64

; Pass 0 Path 56
G0 X142.24 Y8.12
G1 X137.16 Y3.04 S1000.00 F100
G1 X137.16 Y3.04
G1 X137.16 Y3.04
G1 X132.08 Y8.12
G1 X137.16 Y13.20
G1 X142.24 Y8.12

; Pass 0 Path 57
G0 X134.62 Y15.74
G1 X129.54 Y10.66 S1000.00 F100
G1 X124.46 Y15.74
G1 X129.54 Y20.82
G1 X134.62 Y15.74

; Pass 0 Path 58
G0 X127.00 Y8.12
G1 X121.92 Y3.04 S1000.00 F100
G1 X116.84 Y8.12
G1 X121.92 Y13.20
G1 X127.00 Y8.12

; Pass 0 Path 59
G0 X73.66 Y107.18
G1 X63.50 Y107.18 S1000.00 F100
G1 X68.58 Y112.26
G1 X68.58 Y112.26
G1 X73.66 Y107.18

; Pass 0 Path 60
G0 X76.20 Y109.72
G1 X73.66 Y112.26 S1000.00 F100
G1 X78.74 Y112.26
G1 X76.20 Y109.72

; Pass 0 Path 61
G0 X73.21 Y120.17
G1 X73.12 Y120.14 S1000.00 F100
G1 X73.02 Y120.12
G1 X72.93 Y120.10
G1 X72.84 Y120.07
G1 X72.75 Y120.05
G1 X72.66 Y120.03
G1 X72.56 Y120.02
G1 X72.47 Y120.00
G1 X72.37 Y119.98
G1 X72.28 Y119.97
G1 X72.19 Y119.95
G1 X72.09 Y119.94
G1 X71.99 Y119.93
G1 X71.90 Y119.92
G1 X71.80 Y119.91
G1 X71.71 Y119.90
G1 X71.61 Y119.90
G1 X71.51 Y119.89
G1 X71.41 Y119.89
G1 X71.32 Y119.88
G1 X71.22 Y119.88
G1 X71.12 Y119.88
G1 X71.02 Y119.88
G1 X70.92 Y119.88
G1 X70.83 Y119.89
G1 X70.73 Y119.89
G1 X70.63 Y119.90
G1 X70.53 Y119.90
G1 X70.44 Y119.91
G1 X70.34 Y119.92
G1 X70.25 Y119.93
G1 X70.15 Y119.94
G1 X70.05 Y119.95
G1 X69.96 Y119.97
G1 X69.87 Y119.98
G1 X69.77 Y120.00
G1 X69.68 Y120.02
G1 X69.58 Y120.03
G1 X69.49 Y120.05
G1 X69.40 Y120.07
G1 X69.31 Y120.10
G1 X69.22 Y120.12
G1 X69.12 Y120.14
G1 X69.03 Y120.17
G1 X68.94 Y120.19
G1 X68.85 Y120.22
G1 X68.76 Y120.25
G1 X68.68 Y120.28
G1 X68.59 Y120.31
G1 X68.50 Y120.34
G1 X68.41 Y120.37
G1 X68.33 Y120.41
G1 X68.24 Y120.44
G1 X68.15 Y120.48
G1 X68.07 Y120.52
G1 X67.98 Y120.55
G1 X67.90 Y120.59
G1 X67.82 Y120.63
G1 X67.73 Y120.67
G1 X67.65 Y120.71
G1 X67.57 Y120.76
G1 X67.49 Y120.80
G1 X67.41 Y120.84
G1 X67.33 Y120.89
G1 X67.25 Y120.94
G1 X67.17 Y120.98
G1 X67.09 Y121.03
G1 X67.01 Y121.08
G1 X66.94 Y121.13
G1 X66.86 Y121.18
G1 X66.78 Y121.23
G1 X66.71 Y121.29
G1 X66.63 Y121.34
G1 X66.56 Y121.39
G1 X66.49 Y121.45
G1 X66.42 Y121.50
G1 X66.34 Y121.56
G1 X66.27 Y121.62
G1 X66.20 Y121.68
G1 X66.13 Y121.74
G1 X66.06 Y121.80
G1 X66.00 Y121.86
G1 X65.93 Y121.92
G1 X65.86 Y121.98
G1 X65.80 Y122.05
G1 X65.73 Y122.11
G1 X65.67 Y122.18
G1 X65.60 Y122.24
G1 X65.54 Y122.31
G1 X65.48 Y122.38
G1 X65.42 Y122.44
G1 X65.36 Y122.51
G1 X65.30 Y122.58
G1 X65.24 Y122.65
G1 X65.18 Y122.72
G1 X65.13 Y122.80
G1 X65.07 Y122.87
G1 X65.01 Y122.94
G1 X64.96 Y123.01
G1 X64.91 Y123.09
G1 X64.85 Y123.16
G1 X64.80 Y123.24
G1 X64.75 Y123.32
G1 X64.70 Y123.39
G1 X64.65 Y123.47
G1 X64.60 Y123.55
G1 X64.56 Y123.63
G1 X64.51 Y123.71
G1 X64.46 Y123.79
G1 X64.42 Y123.87
G1 X64.38 Y123.95
G1 X64.33 Y124.03
G1 X64.29 Y124.11
G1 X64.25 Y124.20
G1 X64.21 Y124.28
G1 X64.17 Y124.36
G1 X64.14 Y124.45
G1 X64.10 Y124.53
G1 X64.06 Y124.62
G1 X64.03 Y124.71
G1 X63.99 Y124.79
G1 X63.96 Y124.88
G1 X63.93 Y124.97
G1 X63.90 Y125.06
G1 X63.87 Y125.14
G1 X63.84 Y125.23
G1 X63.82 Y125.32
G1 X63.79 Y125.41
G1 X63.76 Y125.50
G1 X63.74 Y125.60
G1 X63.72 Y125.69
G1 X63.70 Y125.78
G1 X63.67 Y125.87
G1 X63.65 Y125.96
G1 X63.64 Y126.06
G1 X63.62 Y126.15
G1 X63.60 Y126.24
G1 X63.59 Y126.34
G1 X63.57 Y126.43
G1 X63.56 Y126.53
G1 X63.55 Y126.62
G1 X63.54 Y126.72
G1 X63.53 Y126.82
G1 X63.52 Y126.91
G1 X63.52 Y127.01
G1 X63.51 Y127.11
G1 X63.51 Y127.21
G1 X63.50 Y127.30
G1 X63.50 Y127.40
G1 X63.50 Y127.50
G1 X63.50 Y127.60
G1 X63.50 Y127.70
G1 X63.51 Y127.79
G1 X63.51 Y127.89
G1 X63.52 Y127.99
G1 X63.52 Y128.09
G1 X63.53 Y128.18
G1 X63.54 Y128.28
G1 X63.55 Y128.37
G1 X63.56 Y128.47
G1 X63.57 Y128.57
G1 X63.59 Y128.66
G1 X63.60 Y128.75
G1 X63.62 Y128.85
G1 X63.64 Y128.94
G1 X63.65 Y129.04
G1 X63.67 Y129.13
G1 X63.70 Y129.22
G1 X63.72 Y129.31
G1 X63.74 Y129.40
G1 X63.76 Y129.50
G1 X63.79 Y129.59
G1 X63.82 Y129.68
G1 X63.84 Y129.77
G1 X63.87 Y129.85
G1 X63.90 Y129.94
G1 X63.93 Y130.03
G1 X63.96 Y130.12
G1 X63.99 Y130.21
G1 X64.03 Y130.29
G1 X64.06 Y130.38
G1 X64.10 Y130.47
G1 X64.14 Y130.55
G1 X64.17 Y130.64
G1 X64.21 Y130.72
G1 X64.25 Y130.80
G1 X64.29 Y130.89
G1 X64.33 Y130.97
G1 X64.38 Y131.05
G1 X64.42 Y131.13
G1 X64.46 Y131.21
G1 X64.51 Y131.29
G1 X64.56 Y131.37
G1 X64.60 Y131.45
G1 X64.65 Y131.53
G1 X64.70 Y131.61
G1 X64.75 Y131.68
G1 X64.80 Y131.76
G1 X64.85 Y131.84
G1 X64.91 Y131.91
G1 X64.96 Y131.99
G1 X65.01 Y132.06
G1 X65.07 Y132.13
G1 X65.13 Y132.20
G1 X65.18 Y132.28
G1 X65.24 Y132.35
G1 X65.30 Y132.42
G1 X65.36 Y132.49
G1 X65.42 Y132.56
G1 X65.48 Y132.62
G1 X65.54 Y132.69
G1 X65.60 Y132.76
G1 X65.67 Y132.82
G1 X65.73 Y132.89
G1 X65.80 Y132.95
G1 X65.86 Y133.02
G1 X65.93 Y133.08
G1 X66.00 Y133.14
G1 X66.06 Y133.20
G1 X66.13 Y133.26
G1 X66.20 Y133.32
G1 X66.27 Y133.38
G1 X66.34 Y133.44
G1 X66.42 Y133.49
G1 X66.49 Y133.55
G1 X66.56 Y133.61
G1 X66.63 Y133.66
G1 X66.71 Y133.71
G1 X66.78 Y133.77
G1 X66.86 Y133.82
G1 X66.94 Y133.87
G1 X67.01 Y133.92
G1 X67.09 Y133.97
G1 X67.17 Y134.02
G1 X67.25 Y134.06
G1 X67.33 Y134.11
G1 X67.41 Y134.16
G1 X67.49 Y134.20
G1 X67.57 Y134.24
G1 X67.65 Y134.29
G1 X67.73 Y134.33
G1 X67.82 Y134.37
G1 X67.90 Y134.41
G1 X67.98 Y134.45
G1 X68.07 Y134.48
G1 X68.15 Y134.52
G1 X68.24 Y134.56
G1 X68.33 Y134.59
G1 X68.41 Y134.62
G1 X68.50 Y134.66
G1 X68.59 Y134.69
G1 X68.68 Y134.72
G1 X68.76 Y134.75
G1 X68.85 Y134.78
G1 X68.94 Y134.80
G1 X69.03 Y134.83
G1 X69.12 Y134.86
G1 X69.22 Y134.88
G1 X69.31 Y134.90
G1 X69.40 Y134.92
G1 X69.49 Y134.95
G1 X69.58 Y134.96
G1 X69.68 Y134.98
G1 X69.77 Y135.00
G1 X69.87 Y135.02
G1 X69.96 Y135.03
G1 X70.05 Y135.05
G1 X70.15 Y135.06
G1 X70.25 Y135.07
G1 X70.34 Y135.08
G1 X70.44 Y135.09
G1 X70.53 Y135.10
G1 X70.63 Y135.10
G1 X70.73 Y135.11
G1 X70.83 Y135.11
G1 X70.92 Y135.12
G1 X71.02 Y135.12
G1 X71.12 Y135.12
G1 X71.22 Y135.12
G1 X71.32 Y135.12
G1 X71.41 Y135.11
G1 X71.51 Y135.11
G1 X71.61 Y135.10
G1 X71.71 Y135.10
G1 X71.80 Y135.09
G1 X71.90 Y135.08
G1 X71.99 Y135.07
G1 X72.09 Y135.06
G1 X72.19 Y135.05
G1 X72.28 Y135.03
G1 X72.37 Y135.02
G1 X72.47 Y135.00
G1 X72.56 Y134.98
G1 X72.66 Y134.96
G1 X72.75 Y134.95
G1 X72.84 Y134.92
G1 X72.93 Y134.90
G1 X73.02 Y134.88
G1 X73.12 Y134.86
G1 X73.21 Y134.83
G1 X73.30 Y134.80
G1 X73.39 Y134.78
G1 X73.48 Y134.75
G1 X73.56 Y134.72
G1 X73.65 Y134.69
G1 X73.74 Y134.66
G1 X73.83 Y134.62
G1 X73.91 Y134.59
G1 X74.00 Y134.56
G1 X74.09 Y134.52
G1 X74.17 Y134.48
G1 X74.26 Y134.45
G1 X74.34 Y134.41
G1 X74.42 Y134.37
G1 X74.51 Y134.33
G1 X74.59 Y134.29
G1 X74.67 Y134.24
G1 X74.75 Y134.20
G1 X74.83 Y134.16
G1 X74.91 Y134.11
G1 X74.99 Y134.06
G1 X75.07 Y134.02
G1 X75.15 Y133.97
G1 X75.23 Y133.92
G1 X75.30 Y133.87
G1 X75.38 Y133.82
G1 X75.46 Y133.77
G1 X75.53 Y133.71
G1 X75.61 Y133.66
G1 X75.68 Y133.61
G1 X75.75 Y133.55
G1 X75.82 Y133.49
G1 X75.90 Y133.44
G1 X75.97 Y133.38
G1 X76.04 Y133.32
G1 X76.11 Y133.26
G1 X76.18 Y133.20
G1 X76.24 Y133.14
G1 X76.31 Y133.08
G1 X76.38 Y133.02
G1 X76.44 Y132.95
G1 X76.51 Y132.89
G1 X76.57 Y132.82
G1 X76.64 Y132.76
G1 X76.70 Y132.69
G1 X76.76 Y132.62
G1 X76.82 Y132.56
G1 X76.88 Y132.49
G1 X76.94 Y132.42
G1 X77.00 Y132.35
G1 X77.06 Y132.28
G1 X77.11 Y132.20
G1 X77.17 Y132.13
G1 X77.23 Y132.06
G1 X77.28 Y131.99
G1 X77.33 Y131.91
G1 X77.39 Y131.84
G1 X77.44 Y131.76
G1 X77.49 Y131.68
G1 X77.54 Y131.61
G1 X77.59 Y131.53
G1 X77.64 Y131.45
G1 X77.68 Y131.37
G1 X77.73 Y131.29
G1 X77.78 Y131.21
G1 X77.82 Y131.13
G1 X77.86 Y131.05
G1 X77.91 Y130.97
G1 X77.95 Y130.89
G1 X77.99 Y130.80
G1 X78.03 Y130.72
G1 X78.07 Y130.64
G1 X78.10 Y130.55
G1 X78.14 Y130.47
G1 X78.18 Y130.38
G1 X78.21 Y130.29
G1 X78.25 Y130.21
G1 X78.28 Y130.12
G1 X78.31 Y130.03
G1 X78.34 Y129.94
G1 X78.37 Y129.85
G1 X78.40 Y129.77
G1 X78.42 Y129.68
G1 X78.45 Y129.59
G1 X78.48 Y129.50
G1 X78.50 Y129.40
G1 X78.52 Y129.31
G1 X78.54 Y129.22
G1 X78.57 Y129.13
G1 X78.59 Y129.04
G1 X78.60 Y128.94
G1 X78.62 Y128.85
G1 X78.64 Y128.75
G1 X78.65 Y128.66
G1 X78.67 Y128.57
G1 X78.68 Y128.47
G1 X78.69 Y128.37
G1 X78.70 Y128.28
G1 X78.71 Y128.18
G1 X78.72 Y128.09
G1 X78.72 Y127.99
G1 X78.73 Y127.89
G1 X78.73 Y127.79
G1 X78.74 Y127.70
G1 X78.74 Y127.60
G1 X78.74 Y127.50
G1 X78.74 Y127.40
G1 X78.74 Y127.30
G1 X78.73 Y127.21
G1 X78.73 Y127.11
G1 X78.72 Y127.01
G1 X78.72 Y126.91
G1 X78.71 Y126.82
G1 X78.70 Y126.72
G1 X78.69 Y126.62
G1 X78.68 Y126.53
G1 X78.67 Y126.43
G1 X78.65 Y126.34
G1 X78.64 Y126.24
G1 X78.62 Y126.15
G1 X78.60 Y126.06
G1 X78.59 Y125.96
G1 X78.57 Y125.87
G1 X78.54 Y125.78
G1 X78.52 Y125.69
G1 X78.50 Y125.60
G1 X78.48 Y125.50
G1 X78.45 Y125.41
G1 X78.42 Y125.32
G1 X78.40 Y125.23
G1 X78.37 Y125.14
G1 X78.34 Y125.06
G1 X78.31 Y124.97
G1 X78.28 Y124.88
G1 X78.25 Y124.79
G1 X78.21 Y124.71
G1 X78.18 Y124.62
G1 X78.14 Y124.53
G1 X78.10 Y124.45
G1 X78.07 Y124.36
G1 X78.03 Y124.28
G1 X77.99 Y124.20
G1 X77.95 Y124.11
G1 X77.91 Y124.03
G1 X77.86 Y123.95
G1 X77.82 Y123.87
G1 X77.78 Y123.79
G1 X77.73 Y123.71
G1 X77.68 Y123.63
G1 X77.64 Y123.55
G1 X77.59 Y123.47
G1 X77.54 Y123.39
G1 X77.49 Y123.32
G1 X77.44 Y123.24
G1 X77.39 Y123.16
G1 X77.33 Y123.09
G1 X77.28 Y123.01
G1 X77.23 Y122.94
G1 X77.17 Y122.87
G1 X77.11 Y122.80
G1 X77.06 Y122.72
G1 X77.00 Y122.65
G1 X76.94 Y122.58
G1 X76.88 Y122.51
G1 X76.82 Y122.44
G1 X76.76 Y122.38
G1 X76.70 Y122.31
G1 X76.64 Y122.24
G1 X76.57 Y122.18
G1 X76.51 Y122.11
G1 X76.44 Y122.05
G1 X76.38 Y121.98
G1 X76.31 Y121.92
G1 X76.24 Y121.86
G1 X76.18 Y121.80
G1 X76.11 Y121.74
G1 X76.04 Y121.68
G1 X75.97 Y121.62
G1 X75.90 Y121.56
G1 X75.82 Y121.50
G1 X75.75 Y121.45
G1 X75.68 Y121.39
G1 X75.61 Y121.34
G1 X75.53 Y121.29
G1 X75.46 Y121.23
G1 X75.38 Y121.18
G1 X75.30 Y121.13
G1 X75.23 Y121.08
G1 X75.15 Y121.03
G1 X75.07 Y120.98
G1 X74.99 Y120.94
G1 X74.91 Y120.89
G1 X74.83 Y120.84
G1 X74.75 Y120.80
G1 X74.67 Y120.76
G1 X74.59 Y120.71
G1 X74.51 Y120.67
G1 X74.42 Y120.63
G1 X74.34 Y120.59
G1 X74.26 Y120.55
G1 X74.17 Y120.52
G1 X74.09 Y120.48
G1 X74.00 Y120.44
G1 X73.91 Y120.41
G1 X73.83 Y120.37
G1 X73.74 Y120.34
G1 X73.65 Y120.31
G1 X73.56 Y120.28
G1 X73.48 Y120.25
G1 X73.39 Y120.22
G1 X73.30 Y120.19
G1 X73.21 Y120.17

; Pass 0 Path 62
G0 X63.50 Y112.26
G1 X60.96 Y109.72 S1000.00 F100
G1 X58.42 Y112.26
G1 X63.50 Y112.26

; Pass 0 Path 63
G0 X58.42 Y107.18
G1 X48.26 Y107.18 S1000.00 F100
G1 X53.34 Y112.26
G1 X53.34 Y112.26
G1 X58.42 Y107.18

; Pass 0 Path 64
G0 X48.26 Y112.26
G1 X45.72 Y109.72 S1000.00 F100
G1 X43.18 Y112.26
G1 X48.26 Y112.26

; Pass 0 Path 65
G0 X48.26 Y117.34
G1 X48.19 Y117.34 S1000.00 F100
G1 X48.13 Y117.34
G1 X48.06 Y117.34
G1 X48.00 Y117.34
G1 X47.93 Y117.34
G1 X47.87 Y117.35
G1 X47.80 Y117.35
G1 X47.74 Y117.35
G1 X47.67 Y117.36
G1 X47.61 Y117.36
G1 X47.54 Y117.36
G1 X47.48 Y117.37
G1 X47.41 Y117.37
G1 X47.35 Y117.38
G1 X47.29 Y117.39
G1 X47.22 Y117.39
G1 X47.16 Y117.40
G1 X47.09 Y117.41
G1 X47.03 Y117.41
G1 X46.97 Y117.42
G1 X46.90 Y117.43
G1 X46.84 Y117.44
G1 X46.78 Y117.45
G1 X46.71 Y117.46
G1 X46.65 Y117.47
G1 X46.59 Y117.48
G1 X46.52 Y117.49
G1 X46.46 Y117.50
G1 X46.40 Y117.51
G1 X46.34 Y117.52
G1 X46.27 Y117.53
G1 X46.21 Y117.55
G1 X46.15 Y117.56
G1 X46.09 Y117.57
G1 X46.03 Y117.59
G1 X45.97 Y117.60
G1 X45.90 Y117.61
G1 X45.84 Y117.63
G1 X45.78 Y117.64
G1 X45.72 Y117.66
G1 X45.66 Y117.68
G1 X45.60 Y117.69
G1 X45.54 Y117.71
G1 X45.48 Y117.73
G1 X45.42 Y117.74
G1 X45.36 Y117.76
G1 X45.30 Y117.78
G1 X45.24 Y117.80
G1 X45.18 Y117.82
G1 X45.12 Y117.83
G1 X45.06 Y117.85
G1 X45.00 Y117.87
G1 X44.94 Y117.89
G1 X44.88 Y117.91
G1 X44.83 Y117.93
G1 X44.77 Y117.96
G1 X44.71 Y117.98
G1 X44.65 Y118.00
G1 X44.59 Y118.02
G1 X44.53 Y118.04
G1 X44.48 Y118.07
G1 X44.42 Y118.09
G1 X44.36 Y118.11
G1 X44.31 Y118.14
G1 X44.25 Y118.16
G1 X44.19 Y118.19
G1 X44.14 Y118.21
G1 X44.08 Y118.24
G1 X44.02 Y118.26
G1 X43.97 Y118.29
G1 X43.91 Y118.31
G1 X43.86 Y118.34
G1 X43.80 Y118.37
G1 X43.74 Y118.40
G1 X43.69 Y118.42
G1 X43.63 Y118.45
G1 X43.58 Y118.48
G1 X43.53 Y118.51
G1 X43.47 Y118.54
G1 X43.42 Y118.57
G1 X43.36 Y118.60
G1 X43.31 Y118.63
G1 X43.26 Y118.66
G1 X43.20 Y118.69
G1 X43.15 Y118.72
G1 X43.10 Y118.75
G1 X43.04 Y118.78
G1 X42.99 Y118.81
G1 X42.94 Y118.84
G1 X42.89 Y118.87
G1 X42.84 Y118.91
G1 X42.78 Y118.94
G1 X42.73 Y118.97
G1 X42.68 Y119.01
G1 X42.63 Y119.04
G1 X42.58 Y119.07
G1 X42.53 Y119.11
G1 X42.48 Y119.14
G1 X42.43 Y119.18
G1 X42.38 Y119.21
G1 X42.33 Y119.25
G1 X42.28 Y119.29
G1 X42.23 Y119.32
G1 X42.18 Y119.36
G1 X42.13 Y119.39
G1 X42.08 Y119.43
G1 X42.04 Y119.47
G1 X41.99 Y119.51
G1 X41.94 Y119.54
G1 X41.89 Y119.58
G1 X41.84 Y119.62
G1 X41.80 Y119.66
G1 X41.75 Y119.70
G1 X41.70 Y119.74
G1 X41.66 Y119.78
G1 X41.61 Y119.82
G1 X41.57 Y119.86
G1 X41.52 Y119.90
G1 X41.47 Y119.94
G1 X41.43 Y119.98
G1 X41.38 Y120.02
G1 X41.34 Y120.06
G1 X41.29 Y120.10
G1 X41.25 Y120.15
G1 X41.21 Y120.19
G1 X41.16 Y120.23
G1 X41.12 Y120.27
G1 X41.08 Y120.32
G1 X41.03 Y120.36
G1 X40.99 Y120.40
G1 X40.95 Y120.45
G1 X40.91 Y120.49
G1 X40.86 Y120.53
G1 X40.82 Y120.58
G1 X40.78 Y120.62
G1 X40.74 Y120.67
G1 X40.70 Y120.71
G1 X40.66 Y120.76
G1 X40.62 Y120.80
G1 X40.58 Y120.85
G1 X40.54 Y120.90
G1 X40.50 Y120.94
G1 X40.46 Y120.99
G1 X40.42 Y121.04
G1 X40.38 Y121.08
G1 X40.34 Y121.13
G1 X40.30 Y121.18
G1 X40.27 Y121.23
G1 X40.23 Y121.28
G1 X40.19 Y121.32
G1 X40.16 Y121.37
G1 X40.12 Y121.42
G1 X40.08 Y121.47
G1 X40.05 Y121.52
G1 X40.01 Y121.57
G1 X39.97 Y121.62
G1 X39.94 Y121.67
G1 X39.90 Y121.72
G1 X39.87 Y121.77
G1 X39.84 Y121.82
G1 X39.80 Y121.87
G1 X39.77 Y121.92
G1 X39.73 Y121.97
G1 X39.70 Y122.02
G1 X39.67 Y122.08
G1 X39.64 Y122.13
G1 X39.60 Y122.18
G1 X39.57 Y122.23
G1 X39.54 Y122.28
G1 X39.51 Y122.34
G1 X39.48 Y122.39
G1 X39.45 Y122.44
G1 X39.42 Y122.50
G1 X39.39 Y122.55
G1 X39.36 Y122.60
G1 X39.33 Y122.66
G1 X39.30 Y122.71
G1 X39.27 Y122.77
G1 X39.24 Y122.82
G1 X39.21 Y122.87
G1 X39.18 Y122.93
G1 X39.16 Y122.98
G1 X39.13 Y123.04
G1 X39.10 Y123.09
G1 X39.08 Y123.15
G1 X39.05 Y123.21
G1 X39.02 Y123.26
G1 X39.00 Y123.32
G1 X38.97 Y123.37
G1 X38.95 Y123.43
G1 X38.92 Y123.49
G1 X38.90 Y123.54
G1 X38.87 Y123.60
G1 X38.85 Y123.66
G1 X38.83 Y123.72
G1 X38.80 Y123.77
G1 X38.78 Y123.83
G1 X38.76 Y123.89
G1 X38.74 Y123.95
G1 X38.72 Y124.01
G1 X38.70 Y124.06
G1 X38.67 Y124.12
G1 X38.65 Y124.18
G1 X38.63 Y124.24
G1 X38.61 Y124.30
G1 X38.59 Y124.36
G1 X38.58 Y124.42
G1 X38.56 Y124.48
G1 X38.54 Y124.54
G1 X38.52 Y124.60
G1 X38.50 Y124.66
G1 X38.49 Y124.72
G1 X38.47 Y124.78
G1 X38.45 Y124.84
G1 X38.44 Y124.90
G1 X38.42 Y124.96
G1 X38.40 Y125.02
G1 X38.39 Y125.08
G1 X38.37 Y125.14
G1 X38.36 Y125.21
G1 X38.35 Y125.27
G1 X38.33 Y125.33
G1 X38.32 Y125.39
G1 X38.31 Y125.45
G1 X38.29 Y125.51
G1 X38.28 Y125.58
G1 X38.27 Y125.64
G1 X38.26 Y125.70
G1 X38.25 Y125.76
G1 X38.24 Y125.83
G1 X38.23 Y125.89
G1 X38.22 Y125.95
G1 X38.21 Y126.02
G1 X38.20 Y126.08
G1 X38.19 Y126.14
G1 X38.18 Y126.21
G1 X38.17 Y126.27
G1 X38.17 Y126.33
G1 X38.16 Y126.40
G1 X38.15 Y126.46
G1 X38.15 Y126.52
G1 X38.14 Y126.59
G1 X38.13 Y126.65
G1 X38.13 Y126.72
G1 X38.12 Y126.78
G1 X38.12 Y126.85
G1 X38.12 Y126.91
G1 X38.11 Y126.98
G1 X38.11 Y127.04
G1 X38.11 Y127.11
G1 X38.11 Y127.17
G1 X38.10 Y127.24
G1 X38.10 Y127.30
G1 X38.10 Y127.37
G1 X38.10 Y127.43
G1 X38.10 Y127.50
G1 X38.10 Y127.57
G1 X38.10 Y127.63
G1 X38.10 Y127.70
G1 X38.10 Y127.76
G1 X38.11 Y127.83
G1 X38.11 Y127.89
G1 X38.11 Y127.96
G1 X38.11 Y128.02
G1 X38.12 Y128.09
G1 X38.12 Y128.15
G1 X38.12 Y128.22
G1 X38.13 Y128.28
G1 X38.13 Y128.35
G1 X38.14 Y128.41
G1 X38.15 Y128.47
G1 X38.15 Y128.54
G1 X38.16 Y128.60
G1 X38.17 Y128.67
G1 X38.17 Y128.73
G1 X38.18 Y128.79
G1 X38.19 Y128.86
G1 X38.20 Y128.92
G1 X38.21 Y128.98
G1 X38.22 Y129.05
G1 X38.23 Y129.11
G1 X38.24 Y129.17
G1 X38.25 Y129.24
G1 X38.26 Y129.30
G1 X38.27 Y129.36
G1 X38.28 Y129.42
G1 X38.29 Y129.49
G1 X38.31 Y129.55
G1 X38.32 Y129.61
G1 X38.33 Y129.67
G1 X38.35 Y129.73
G1 X38.36 Y129.79
G1 X38.37 Y129.86
G1 X38.39 Y129.92
G1 X38.40 Y129.98
G1 X38.42 Y130.04
G1 X38.44 Y130.10
G1 X38.45 Y130.16
G1 X38.47 Y130.22
G1 X38.49 Y130.28
G1 X38.50 Y130.34
G1 X38.52 Y130.40
G1 X38.54 Y130.46
G1 X38.56 Y130.52
G1 X38.58 Y130.58
G1 X38.59 Y130.64
G1 X38.61 Y130.70
G1 X38.63 Y130.76
G1 X38.65 Y130.82
G1 X38.67 Y130.88
G1 X38.70 Y130.93
G1 X38.72 Y130.99
G1 X38.74 Y131.05
G1 X38.76 Y131.11
G1 X38.78 Y131.17
G1 X38.80 Y131.23
G1 X38.83 Y131.28
G1 X38.85 Y131.34
G1 X38.87 Y131.40
G1 X38.90 Y131.45
G1 X38.92 Y131.51
G1 X38.95 Y131.57
G1 X38.97 Y131.62
G1 X39.00 Y131.68
G1 X39.02 Y131.74
G1 X39.05 Y131.79
G1 X39.08 Y131.85
G1 X39.10 Y131.90
G1 X39.13 Y131.96
G1 X39.16 Y132.02
G1 X39.18 Y132.07
G1 X39.21 Y132.13
G1 X39.24 Y132.18
G1 X39.27 Y132.23
G1 X39.30 Y132.29
G1 X39.33 Y132.34
G1 X39.36 Y132.40
G1 X39.39 Y132.45
G1 X39.42 Y132.50
G1 X39.45 Y132.56
G1 X39.48 Y132.61
G1 X39.51 Y132.66
G1 X39.54 Y132.72
G1 X39.57 Y132.77
G1 X39.60 Y132.82
G1 X39.64 Y132.87
G1 X39.67 Y132.92
G1 X39.70 Y132.98
G1 X39.73 Y133.03
G1 X39.77 Y133.08
G1 X39.80 Y133.13
G1 X39.84 Y133.18
G1 X39.87 Y133.23
G1 X39.90 Y133.28
G1 X39.94 Y133.33
G1 X39.97 Y133.38
G1 X40.01 Y133.43
G1 X40.05 Y133.48
G1 X40.08 Y133.53
G1 X40.12 Y133.58
G1 X40.16 Y133.63
G1 X40.19 Y133.68
G1 X40.23 Y133.72
G1 X40.27 Y133.77
G1 X40.30 Y133.82
G1 X40.34 Y133.87
G1 X40.38 Y133.92
G1 X40.42 Y133.96
G1 X40.46 Y134.01
G1 X40.50 Y134.06
G1 X40.54 Y134.10
G1 X40.58 Y134.15
G1 X40.62 Y134.19
G1 X40.66 Y134.24
G1 X40.70 Y134.29
G1 X40.74 Y134.33
G1 X40.78 Y134.38
G1 X40.82 Y134.42
G1 X40.86 Y134.47
G1 X40.91 Y134.51
G1 X40.95 Y134.55
G1 X40.99 Y134.60
G1 X41.03 Y134.64
G1 X41.08 Y134.68
G1 X41.12 Y134.73
G1 X41.16 Y134.77
G1 X41.21 Y134.81
G1 X41.25 Y134.85
G1 X41.29 Y134.90
G1 X41.34 Y134.94
G1 X41.38 Y134.98
G1 X41.43 Y135.02
G1 X41.47 Y135.06
G1 X41.52 Y135.10
G1 X41.57 Y135.14
G1 X41.61 Y135.18
G1 X41.66 Y135.22
G1 X41.70 Y135.26
G1 X41.75 Y135.30
G1 X41.80 Y135.34
G1 X41.84 Y135.38
G1 X41.89 Y135.42
G1 X41.94 Y135.45
G1 X41.99 Y135.49
G1 X42.04 Y135.53
G1 X42.08 Y135.57
G1 X42.13 Y135.60
G1 X42.18 Y135.64
G1 X42.23 Y135.68
G1 X42.28 Y135.71
G1 X42.33 Y135.75
G1 X42.38 Y135.79
G1 X42.43 Y135.82
G1 X42.48 Y135.86
G1 X42.53 Y135.89
G1 X42.58 Y135.92
G1 X42.63 Y135.96
G1 X42.68 Y135.99
G1 X42.73 Y136.03
G1 X42.78 Y136.06
G1 X42.84 Y136.09
G1 X42.89 Y136.12
G1 X42.94 Y136.16
G1 X42.99 Y136.19
G1 X43.04 Y136.22
G1 X43.10 Y136.25
G1 X43.15 Y136.28
G1 X43.20 Y136.31
G1 X43.26 Y136.34
G1 X43.31 Y136.37
G1 X43.36 Y136.40
G1 X43.42 Y136.43
G1 X43.47 Y136.46
G1 X43.53 Y136.49
G1 X43.58 Y136.52
G1 X43.63 Y136.55
G1 X43.69 Y136.58
G1 X43.74 Y136.60
G1 X43.80 Y136.63
G1 X43.86 Y136.66
G1 X43.91 Y136.68
G1 X43.97 Y136.71
G1 X44.02 Y136.74
G1 X44.08 Y136.76
G1 X44.14 Y136.79
G1 X44.19 Y136.81
G1 X44.25 Y136.84
G1 X44.31 Y136.86
G1 X44.36 Y136.89
G1 X44.42 Y136.91
G1 X44.48 Y136.93
G1 X44.53 Y136.95
G1 X44.59 Y136.98
G1 X44.65 Y137.00
G1 X44.71 Y137.02
G1 X44.77 Y137.04
G1 X44.83 Y137.06
G1 X44.88 Y137.09
G1 X44.94 Y137.11
G1 X45.00 Y137.13
G1 X45.06 Y137.15
G1 X45.12 Y137.17
G1 X45.18 Y137.18
G1 X45.24 Y137.20
G1 X45.30 Y137.22
G1 X45.36 Y137.24
G1 X45.42 Y137.26
G1 X45.48 Y137.27
G1 X45.54 Y137.29
G1 X45.60 Y137.31
G1 X45.66 Y137.32
G1 X45.72 Y137.34
G1 X45.78 Y137.36
G1 X45.84 Y137.37
G1 X45.90 Y137.39
G1 X45.97 Y137.40
G1 X46.03 Y137.41
G1 X46.09 Y137.43
G1 X46.15 Y137.44
G1 X46.21 Y137.45
G1 X46.27 Y137.47
G1 X46.34 Y137.48
G1 X46.40 Y137.49
G1 X46.46 Y137.50
G1 X46.52 Y137.51
G1 X46.59 Y137.52
G1 X46.65 Y137.53
G1 X46.71 Y137.54
G1 X46.78 Y137.55
G1 X46.84 Y137.56
G1 X46.90 Y137.57
G1 X46.97 Y137.58
G1 X47.03 Y137.59
G1 X47.09 Y137.59
G1 X47.16 Y137.60
G1 X47.22 Y137.61
G1 X47.29 Y137.61
G1 X47.35 Y137.62
G1 X47.41 Y137.62
G1 X47.48 Y137.63
G1 X47.54 Y137.63
G1 X47.61 Y137.64
G1 X47.67 Y137.64
G1 X47.74 Y137.65
G1 X47.80 Y137.65
G1 X47.87 Y137.65
G1 X47.93 Y137.65
G1 X48.00 Y137.66
G1 X48.06 Y137.66
G1 X48.13 Y137.66
G1 X48.19 Y137.66
G1 X48.26 Y137.66
G1 X48.33 Y137.66
G1 X48.39 Y137.66
G1 X48.46 Y137.66
G1 X48.52 Y137.66
G1 X48.59 Y137.65
G1 X48.65 Y137.65
G1 X48.72 Y137.65
G1 X48.78 Y137.65
G1 X48.85 Y137.64
G1 X48.91 Y137.64
G1 X48.98 Y137.63
G1 X49.04 Y137.63
G1 X49.11 Y137.62
G1 X49.17 Y137.62
G1 X49.23 Y137.61
G1 X49.30 Y137.61
G1 X49.36 Y137.60
G1 X49.43 Y137.59
G1 X49.49 Y137.59
G1 X49.55 Y137.58
G1 X49.62 Y137.57
G1 X49.68 Y137.56
G1 X49.74 Y137.55
G1 X49.81 Y137.54
G1 X49.87 Y137.53
G1 X49.93 Y137.52
G1 X50.00 Y137.51
G1 X50.06 Y137.50
G1 X50.12 Y137.49
G1 X50.18 Y137.48
G1 X50.25 Y137.47
G1 X50.31 Y137.45
G1 X50.37 Y137.44
G1 X50.43 Y137.43
G1 X50.49 Y137.41
G1 X50.55 Y137.40
G1 X50.62 Y137.39
G1 X50.68 Y137.37
G1 X50.74 Y137.36
G1 X50.80 Y137.34
G1 X50.86 Y137.32
G1 X50.92 Y137.31
G1 X50.98 Y137.29
G1 X51.04 Y137.27
G1 X51.10 Y137.26
G1 X51.16 Y137.24
G1 X51.22 Y137.22
G1 X51.28 Y137.20
G1 X51.34 Y137.18
G1 X51.40 Y137.17
G1 X51.46 Y137.15
G1 X51.52 Y137.13
G1 X51.58 Y137.11
G1 X51.64 Y137.09
G1 X51.69 Y137.06
G1 X51.75 Y137.04
G1 X51.81 Y137.02
G1 X51.87 Y137.00
G1 X51.93 Y136.98
G1 X51.99 Y136.95
G1 X52.04 Y136.93
G1 X52.10 Y136.91
G1 X52.16 Y136.89
G1 X52.21 Y136.86
G1 X52.27 Y136.84
G1 X52.33 Y136.81
G1 X52.38 Y136.79
G1 X52.44 Y136.76
G1 X52.50 Y136.74
G1 X52.55 Y136.71
G1 X52.61 Y136.68
G1 X52.66 Y136.66
G1 X52.72 Y136.63
G1 X52.78 Y136.60
G1 X52.83 Y136.58
G1 X52.89 Y136.55
G1 X52.94 Y136.52
G1 X52.99 Y136.49
G1 X53.05 Y136.46
G1 X53.10 Y136.43
G1 X53.16 Y136.40
G1 X53.21 Y136.37
G1 X53.26 Y136.34
G1 X53.32 Y136.31
G1 X53.37 Y136.28
G1 X53.42 Y136.25
G1 X53.48 Y136.22
G1 X53.53 Y136.19
G1 X53.58 Y136.16
G1 X53.63 Y136.12
G1 X53.68 Y136.09
G1 X53.74 Y136.06
G1 X53.79 Y136.03
G1 X53.84 Y135.99
G1 X53.89 Y135.96
G1 X53.94 Y135.92
G1 X53.99 Y135.89
G1 X54.04 Y135.86
G1 X54.09 Y135.82
G1 X54.14 Y135.79
G1 X54.19 Y135.75
G1 X54.24 Y135.71
G1 X54.29 Y135.68
G1 X54.34 Y135.64
G1 X54.39 Y135.60
G1 X54.44 Y135.57
G1 X54.48 Y135.53
G1 X54.53 Y135.49
G1 X54.58 Y135.45
G1 X54.63 Y135.42
G1 X54.68 Y135.38
G1 X54.72 Y135.34
G1 X54.77 Y135.30
G1 X54.82 Y135.26
G1 X54.86 Y135.22
G1 X54.91 Y135.18
G1 X54.95 Y135.14
G1 X55.00 Y135.10
G1 X55.05 Y135.06
G1 X55.09 Y135.02
G1 X55.14 Y134.98
G1 X55.18 Y134.94
G1 X55.23 Y134.90
G1 X55.27 Y134.85
G1 X55.31 Y134.81
G1 X55.36 Y134.77
G1 X55.40 Y134.73
G1 X55.44 Y134.68
G1 X55.49 Y134.64
G1 X55.53 Y134.60
G1 X55.57 Y134.55
G1 X55.61 Y134.51
G1 X55.66 Y134.47
G1 X55.70 Y134.42
G1 X55.74 Y134.38
G1 X55.78 Y134.33
G1 X55.82 Y134.29
G1 X55.86 Y134.24
G1 X55.90 Y134.19
G1 X55.94 Y134.15
G1 X55.98 Y134.10
G1 X56.02 Y134.06
G1 X56.06 Y134.01
G1 X56.10 Y133.96
G1 X56.14 Y133.92
G1 X56.18 Y133.87
G1 X56.22 Y133.82
G1 X56.25 Y133.77
G1 X56.29 Y133.72
G1 X56.33 Y133.68
G1 X56.36 Y133.63
G1 X56.40 Y133.58
G1 X56.44 Y133.53
G1 X56.47 Y133.48
G1 X56.51 Y133.43
G1 X56.55 Y133.38
G1 X56.58 Y133.33
G1 X56.62 Y133.28
G1 X56.65 Y133.23
G1 X56.68 Y133.18
G1 X56.72 Y133.13
G1 X56.75 Y133.08
G1 X56.79 Y133.03
G1 X56.82 Y132.98
G1 X56.85 Y132.92
G1 X56.88 Y132.87
G1 X56.92 Y132.82
G1 X56.95 Y132.77
G1 X56.98 Y132.72
G1 X57.01 Y132.66
G1 X57.04 Y132.61
G1 X57.07 Y132.56
G1 X57.10 Y132.50
G1 X57.13 Y132.45
G1 X57.16 Y132.40
G1 X57.19 Y132.34
G1 X57.22 Y132.29
G1 X57.25 Y132.23
G1 X57.28 Y132.18
G1 X57.31 Y132.13
G1 X57.34 Y132.07
G1 X57.36 Y132.02
G1 X57.39 Y131.96
G1 X57.42 Y131.90
G1 X57.44 Y131.85
G1 X57.47 Y131.79
G1 X57.50 Y131.74
G1 X57.52 Y131.68
G1 X57.55 Y131.62
G1 X57.57 Y131.57
G1 X57.60 Y131.51
G1 X57.62 Y131.45
G1 X57.65 Y131.40
G1 X57.67 Y131.34
G1 X57.69 Y131.28
G1 X57.72 Y131.23
G1 X57.74 Y131.17
G1 X57.76 Y131.11
G1 X57.78 Y131.05
G1 X57.80 Y130.99
G1 X57.82 Y130.93
G1 X57.85 Y130.88
G1 X57.87 Y130.82
G1 X57.89 Y130.76
G1 X57.91 Y130.70
G1 X57.93 Y130.64
G1 X57.94 Y130.58
G1 X57.96 Y130.52
G1 X57.98 Y130.46
G1 X58.00 Y130.40
G1 X58.02 Y130.34
G1 X58.03 Y130.28
G1 X58.05 Y130.22
G1 X58.07 Y130.16
G1 X58.08 Y130.10
G1 X58.10 Y130.04
G1 X58.12 Y129.98
G1 X58.13 Y129.92
G1 X58.15 Y129.86
G1 X58.16 Y129.79
G1 X58.17 Y129.73
G1 X58.19 Y129.67
G1 X58.20 Y129.61
G1 X58.21 Y129.55
G1 X58.23 Y129.49
G1 X58.24 Y129.42
G1 X58.25 Y129.36
G1 X58.26 Y129.30
G1 X58.27 Y129.24
G1 X58.28 Y129.17
G1 X58.29 Y129.11
G1 X58.30 Y129.05
G1 X58.31 Y128.98
G1 X58.32 Y128.92
G1 X58.33 Y128.86
G1 X58.34 Y128.79
G1 X58.35 Y128.73
G1 X58.35 Y128.67
G1 X58.36 Y128.60
G1 X58.37 Y128.54
G1 X58.37 Y128.47
G1 X58.38 Y128.41
G1 X58.39 Y128.35
G1 X58.39 Y128.28
G1 X58.40 Y128.22
G1 X58.40 Y128.15
G1 X58.40 Y128.09
G1 X58.41 Y128.02
G1 X58.41 Y127.96
G1 X58.41 Y127.89
G1 X58.41 Y127.83
G1 X58.42 Y127.76
G1 X58.42 Y127.70
G1 X58.42 Y127.63
G1 X58.42 Y127.57
G1 X58.42 Y127.50
G1 X58.42 Y127.43
G1 X58.42 Y127.37
G1 X58.42 Y127.30
G1 X58.42 Y127.24
G1 X58.41 Y127.17
G1 X58.41 Y127.11
G1 X58.41 Y127.04
G1 X58.41 Y126.98
G1 X58.40 Y126.91
G1 X58.40 Y126.85
G1 X58.40 Y126.78
G1 X58.39 Y126.72
G1 X58.39 Y126.65
G1 X58.38 Y126.59
G1 X58.37 Y126.52
G1 X58.37 Y126.46
G1 X58.36 Y126.40
G1 X58.35 Y126.33
G1 X58.35 Y126.27
G1 X58.34 Y126.21
G1 X58.33 Y126.14
G1 X58.32 Y126.08
G1 X58.31 Y126.02
G1 X58.30 Y125.95
G1 X58.29 Y125.89
G1 X58.28 Y125.83
G1 X58.27 Y125.76
G1 X58.26 Y125.70
G1 X58.25 Y125.64
G1 X58.24 Y125.58
G1 X58.23 Y125.51
G1 X58.21 Y125.45
G1 X58.20 Y125.39
G1 X58.19 Y125.33
G1 X58.17 Y125.27
G1 X58.16 Y125.21
G1 X58.15 Y125.14
G1 X58.13 Y125.08
G1 X58.12 Y125.02
G1 X58.10 Y124.96
G1 X58.08 Y124.90
G1 X58.07 Y124.84
G1 X58.05 Y124.78
G1 X58.03 Y124.72
G1 X58.02 Y124.66
G1 X58.00 Y124.60
G1 X57.98 Y124.54
G1 X57.96 Y124.48
G1 X57.94 Y124.42
G1 X57.93 Y124.36
G1 X57.91 Y124.30
G1 X57.89 Y124.24
G1 X57.87 Y124.18
G1 X57.85 Y124.12
G1 X57.82 Y124.06
G1 X57.80 Y124.01
G1 X57.78 Y123.95
G1 X57.76 Y123.89
G1 X57.74 Y123.83
G1 X57.72 Y123.77
G1 X57.69 Y123.72
G1 X57.67 Y123.66
G1 X57.65 Y123.60
G1 X57.62 Y123.54
G1 X57.60 Y123.49
G1 X57.57 Y123.43
G1 X57.55 Y123.37
G1 X57.52 Y123.32
G1 X57.50 Y123.26
G1 X57.47 Y123.21
G1 X57.44 Y123.15
G1 X57.42 Y123.09
G1 X57.39 Y123.04
G1 X57.36 Y122.98
G1 X57.34 Y122.93
G1 X57.31 Y122.87
G1 X57.28 Y122.82
G1 X57.25 Y122.77
G1 X57.22 Y122.71
G1 X57.19 Y122.66
G1 X57.16 Y122.60
G1 X57.13 Y122.55
G1 X57.10 Y122.50
G1 X57.07 Y122.44
G1 X57.04 Y122.39
G1 X57.01 Y122.34
G1 X56.98 Y122.28
G1 X56.95 Y122.23
G1 X56.92 Y122.18
G1 X56.88 Y122.13
G1 X56.85 Y122.08
G1 X56.82 Y122.02
G1 X56.79 Y121.97
G1 X56.75 Y121.92
G1 X56.72 Y121.87
G1 X56.68 Y121.82
G1 X56.65 Y121.77
G1 X56.62 Y121.72
G1 X56.58 Y121.67
G1 X56.55 Y121.62
G1 X56.51 Y121.57
G1 X56.47 Y121.52
G1 X56.44 Y121.47
G1 X56.40 Y121.42
G1 X56.36 Y121.37
G1 X56.33 Y121.32
G1 X56.29 Y121.28
G1 X56.25 Y121.23
G1 X56.22 Y121.18
G1 X56.18 Y121.13
G1 X56.14 Y121.08
G1 X56.10 Y121.04
G1 X56.06 Y120.99
G1 X56.02 Y120.94
G1 X55.98 Y120.90
G1 X55.94 Y120.85
G1 X55.90 Y120.80
G1 X55.86 Y120.76
G1 X55.82 Y120.71
G1 X55.78 Y120.67
G1 X55.74 Y120.62
G1 X55.70 Y120.58
G1 X55.66 Y120.53
G1 X55.61 Y120.49
G1 X55.57 Y120.45
G1 X55.53 Y120.40
G1 X55.49 Y120.36
G1 X55.44 Y120.32
G1 X55.40 Y120.27
G1 X55.36 Y120.23
G1 X55.31 Y120.19
G1 X55.27 Y120.15
G1 X55.23 Y120.10
G1 X55.18 Y120.06
G1 X55.14 Y120.02
G1 X55.09 Y119.98
G1 X55.05 Y119.94
G1 X55.00 Y119.90
G1 X54.95 Y119.86
G1 X54.91 Y119.82
G1 X54.86 Y119.78
G1 X54.82 Y119.74
G1 X54.77 Y119.70
G1 X54.72 Y119.66
G1 X54.68 Y119.62
G1 X54.63 Y119.58
G1 X54.58 Y119.54
G1 X54.53 Y119.51
G1 X54.48 Y119.47
G1 X54.44 Y119.43
G1 X54.39 Y119.39
G1 X54.34 Y119.36
G1 X54.29 Y119.32
G1 X54.24 Y119.29
G1 X54.19 Y119.25
G1 X54.14 Y119.21
G1 X54.09 Y119.18
G1 X54.04 Y119.14
G1 X53.99 Y119.11
G1 X53.94 Y119.07
G1 X53.89 Y119.04
G1 X53.84 Y119.01
G1 X53.79 Y118.97
G1 X53.74 Y118.94
G1 X53.68 Y118.91
G1 X53.63 Y118.87
G1 X53.58 Y118.84
G1 X53.53 Y118.81
G1 X53.48 Y118.78
G1 X53.42 Y118.75
G1 X53.37 Y118.72
G1 X53.32 Y118.69
G1 X53.26 Y118.66
G1 X53.21 Y118.63
G1 X53.16 Y118.60
G1 X53.10 Y118.57
G1 X53.05 Y118.54
G1 X52.99 Y118.51
G1 X52.94 Y118.48
G1 X52.89 Y118.45
G1 X52.83 Y118.42
G1 X52.78 Y118.40
G1 X52.72 Y118.37
G1 X52.66 Y118.34
G1 X52.61 Y118.31
G1 X52.55 Y118.29
G1 X52.50 Y118.26
G1 X52.44 Y118.24
G1 X52.38 Y118.21
G1 X52.33 Y118.19
G1 X52.27 Y118.16
G1 X52.21 Y118.14
G1 X52.16 Y118.11
G1 X52.10 Y118.09
G1 X52.04 Y118.07
G1 X51.99 Y118.04
G1 X51.93 Y118.02
G1 X51.87 Y118.00
G1 X51.81 Y117.98
G1 X51.75 Y117.96
G1 X51.69 Y117.93
G1 X51.64 Y117.91
G1 X51.58 Y117.89
G1 X51.52 Y117.87
G1 X51.46 Y117.85
G1 X51.40 Y117.83
G1 X51.34 Y117.82
G1 X51.28 Y117.80
G1 X51.22 Y117.78
G1 X51.16 Y117.76
G1 X51.10 Y117.74
G1 X51.04 Y117.73
G1 X50.98 Y117.71
G1 X50.92 Y117.69
G1 X50.86 Y117.68
G1 X50.80 Y117.66
G1 X50.74 Y117.64
G1 X50.68 Y117.63
G1 X50.62 Y117.61
G1 X50.55 Y117.60
G1 X50.49 Y117.59
G1 X50.43 Y117.57
G1 X50.37 Y117.56
G1 X50.31 Y117.55
G1 X50.25 Y117.53
G1 X50.18 Y117.52
G1 X50.12 Y117.51
G1 X50.06 Y117.50
G1 X50.00 Y117.49
G1 X49.93 Y117.48
G1 X49.87 Y117.47
G1 X49.81 Y117.46
G1 X49.74 Y117.45
G1 X49.68 Y117.44
G1 X49.62 Y117.43
G1 X49.55 Y117.42
G1 X49.49 Y117.41
G1 X49.43 Y117.41
G1 X49.36 Y117.40
G1 X49.30 Y117.39
G1 X49.23 Y117.39
G1 X49.17 Y117.38
G1 X49.11 Y117.37
G1 X49.04 Y117.37
G1 X48.98 Y117.36
G1 X48.91 Y117.36
G1 X48.85 Y117.36
G1 X48.78 Y117.35
G1 X48.72 Y117.35
G1 X48.65 Y117.35
G1 X48.59 Y117.34
G1 X48.52 Y117.34
G1 X48.46 Y117.34
G1 X48.39 Y117.34
G1 X48.33 Y117.34
G1 X48.26 Y117.34

; Pass 0 Path 66
G0 X38.10 Y112.26
G1 X43.18 Y107.18 S1000.00 F100
G1 X35.56 Y107.18
G1 X35.49 Y107.18
G1 X35.43 Y107.18
G1 X35.36 Y107.17
G1 X35.30 Y107.17
G1 X35.24 Y107.16
G1 X35.17 Y107.15
G1 X35.11 Y107.14
G1 X35.05 Y107.13
G1 X34.99 Y107.11
G1 X34.92 Y107.10
G1 X34.86 Y107.08
G1 X34.80 Y107.07
G1 X34.74 Y107.05
G1 X34.69 Y107.03
G1 X34.63 Y107.00
G1 X34.57 Y106.98
G1 X34.51 Y106.96
G1 X34.46 Y106.93
G1 X34.40 Y106.90
G1 X34.35 Y106.87
G1 X34.29 Y106.84
G1 X34.24 Y106.81
G1 X34.19 Y106.78
G1 X34.14 Y106.75
G1 X34.09 Y106.71
G1 X34.04 Y106.68
G1 X33.99 Y106.64
G1 X33.94 Y106.60
G1 X33.90 Y106.56
G1 X33.85 Y106.52
G1 X33.81 Y106.48
G1 X33.76 Y106.44
G1 X33.02 Y107.18
G1 X38.10 Y112.26
G1 X38.10 Y112.26

; Pass 0 Path 67
G0 X33.76 Y113.00
G1 X30.48 Y109.72 S1000.00 F100
G1 X25.40 Y114.80
G1 X30.48 Y119.88
G1 X33.02 Y117.34
G1 X33.02 Y114.80
G1 X33.02 Y114.73
G1 X33.02 Y114.67
G1 X33.03 Y114.60
G1 X33.03 Y114.54
G1 X33.04 Y114.48
G1 X33.05 Y114.41
G1 X33.06 Y114.35
G1 X33.07 Y114.29
G1 X33.08 Y114.22
G1 X33.10 Y114.16
G1 X33.12 Y114.10
G1 X33.13 Y114.04
G1 X33.15 Y113.98
G1 X33.17 Y113.92
G1 X33.20 Y113.87
G1 X33.22 Y113.81
G1 X33.24 Y113.75
G1 X33.27 Y113.70
G1 X33.30 Y113.64
G1 X33.33 Y113.59
G1 X33.36 Y113.53
G1 X33.39 Y113.48
G1 X33.42 Y113.43
G1 X33.45 Y113.38
G1 X33.49 Y113.33
G1 X33.52 Y113.28
G1 X33.56 Y113.23
G1 X33.60 Y113.18
G1 X33.64 Y113.14
G1 X33.68 Y113.09
G1 X33.72 Y113.05
G1 X33.76 Y113.00

; Pass 0 Path 68
G0 X30.48 Y104.64
G1 X33.02 Y102.10 S1000.00 F100
G1 X33.02 Y97.02
G1 X30.48 Y94.48
G1 X27.94 Y97.02
G1 X27.94 Y102.10
G1 X30.48 Y104.64

; Pass 0 Path 69
G0 X24.13 Y110.99
G1 X21.59 Y110.99 S1000.00 F100
G1 X22.86 Y112.26
G1 X24.13 Y110.99

; Pass 0 Path 70
G0 X20.32 Y114.80
G1 X16.51 Y110.99 S1000.00 F100
G1 X13.97 Y110.99
G1 X10.16 Y114.80
G1 X12.70 Y117.34
G1 X17.78 Y117.34
G1 X20.32 Y114.80

; Pass 0 Path 71
G0 X8.89 Y110.99
G1 X7.78 Y110.99 S1000.00 F100
G1 X7.71 Y110.99
G1 X7.64 Y110.99
G1 X7.57 Y110.98
G1 X7.50 Y110.98
G1 X7.44 Y110.97
G1 X7.37 Y110.96
G1 X7.30 Y110.95
G1 X7.23 Y110.93
G1 X7.17 Y110.92
G1 X7.10 Y110.90
G1 X7.04 Y110.89
G1 X6.98 Y110.87
G1 X6.91 Y110.85
G1 X6.85 Y110.83
G1 X6.79 Y110.80
G1 X6.73 Y110.78
G1 X6.67 Y110.75
G1 X6.61 Y110.72
G1 X6.55 Y110.69
G1 X6.49 Y110.66
G1 X6.43 Y110.63
G1 X6.38 Y110.60
G1 X6.32 Y110.56
G1 X6.27 Y110.53
G1 X6.21 Y110.49
G1 X6.16 Y110.45
G1 X6.11 Y110.41
G1 X6.06 Y110.37
G1 X6.01 Y110.33
G1 X5.96 Y110.29
G1 X5.92 Y110.25
G1 X5.87 Y110.20
G1 X5.82 Y110.15
G1 X5.78 Y110.11
G1 X5.74 Y110.06
G1 X5.69 Y110.01
G1 X5.65 Y109.96
G1 X5.61 Y109.91
G1 X5.58 Y109.85
G1 X5.54 Y109.80
G1 X5.50 Y109.75
G1 X5.47 Y109.69
G1 X5.44 Y109.63
G1 X5.40 Y109.58
G1 X5.37 Y109.52
G1 X5.35 Y109.46
G1 X5.32 Y109.40
G1 X5.29 Y109.34
G1 X5.27 Y109.28
G1 X5.24 Y109.22
G1 X5.22 Y109.16
G1 X5.20 Y109.09
G1 X5.18 Y109.03
G1 X5.16 Y108.97
G1 X5.15 Y108.90
G1 X5.13 Y108.83
G1 X5.12 Y108.77
G1 X5.11 Y108.70
G1 X5.10 Y108.63
G1 X5.09 Y108.57
G1 X5.09 Y108.50
G1 X5.08 Y108.43
G1 X5.08 Y108.36
G1 X5.08 Y108.29
G1 X5.08 Y104.64
G1 X2.54 Y107.18
G1 X7.62 Y112.26
G1 X8.89 Y110.99

; Pass 0 Path 72
G0 X7.62 Y117.34
G1 X7.62 Y117.34 S1000.00 F100
G1 X7.62 Y117.34
G1 X7.62 Y117.34

; Pass 0 Path 73
G0 X5.08 Y119.88
G1 X2.54 Y122.42 S1000.00 F100
G1 X5.08 Y124.96
G1 X5.08 Y120.04
G1 X5.08 Y119.96
G1 X5.08 Y119.88

; Pass 0 Path 74
G0 X5.08 Y135.12
G1 X2.54 Y137.66 S1000.00 F100
G1 X7.62 Y142.74
G1 X10.16 Y140.20
G1 X7.78 Y140.20
G1 X7.71 Y140.20
G1 X7.64 Y140.20
G1 X7.57 Y140.19
G1 X7.50 Y140.19
G1 X7.44 Y140.18
G1 X7.37 Y140.17
G1 X7.30 Y140.16
G1 X7.23 Y140.15
G1 X7.17 Y140.13
G1 X7.10 Y140.12
G1 X7.04 Y140.10
G1 X6.98 Y140.08
G1 X6.91 Y140.06
G1 X6.85 Y140.04
G1 X6.79 Y140.01
G1 X6.73 Y139.99
G1 X6.67 Y139.96
G1 X6.61 Y139.93
G1 X6.55 Y139.91
G1 X6.49 Y139.88
G1 X6.43 Y139.84
G1 X6.38 Y139.81
G1 X6.32 Y139.78
G1 X6.27 Y139.74
G1 X6.21 Y139.70
G1 X6.16 Y139.66
G1 X6.11 Y139.63
G1 X6.06 Y139.58
G1 X6.01 Y139.54
G1 X5.96 Y139.50
G1 X5.92 Y139.46
G1 X5.87 Y139.41
G1 X5.82 Y139.36
G1 X5.78 Y139.32
G1 X5.74 Y139.27
G1 X5.69 Y139.22
G1 X5.65 Y139.17
G1 X5.61 Y139.12
G1 X5.58 Y139.06
G1 X5.54 Y139.01
G1 X5.50 Y138.96
G1 X5.47 Y138.90
G1 X5.44 Y138.85
G1 X5.40 Y138.79
G1 X5.37 Y138.73
G1 X5.35 Y138.67
G1 X5.32 Y138.61
G1 X5.29 Y138.55
G1 X5.27 Y138.49
G1 X5.24 Y138.43
G1 X5.22 Y138.37
G1 X5.20 Y138.30
G1 X5.18 Y138.24
G1 X5.16 Y138.18
G1 X5.15 Y138.11
G1 X5.13 Y138.05
G1 X5.12 Y137.98
G1 X5.11 Y137.91
G1 X5.10 Y137.84
G1 X5.09 Y137.78
G1 X5.09 Y137.71
G1 X5.08 Y137.64
G1 X5.08 Y137.57
G1 X5.08 Y137.50
G1 X5.08 Y135.12

; Pass 0 Path 75
G0 X10.16 Y145.28
G1 X11.43 Y146.55 S1000.00 F100
G1 X19.05 Y146.55
G1 X20.32 Y145.28
G1 X15.24 Y140.20
G1 X10.16 Y145.28
G1 X10.16 Y145.28

; Pass 0 Path 76
G0 X5.08 Y150.36
G1 X2.54 Y152.90 S1000.00 F100
G1 X5.08 Y155.44
G1 X5.08 Y150.36

; Pass 0 Path 77
G0 X5.08 Y165.60
G1 X2.54 Y168.14 S1000.00 F100
G1 X7.62 Y173.22
G1 X11.43 Y169.41
G1 X7.78 Y169.41
G1 X7.71 Y169.41
G1 X7.64 Y169.41
G1 X7.57 Y169.40
G1 X7.50 Y169.40
G1 X7.44 Y169.39
G1 X7.37 Y169.38
G1 X7.30 Y169.37
G1 X7.23 Y169.36
G1 X7.17 Y169.34
G1 X7.10 Y169.33
G1 X7.04 Y169.31
G1 X6.98 Y169.29
G1 X6.91 Y169.27
G1 X6.85 Y169.25
G1 X6.79 Y169.22
G1 X6.73 Y169.20
G1 X6.67 Y169.17
G1 X6.61 Y169.14
G1 X6.55 Y169.12
G1 X6.49 Y169.09
G1 X6.43 Y169.05
G1 X6.38 Y169.02
G1 X6.32 Y168.99
G1 X6.27 Y168.95
G1 X6.21 Y168.91
G1 X6.16 Y168.88
G1 X6.11 Y168.84
G1 X6.06 Y168.80
G1 X6.01 Y168.75
G1 X5.96 Y168.71
G1 X5.92 Y168.67
G1 X5.87 Y168.62
G1 X5.82 Y168.57
G1 X5.78 Y168.53
G1 X5.74 Y168.48
G1 X5.69 Y168.43
G1 X5.65 Y168.38
G1 X5.61 Y168.33
G1 X5.58 Y168.28
G1 X5.54 Y168.22
G1 X5.50 Y168.17
G1 X5.47 Y168.11
G1 X5.44 Y168.06
G1 X5.40 Y168.00
G1 X5.37 Y167.94
G1 X5.35 Y167.88
G1 X5.32 Y167.82
G1 X5.29 Y167.76
G1 X5.27 Y167.70
G1 X5.24 Y167.64
G1 X5.22 Y167.58
G1 X5.20 Y167.51
G1 X5.18 Y167.45
G1 X5.16 Y167.39
G1 X5.15 Y167.32
G1 X5.13 Y167.26
G1 X5.12 Y167.19
G1 X5.11 Y167.12
G1 X5.10 Y167.05
G1 X5.09 Y166.99
G1 X5.09 Y166.92
G1 X5.08 Y166.85
G1 X5.08 Y166.78
G1 X5.08 Y166.71
G1 X5.08 Y165.60

; Pass 0 Path 78
G0 X15.24 Y170.68
G1 X10.16 Y175.76 S1000.00 F100
G1 X20.32 Y175.76
G1 X15.24 Y170.68

; Pass 0 Path 79
G0 X19.05 Y169.41
G1 X22.86 Y173.22 S1000.00 F100
G1 X27.94 Y168.14
G1 X27.68 Y167.88
G1 X27.66 Y167.92
G1 X27.63 Y167.96
G1 X27.61 Y168.00
G1 X27.59 Y168.04
G1 X27.57 Y168.08
G1 X27.54 Y168.12
G1 X27.52 Y168.16
G1 X27.49 Y168.20
G1 X27.47 Y168.24
G1 X27.44 Y168.28
G1 X27.41 Y168.32
G1 X27.38 Y168.36
G1 X27.35 Y168.39
G1 X27.33 Y168.43
G1 X27.30 Y168.46
G1 X27.26 Y168.50
G1 X27.23 Y168.53
G1 X27.20 Y168.57
G1 X27.17 Y168.60
G1 X27.14 Y168.63
G1 X27.10 Y168.67
G1 X27.07 Y168.70
G1 X27.03 Y168.73
G1 X27.00 Y168.76
G1 X26.96 Y168.79
G1 X26.93 Y168.82
G1 X26.89 Y168.85
G1 X26.85 Y168.88
G1 X26.82 Y168.91
G1 X26.78 Y168.93
G1 X26.74 Y168.96
G1 X26.70 Y168.98
G1 X26.66 Y169.01
G1 X26.62 Y169.03
G1 X26.58 Y169.06
G1 X26.54 Y169.08
G1 X26.50 Y169.10
G1 X26.45 Y169.12
G1 X26.41 Y169.14
G1 X26.37 Y169.16
G1 X26.33 Y169.18
G1 X26.28 Y169.20
G1 X26.24 Y169.22
G1 X26.20 Y169.24
G1 X26.15 Y169.25
G1 X26.11 Y169.27
G1 X26.06 Y169.28
G1 X26.01 Y169.30
G1 X25.97 Y169.31
G1 X25.92 Y169.32
G1 X25.87 Y169.34
G1 X25.83 Y169.35
G1 X25.78 Y169.36
G1 X25.73 Y169.37
G1 X25.68 Y169.37
G1 X25.64 Y169.38
G1 X25.59 Y169.39
G1 X25.54 Y169.39
G1 X25.49 Y169.40
G1 X25.44 Y169.40
G1 X25.39 Y169.41
G1 X25.34 Y169.41
G1 X25.29 Y169.41
G1 X25.24 Y169.41
G1 X19.05 Y169.41

; Pass 0 Path 80
G0 X25.40 Y175.76
G1 X25.41 Y175.77 S1000.00 F100
G1 X25.47 Y175.77
G1 X25.53 Y175.78
G1 X25.60 Y175.78
G1 X25.66 Y175.79
G1 X25.72 Y175.80
G1 X25.78 Y175.81
G1 X25.84 Y175.83
G1 X25.90 Y175.84
G1 X25.96 Y175.86
G1 X26.02 Y175.87
G1 X26.08 Y175.89
G1 X26.14 Y175.91
G1 X26.20 Y175.93
G1 X26.25 Y175.95
G1 X26.31 Y175.98
G1 X26.36 Y176.00
G1 X26.42 Y176.03
G1 X26.47 Y176.06
G1 X26.53 Y176.08
G1 X26.58 Y176.11
G1 X26.63 Y176.14
G1 X26.68 Y176.18
G1 X26.73 Y176.21
G1 X26.78 Y176.24
G1 X26.83 Y176.28
G1 X26.88 Y176.31
G1 X26.93 Y176.35
G1 X26.97 Y176.39
G1 X27.02 Y176.43
G1 X27.06 Y176.47
G1 X27.11 Y176.51
G1 X27.15 Y176.55
G1 X27.19 Y176.59
G1 X27.23 Y176.64
G1 X27.27 Y176.68
G1 X27.31 Y176.73
G1 X27.35 Y176.77
G1 X27.39 Y176.82
G1 X27.42 Y176.87
G1 X27.46 Y176.92
G1 X27.49 Y176.97
G1 X27.52 Y177.02
G1 X27.56 Y177.07
G1 X27.59 Y177.12
G1 X27.62 Y177.17
G1 X27.64 Y177.23
G1 X27.67 Y177.28
G1 X27.70 Y177.34
G1 X27.72 Y177.39
G1 X27.74 Y177.45
G1 X27.77 Y177.50
G1 X27.79 Y177.56
G1 X27.81 Y177.62
G1 X27.83 Y177.68
G1 X27.84 Y177.74
G1 X27.86 Y177.80
G1 X27.87 Y177.86
G1 X27.89 Y177.92
G1 X27.90 Y177.98
G1 X27.91 Y178.04
G1 X27.92 Y178.10
G1 X27.92 Y178.17
G1 X27.93 Y178.23
G1 X27.93 Y178.29
G1 X30.48 Y180.84
G1 X33.76 Y177.56
G1 X33.72 Y177.51
G1 X33.68 Y177.47
G1 X33.64 Y177.42
G1 X33.60 Y177.38
G1 X33.56 Y177.33
G1 X33.52 Y177.28
G1 X33.49 Y177.23
G1 X33.45 Y177.18
G1 X33.42 Y177.13
G1 X33.39 Y177.08
G1 X33.36 Y177.03
G1 X33.33 Y176.97
G1 X33.30 Y176.92
G1 X33.27 Y176.86
G1 X33.24 Y176.81
G1 X33.22 Y176.75
G1 X33.20 Y176.69
G1 X33.17 Y176.63
G1 X33.15 Y176.58
G1 X33.13 Y176.52
G1 X33.12 Y176.46
G1 X33.10 Y176.40
G1 X33.08 Y176.33
G1 X33.07 Y176.27
G1 X33.06 Y176.21
G1 X33.05 Y176.15
G1 X33.04 Y176.08
G1 X33.03 Y176.02
G1 X33.03 Y175.96
G1 X33.02 Y175.89
G1 X33.02 Y175.83
G1 X33.02 Y175.76
G1 X33.02 Y173.22
G1 X30.48 Y170.68
G1 X25.40 Y175.76
G1 X25.40 Y175.76

; Pass 0 Path 81
G0 X33.02 Y183.38
G1 X38.10 Y188.46 S1000.00 F100
G1 X43.18 Y183.38
G1 X38.10 Y178.30
G1 X33.02 Y183.38
G1 X33.02 Y183.38

; Pass 0 Path 82
G0 X30.48 Y185.92
G1 X27.94 Y188.46 S1000.00 F100
G1 X27.94 Y193.54
G1 X30.48 Y196.08
G1 X33.02 Y193.54
G1 X35.56 Y191.00
G1 X30.48 Y185.92

; Pass 0 Path 83
G0 X27.15 Y197.83
G1 X27.10 Y197.88 S1000.00 F100
G1 X27.06 Y197.92
G1 X27.01 Y197.96
G1 X26.96 Y198.00
G1 X26.91 Y198.05
G1 X26.86 Y198.08
G1 X26.80 Y198.12
G1 X26.75 Y198.16
G1 X26.70 Y198.20
G1 X26.64 Y198.23
G1 X26.59 Y198.26
G1 X26.53 Y198.29
G1 X26.47 Y198.33
G1 X26.41 Y198.35
G1 X26.35 Y198.38
G1 X26.29 Y198.41
G1 X26.23 Y198.43
G1 X26.17 Y198.46
G1 X26.11 Y198.48
G1 X26.04 Y198.50
G1 X25.98 Y198.52
G1 X25.92 Y198.54
G1 X25.85 Y198.55
G1 X25.79 Y198.57
G1 X25.72 Y198.58
G1 X25.65 Y198.59
G1 X25.58 Y198.60
G1 X25.52 Y198.61
G1 X25.45 Y198.61
G1 X25.38 Y198.62
G1 X25.31 Y198.62
G1 X25.24 Y198.62
G1 X17.78 Y198.62
G1 X22.86 Y203.70
G1 X27.94 Y198.62
G1 X27.15 Y197.83

; Pass 0 Path 84
G0 X17.78 Y203.70
G1 X15.24 Y201.16 S1000.00 F100
G1 X12.70 Y203.70
G1 X17.78 Y203.70

; Pass 0 Path 85
G0 X12.70 Y198.62
G1 X7.78 Y198.62 S1000.00 F100
G1 X7.71 Y198.62
G1 X7.65 Y198.62
G1 X7.58 Y198.61
G1 X7.51 Y198.61
G1 X7.45 Y198.60
G1 X7.38 Y198.59
G1 X7.32 Y198.58
G1 X7.25 Y198.57
G1 X7.19 Y198.56
G1 X7.13 Y198.54
G1 X7.06 Y198.52
G1 X7.00 Y198.51
G1 X6.94 Y198.49
G1 X6.88 Y198.47
G1 X6.82 Y198.45
G1 X6.76 Y198.42
G1 X6.70 Y198.40
G1 X6.64 Y198.37
G1 X6.59 Y198.35
G1 X6.53 Y198.32
G1 X6.48 Y198.29
G1 X6.42 Y198.26
G1 X6.37 Y198.22
G1 X6.31 Y198.19
G1 X6.26 Y198.16
G1 X6.21 Y198.12
G1 X6.16 Y198.08
G1 X6.11 Y198.04
G1 X6.06 Y198.01
G1 X6.01 Y197.97
G1 X5.97 Y197.92
G1 X5.92 Y197.88
G1 X5.88 Y197.84
G1 X5.83 Y197.79
G1 X5.79 Y197.75
G1 X5.75 Y197.70
G1 X5.71 Y197.65
G1 X5.67 Y197.61
G1 X5.63 Y197.56
G1 X5.59 Y197.51
G1 X5.56 Y197.45
G1 X5.52 Y197.40
G1 X5.49 Y197.35
G1 X5.45 Y197.30
G1 X5.42 Y197.24
G1 X5.39 Y197.19
G1 X5.36 Y197.13
G1 X5.34 Y197.07
G1 X5.31 Y197.02
G1 X5.28 Y196.96
G1 X5.26 Y196.90
G1 X5.24 Y196.84
G1 X5.22 Y196.78
G1 X5.20 Y196.72
G1 X5.18 Y196.66
G1 X5.16 Y196.59
G1 X5.15 Y196.53
G1 X5.13 Y196.47
G1 X5.12 Y196.40
G1 X5.11 Y196.34
G1 X5.10 Y196.27
G1 X5.09 Y196.21
G1 X5.09 Y196.14
G1 X5.08 Y196.08
G1 X2.54 Y198.62
G1 X7.62 Y203.70
G1 X12.70 Y198.62

; Pass 0 Path 86
G0 X5.08 Y185.92
G1 X5.08 Y180.84 S1000.00 F100
G1 X2.54 Y183.38
G1 X5.08 Y185.92

; Pass 0 Path 87
G0 X27.94 Y163.06
G1 X30.48 Y165.60 S1000.00 F100
G1 X33.02 Y163.06
G1 X33.02 Y157.98
G1 X30.48 Y155.44
G1 X27.94 Y157.98
G1 X27.94 Y163.06

; Pass 0 Path 88
G0 X38.10 Y163.06
G1 X38.10 Y163.13 S1000.00 F100
G1 X38.10 Y163.19
G1 X38.10 Y163.26
G1 X38.10 Y163.32
G1 X38.11 Y163.39
G1 X38.11 Y163.45
G1 X38.11 Y163.52
G1 X38.11 Y163.58
G1 X38.12 Y163.65
G1 X38.12 Y163.71
G1 X38.12 Y163.78
G1 X38.13 Y163.84
G1 X38.13 Y163.91
G1 X38.14 Y163.97
G1 X38.15 Y164.03
G1 X38.15 Y164.10
G1 X38.16 Y164.16
G1 X38.17 Y164.23
G1 X38.17 Y164.29
G1 X38.18 Y164.35
G1 X38.19 Y164.42
G1 X38.20 Y164.48
G1 X38.21 Y164.54
G1 X38.22 Y164.61
G1 X38.23 Y164.67
G1 X38.24 Y164.73
G1 X38.25 Y164.80
G1 X38.26 Y164.86
G1 X38.27 Y164.92
G1 X38.28 Y164.98
G1 X38.29 Y165.05
G1 X38.31 Y165.11
G1 X38.32 Y165.17
G1 X38.33 Y165.23
G1 X38.35 Y165.29
G1 X38.36 Y165.35
G1 X38.37 Y165.42
G1 X38.39 Y165.48
G1 X38.40 Y165.54
G1 X38.42 Y165.60
G1 X38.44 Y165.66
G1 X38.45 Y165.72
G1 X38.47 Y165.78
G1 X38.49 Y165.84
G1 X38.50 Y165.90
G1 X38.52 Y165.96
G1 X38.54 Y166.02
G1 X38.56 Y166.08
G1 X38.58 Y166.14
G1 X38.59 Y166.20
G1 X38.61 Y166.26
G1 X38.63 Y166.32
G1 X38.65 Y166.38
G1 X38.67 Y166.44
G1 X38.70 Y166.49
G1 X38.72 Y166.55
G1 X38.74 Y166.61
G1 X38.76 Y166.67
G1 X38.78 Y166.73
G1 X38.80 Y166.79
G1 X38.83 Y166.84
G1 X38.85 Y166.90
G1 X38.87 Y166.96
G1 X38.90 Y167.01
G1 X38.92 Y167.07
G1 X38.95 Y167.13
G1 X38.97 Y167.18
G1 X39.00 Y167.24
G1 X39.02 Y167.30
G1 X39.05 Y167.35
G1 X39.08 Y167.41
G1 X39.10 Y167.46
G1 X39.13 Y167.52
G1 X39.16 Y167.58
G1 X39.18 Y167.63
G1 X39.21 Y167.69
G1 X39.24 Y167.74
G1 X39.27 Y167.79
G1 X39.30 Y167.85
G1 X39.33 Y167.90
G1 X39.36 Y167.96
G1 X39.39 Y168.01
G1 X39.42 Y168.06
G1 X39.45 Y168.12
G1 X39.48 Y168.17
G1 X39.51 Y168.22
G1 X39.54 Y168.28
G1 X39.57 Y168.33
G1 X39.60 Y168.38
G1 X39.64 Y168.43
G1 X39.67 Y168.48
G1 X39.70 Y168.54
G1 X39.73 Y168.59
G1 X39.77 Y168.64
G1 X39.80 Y168.69
G1 X39.84 Y168.74
G1 X39.87 Y168.79
G1 X39.90 Y168.84
G1 X39.94 Y168.89
G1 X39.97 Y168.94
G1 X40.01 Y168.99
G1 X40.05 Y169.04
G1 X40.08 Y169.09
G1 X40.12 Y169.14
G1 X40.16 Y169.19
G1 X40.19 Y169.24
G1 X40.23 Y169.28
G1 X40.27 Y169.33
G1 X40.30 Y169.38
G1 X40.34 Y169.43
G1 X40.38 Y169.48
G1 X40.42 Y169.52
G1 X40.46 Y169.57
G1 X40.50 Y169.62
G1 X40.54 Y169.66
G1 X40.58 Y169.71
G1 X40.62 Y169.75
G1 X40.66 Y169.80
G1 X40.70 Y169.85
G1 X40.74 Y169.89
G1 X40.78 Y169.94
G1 X40.82 Y169.98
G1 X40.86 Y170.03
G1 X40.91 Y170.07
G1 X40.95 Y170.11
G1 X40.99 Y170.16
G1 X41.03 Y170.20
G1 X41.08 Y170.24
G1 X41.12 Y170.29
G1 X41.16 Y170.33
G1 X41.21 Y170.37
G1 X41.25 Y170.41
G1 X41.29 Y170.46
G1 X41.34 Y170.50
G1 X41.38 Y170.54
G1 X41.43 Y170.58
G1 X41.47 Y170.62
G1 X41.52 Y170.66
G1 X41.57 Y170.70
G1 X41.61 Y170.74
G1 X41.66 Y170.78
G1 X41.70 Y170.82
G1 X41.75 Y170.86
G1 X41.80 Y170.90
G1 X41.84 Y170.94
G1 X41.89 Y170.98
G1 X41.94 Y171.02
G1 X41.99 Y171.05
G1 X42.04 Y171.09
G1 X42.08 Y171.13
G1 X42.13 Y171.16
G1 X42.18 Y171.20
G1 X42.23 Y171.24
G1 X42.28 Y171.27
G1 X42.33 Y171.31
G1 X42.38 Y171.35
G1 X42.43 Y171.38
G1 X42.48 Y171.42
G1 X42.53 Y171.45
G1 X42.58 Y171.48
G1 X42.63 Y171.52
G1 X42.68 Y171.55
G1 X42.73 Y171.59
G1 X42.78 Y171.62
G1 X42.84 Y171.65
G1 X42.89 Y171.68
G1 X42.94 Y171.72
G1 X42.99 Y171.75
G1 X43.04 Y171.78
G1 X43.10 Y171.81
G1 X43.15 Y171.84
G1 X43.20 Y171.87
G1 X43.26 Y171.90
G1 X43.31 Y171.93
G1 X43.36 Y171.96
G1 X43.42 Y171.99
G1 X43.47 Y172.02
G1 X43.53 Y172.05
G1 X43.58 Y172.08
G1 X43.63 Y172.11
G1 X43.69 Y172.14
G1 X43.74 Y172.16
G1 X43.80 Y172.19
G1 X43.86 Y172.22
G1 X43.91 Y172.24
G1 X43.97 Y172.27
G1 X44.02 Y172.30
G1 X44.08 Y172.32
G1 X44.14 Y172.35
G1 X44.19 Y172.37
G1 X44.25 Y172.40
G1 X44.31 Y172.42
G1 X44.36 Y172.45
G1 X44.42 Y172.47
G1 X44.48 Y172.49
G1 X44.53 Y172.52
G1 X44.59 Y172.54
G1 X44.65 Y172.56
G1 X44.71 Y172.58
G1 X44.77 Y172.60
G1 X44.83 Y172.62
G1 X44.88 Y172.65
G1 X44.94 Y172.67
G1 X45.00 Y172.69
G1 X45.06 Y172.71
G1 X45.12 Y172.73
G1 X45.18 Y172.74
G1 X45.24 Y172.76
G1 X45.30 Y172.78
G1 X45.36 Y172.80
G1 X45.42 Y172.82
G1 X45.48 Y172.83
G1 X45.54 Y172.85
G1 X45.60 Y172.87
G1 X45.66 Y172.88
G1 X45.72 Y172.90
G1 X45.78 Y172.92
G1 X45.84 Y172.93
G1 X45.90 Y172.95
G1 X45.97 Y172.96
G1 X46.03 Y172.97
G1 X46.09 Y172.99
G1 X46.15 Y173.00
G1 X46.21 Y173.01
G1 X46.27 Y173.03
G1 X46.34 Y173.04
G1 X46.40 Y173.05
G1 X46.46 Y173.06
G1 X46.52 Y173.07
G1 X46.59 Y173.08
G1 X46.65 Y173.09
G1 X46.71 Y173.10
G1 X46.78 Y173.11
G1 X46.84 Y173.12
G1 X46.90 Y173.13
G1 X46.97 Y173.14
G1 X47.03 Y173.15
G1 X47.09 Y173.15
G1 X47.16 Y173.16
G1 X47.22 Y173.17
G1 X47.29 Y173.17
G1 X47.35 Y173.18
G1 X47.41 Y173.19
G1 X47.48 Y173.19
G1 X47.54 Y173.20
G1 X47.61 Y173.20
G1 X47.67 Y173.20
G1 X47.74 Y173.21
G1 X47.80 Y173.21
G1 X47.87 Y173.21
G1 X47.93 Y173.21
G1 X48.00 Y173.22
G1 X48.06 Y173.22
G1 X48.13 Y173.22
G1 X48.19 Y173.22
G1 X48.26 Y173.22
G1 X48.33 Y173.22
G1 X48.39 Y173.22
G1 X48.46 Y173.22
G1 X48.52 Y173.22
G1 X48.59 Y173.21
G1 X48.65 Y173.21
G1 X48.72 Y173.21
G1 X48.78 Y173.21
G1 X48.85 Y173.20
G1 X48.91 Y173.20
G1 X48.98 Y173.20
G1 X49.04 Y173.19
G1 X49.11 Y173.19
G1 X49.17 Y173.18
G1 X49.23 Y173.17
G1 X49.30 Y173.17
G1 X49.36 Y173.16
G1 X49.43 Y173.15
G1 X49.49 Y173.15
G1 X49.55 Y173.14
G1 X49.62 Y173.13
G1 X49.68 Y173.12
G1 X49.74 Y173.11
G1 X49.81 Y173.10
G1 X49.87 Y173.09
G1 X49.93 Y173.08
G1 X50.00 Y173.07
G1 X50.06 Y173.06
G1 X50.12 Y173.05
G1 X50.18 Y173.04
G1 X50.25 Y173.03
G1 X50.31 Y173.01
G1 X50.37 Y173.00
G1 X50.43 Y172.99
G1 X50.49 Y172.97
G1 X50.55 Y172.96
G1 X50.62 Y172.95
G1 X50.68 Y172.93
G1 X50.74 Y172.92
G1 X50.80 Y172.90
G1 X50.86 Y172.88
G1 X50.92 Y172.87
G1 X50.98 Y172.85
G1 X51.04 Y172.83
G1 X51.10 Y172.82
G1 X51.16 Y172.80
G1 X51.22 Y172.78
G1 X51.28 Y172.76
G1 X51.34 Y172.74
G1 X51.40 Y172.73
G1 X51.46 Y172.71
G1 X51.52 Y172.69
G1 X51.58 Y172.67
G1 X51.64 Y172.65
G1 X51.69 Y172.62
G1 X51.75 Y172.60
G1 X51.81 Y172.58
G1 X51.87 Y172.56
G1 X51.93 Y172.54
G1 X51.99 Y172.52
G1 X52.04 Y172.49
G1 X52.10 Y172.47
G1 X52.16 Y172.45
G1 X52.21 Y172.42
G1 X52.27 Y172.40
G1 X52.33 Y172.37
G1 X52.38 Y172.35
G1 X52.44 Y172.32
G1 X52.50 Y172.30
G1 X52.55 Y172.27
G1 X52.61 Y172.24
G1 X52.66 Y172.22
G1 X52.72 Y172.19
G1 X52.78 Y172.16
G1 X52.83 Y172.14
G1 X52.89 Y172.11
G1 X52.94 Y172.08
G1 X52.99 Y172.05
G1 X53.05 Y172.02
G1 X53.10 Y171.99
G1 X53.16 Y171.96
G1 X53.21 Y171.93
G1 X53.26 Y171.90
G1 X53.32 Y171.87
G1 X53.37 Y171.84
G1 X53.42 Y171.81
G1 X53.48 Y171.78
G1 X53.53 Y171.75
G1 X53.58 Y171.72
G1 X53.63 Y171.68
G1 X53.68 Y171.65
G1 X53.74 Y171.62
G1 X53.79 Y171.59
G1 X53.84 Y171.55
G1 X53.89 Y171.52
G1 X53.94 Y171.48
G1 X53.99 Y171.45
G1 X54.04 Y171.42
G1 X54.09 Y171.38
G1 X54.14 Y171.35
G1 X54.19 Y171.31
G1 X54.24 Y171.27
G1 X54.29 Y171.24
G1 X54.34 Y171.20
G1 X54.39 Y171.16
G1 X54.44 Y171.13
G1 X54.48 Y171.09
G1 X54.53 Y171.05
G1 X54.58 Y171.02
G1 X54.63 Y170.98
G1 X54.68 Y170.94
G1 X54.72 Y170.90
G1 X54.77 Y170.86
G1 X54.82 Y170.82
G1 X54.86 Y170.78
G1 X54.91 Y170.74
G1 X54.95 Y170.70
G1 X55.00 Y170.66
G1 X55.05 Y170.62
G1 X55.09 Y170.58
G1 X55.14 Y170.54
G1 X55.18 Y170.50
G1 X55.23 Y170.46
G1 X55.27 Y170.41
G1 X55.31 Y170.37
G1 X55.36 Y170.33
G1 X55.40 Y170.29
G1 X55.44 Y170.24
G1 X55.49 Y170.20
G1 X55.53 Y170.16
G1 X55.57 Y170.11
G1 X55.61 Y170.07
G1 X55.66 Y170.03
G1 X55.70 Y169.98
G1 X55.74 Y169.94
G1 X55.78 Y169.89
G1 X55.82 Y169.85
G1 X55.86 Y169.80
G1 X55.90 Y169.75
G1 X55.94 Y169.71
G1 X55.98 Y169.66
G1 X56.02 Y169.62
G1 X56.06 Y169.57
G1 X56.10 Y169.52
G1 X56.14 Y169.48
G1 X56.18 Y169.43
G1 X56.22 Y169.38
G1 X56.25 Y169.33
G1 X56.29 Y169.28
G1 X56.33 Y169.24
G1 X56.36 Y169.19
G1 X56.40 Y169.14
G1 X56.44 Y169.09
G1 X56.47 Y169.04
G1 X56.51 Y168.99
G1 X56.55 Y168.94
G1 X56.58 Y168.89
G1 X56.62 Y168.84
G1 X56.65 Y168.79
G1 X56.68 Y168.74
G1 X56.72 Y168.69
G1 X56.75 Y168.64
G1 X56.79 Y168.59
G1 X56.82 Y168.54
G1 X56.85 Y168.48
G1 X56.88 Y168.43
G1 X56.92 Y168.38
G1 X56.95 Y168.33
G1 X56.98 Y168.28
G1 X57.01 Y168.22
G1 X57.04 Y168.17
G1 X57.07 Y168.12
G1 X57.10 Y168.06
G1 X57.13 Y168.01
G1 X57.16 Y167.96
G1 X57.19 Y167.90
G1 X57.22 Y167.85
G1 X57.25 Y167.79
G1 X57.28 Y167.74
G1 X57.31 Y167.69
G1 X57.34 Y167.63
G1 X57.36 Y167.58
G1 X57.39 Y167.52
G1 X57.42 Y167.46
G1 X57.44 Y167.41
G1 X57.47 Y167.35
G1 X57.50 Y167.30
G1 X57.52 Y167.24
G1 X57.55 Y167.18
G1 X57.57 Y167.13
G1 X57.60 Y167.07
G1 X57.62 Y167.01
G1 X57.65 Y166.96
G1 X57.67 Y166.90
G1 X57.69 Y166.84
G1 X57.72 Y166.79
G1 X57.74 Y166.73
G1 X57.76 Y166.67
G1 X57.78 Y166.61
G1 X57.80 Y166.55
G1 X57.82 Y166.49
G1 X57.85 Y166.44
G1 X57.87 Y166.38
G1 X57.89 Y166.32
G1 X57.91 Y166.26
G1 X57.93 Y166.20
G1 X57.94 Y166.14
G1 X57.96 Y166.08
G1 X57.98 Y166.02
G1 X58.00 Y165.96
G1 X58.02 Y165.90
G1 X58.03 Y165.84
G1 X58.05 Y165.78
G1 X58.07 Y165.72
G1 X58.08 Y165.66
G1 X58.10 Y165.60
G1 X58.12 Y165.54
G1 X58.13 Y165.48
G1 X58.15 Y165.42
G1 X58.16 Y165.35
G1 X58.17 Y165.29
G1 X58.19 Y165.23
G1 X58.20 Y165.17
G1 X58.21 Y165.11
G1 X58.23 Y165.05
G1 X58.24 Y164.98
G1 X58.25 Y164.92
G1 X58.26 Y164.86
G1 X58.27 Y164.80
G1 X58.28 Y164.73
G1 X58.29 Y164.67
G1 X58.30 Y164.61
G1 X58.31 Y164.54
G1 X58.32 Y164.48
G1 X58.33 Y164.42
G1 X58.34 Y164.35
G1 X58.35 Y164.29
G1 X58.35 Y164.23
G1 X58.36 Y164.16
G1 X58.37 Y164.10
G1 X58.37 Y164.03
G1 X58.38 Y163.97
G1 X58.39 Y163.91
G1 X58.39 Y163.84
G1 X58.40 Y163.78
G1 X58.40 Y163.71
G1 X58.40 Y163.65
G1 X58.41 Y163.58
G1 X58.41 Y163.52
G1 X58.41 Y163.45
G1 X58.41 Y163.39
G1 X58.42 Y163.32
G1 X58.42 Y163.26
G1 X58.42 Y163.19
G1 X58.42 Y163.13
G1 X58.42 Y163.06
G1 X58.42 Y162.99
G1 X58.42 Y162.93
G1 X58.42 Y162.86
G1 X58.42 Y162.80
G1 X58.41 Y162.73
G1 X58.41 Y162.67
G1 X58.41 Y162.60
G1 X58.41 Y162.54
G1 X58.40 Y162.47
G1 X58.40 Y162.41
G1 X58.40 Y162.34
G1 X58.39 Y162.28
G1 X58.39 Y162.21
G1 X58.38 Y162.15
G1 X58.37 Y162.09
G1 X58.37 Y162.02
G1 X58.36 Y161.96
G1 X58.35 Y161.89
G1 X58.35 Y161.83
G1 X58.34 Y161.77
G1 X58.33 Y161.70
G1 X58.32 Y161.64
G1 X58.31 Y161.58
G1 X58.30 Y161.51
G1 X58.29 Y161.45
G1 X58.28 Y161.39
G1 X58.27 Y161.32
G1 X58.26 Y161.26
G1 X58.25 Y161.20
G1 X58.24 Y161.14
G1 X58.23 Y161.07
G1 X58.21 Y161.01
G1 X58.20 Y160.95
G1 X58.19 Y160.89
G1 X58.17 Y160.83
G1 X58.16 Y160.77
G1 X58.15 Y160.70
G1 X58.13 Y160.64
G1 X58.12 Y160.58
G1 X58.10 Y160.52
G1 X58.08 Y160.46
G1 X58.07 Y160.40
G1 X58.05 Y160.34
G1 X58.03 Y160.28
G1 X58.02 Y160.22
G1 X58.00 Y160.16
G1 X57.98 Y160.10
G1 X57.96 Y160.04
G1 X57.94 Y159.98
G1 X57.93 Y159.92
G1 X57.91 Y159.86
G1 X57.89 Y159.80
G1 X57.87 Y159.74
G1 X57.85 Y159.68
G1 X57.82 Y159.63
G1 X57.80 Y159.57
G1 X57.78 Y159.51
G1 X57.76 Y159.45
G1 X57.74 Y159.39
G1 X57.72 Y159.33
G1 X57.69 Y159.28
G1 X57.67 Y159.22
G1 X57.65 Y159.16
G1 X57.62 Y159.11
G1 X57.60 Y159.05
G1 X57.57 Y158.99
G1 X57.55 Y158.94
G1 X57.52 Y158.88
G1 X57.50 Y158.82
G1 X57.47 Y158.77
G1 X57.44 Y158.71
G1 X57.42 Y158.66
G1 X57.39 Y158.60
G1 X57.36 Y158.54
G1 X57.34 Y158.49
G1 X57.31 Y158.43
G1 X57.28 Y158.38
G1 X57.25 Y158.33
G1 X57.22 Y158.27
G1 X57.19 Y158.22
G1 X57.16 Y158.16
G1 X57.13 Y158.11
G1 X57.10 Y158.06
G1 X57.07 Y158.00
G1 X57.04 Y157.95
G1 X57.01 Y157.90
G1 X56.98 Y157.84
G1 X56.95 Y157.79
G1 X56.92 Y157.74
G1 X56.88 Y157.69
G1 X56.85 Y157.64
G1 X56.82 Y157.58
G1 X56.79 Y157.53
G1 X56.75 Y157.48
G1 X56.72 Y157.43
G1 X56.68 Y157.38
G1 X56.65 Y157.33
G1 X56.62 Y157.28
G1 X56.58 Y157.23
G1 X56.55 Y157.18
G1 X56.51 Y157.13
G1 X56.47 Y157.08
G1 X56.44 Y157.03
G1 X56.40 Y156.98
G1 X56.36 Y156.93
G1 X56.33 Y156.88
G1 X56.29 Y156.84
G1 X56.25 Y156.79
G1 X56.22 Y156.74
G1 X56.18 Y156.69
G1 X56.14 Y156.64
G1 X56.10 Y156.60
G1 X56.06 Y156.55
G1 X56.02 Y156.50
G1 X55.98 Y156.46
G1 X55.94 Y156.41
G1 X55.90 Y156.37
G1 X55.86 Y156.32
G1 X55.82 Y156.27
G1 X55.78 Y156.23
G1 X55.74 Y156.18
G1 X55.70 Y156.14
G1 X55.66 Y156.09
G1 X55.61 Y156.05
G1 X55.57 Y156.01
G1 X55.53 Y155.96
G1 X55.49 Y155.92
G1 X55.44 Y155.88
G1 X55.40 Y155.83
G1 X55.36 Y155.79
G1 X55.31 Y155.75
G1 X55.27 Y155.71
G1 X55.23 Y155.66
G1 X55.18 Y155.62
G1 X55.14 Y155.58
G1 X55.09 Y155.54
G1 X55.05 Y155.50
G1 X55.00 Y155.46
G1 X54.95 Y155.42
G1 X54.91 Y155.38
G1 X54.86 Y155.34
G1 X54.82 Y155.30
G1 X54.77 Y155.26
G1 X54.72 Y155.22
G1 X54.68 Y155.18
G1 X54.63 Y155.14
G1 X54.58 Y155.10
G1 X54.53 Y155.07
G1 X54.48 Y155.03
G1 X54.44 Y154.99
G1 X54.39 Y154.96
G1 X54.34 Y154.92
G1 X54.29 Y154.88
G1 X54.24 Y154.85
G1 X54.19 Y154.81
G1 X54.14 Y154.77
G1 X54.09 Y154.74
G1 X54.04 Y154.70
G1 X53.99 Y154.67
G1 X53.94 Y154.64
G1 X53.89 Y154.60
G1 X53.84 Y154.57
G1 X53.79 Y154.53
G1 X53.74 Y154.50
G1 X53.68 Y154.47
G1 X53.63 Y154.44
G1 X53.58 Y154.40
G1 X53.53 Y154.37
G1 X53.48 Y154.34
G1 X53.42 Y154.31
G1 X53.37 Y154.28
G1 X53.32 Y154.25
G1 X53.26 Y154.22
G1 X53.21 Y154.19
G1 X53.16 Y154.16
G1 X53.10 Y154.13
G1 X53.05 Y154.10
G1 X52.99 Y154.07
G1 X52.94 Y154.04
G1 X52.89 Y154.01
G1 X52.83 Y153.98
G1 X52.78 Y153.96
G1 X52.72 Y153.93
G1 X52.66 Y153.90
G1 X52.61 Y153.88
G1 X52.55 Y153.85
G1 X52.50 Y153.82
G1 X52.44 Y153.80
G1 X52.38 Y153.77
G1 X52.33 Y153.75
G1 X52.27 Y153.72
G1 X52.21 Y153.70
G1 X52.16 Y153.67
G1 X52.10 Y153.65
G1 X52.04 Y153.63
G1 X51.99 Y153.60
G1 X51.93 Y153.58
G1 X51.87 Y153.56
G1 X51.81 Y153.54
G1 X51.75 Y153.52
G1 X51.69 Y153.50
G1 X51.64 Y153.47
G1 X51.58 Y153.45
G1 X51.52 Y153.43
G1 X51.46 Y153.41
G1 X51.40 Y153.39
G1 X51.34 Y153.38
G1 X51.28 Y153.36
G1 X51.22 Y153.34
G1 X51.16 Y153.32
G1 X51.10 Y153.30
G1 X51.04 Y153.29
G1 X50.98 Y153.27
G1 X50.92 Y153.25
G1 X50.86 Y153.24
G1 X50.80 Y153.22
G1 X50.74 Y153.20
G1 X50.68 Y153.19
G1 X50.62 Y153.17
G1 X50.55 Y153.16
G1 X50.49 Y153.15
G1 X50.43 Y153.13
G1 X50.37 Y153.12
G1 X50.31 Y153.11
G1 X50.25 Y153.09
G1 X50.18 Y153.08
G1 X50.12 Y153.07
G1 X50.06 Y153.06
G1 X50.00 Y153.05
G1 X49.93 Y153.04
G1 X49.87 Y153.03
G1 X49.81 Y153.02
G1 X49.74 Y153.01
G1 X49.68 Y153.00
G1 X49.62 Y152.99
G1 X49.55 Y152.98
G1 X49.49 Y152.97
G1 X49.43 Y152.97
G1 X49.36 Y152.96
G1 X49.30 Y152.95
G1 X49.23 Y152.95
G1 X49.17 Y152.94
G1 X49.11 Y152.93
G1 X49.04 Y152.93
G1 X48.98 Y152.92
G1 X48.91 Y152.92
G1 X48.85 Y152.92
G1 X48.78 Y152.91
G1 X48.72 Y152.91
G1 X48.65 Y152.91
G1 X48.59 Y152.91
G1 X48.52 Y152.90
G1 X48.46 Y152.90
G1 X48.39 Y152.90
G1 X48.33 Y152.90
G1 X48.26 Y152.90
G1 X48.19 Y152.90
G1 X48.13 Y152.90
G1 X48.06 Y152.90
G1 X48.00 Y152.90
G1 X47.93 Y152.91
G1 X47.87 Y152.91
G1 X47.80 Y152.91
G1 X47.74 Y152.91
G1 X47.67 Y152.92
G1 X47.61 Y152.92
G1 X47.54 Y152.92
G1 X47.48 Y152.93
G1 X47.41 Y152.93
G1 X47.35 Y152.94
G1 X47.29 Y152.95
G1 X47.22 Y152.95
G1 X47.16 Y152.96
G1 X47.09 Y152.97
G1 X47.03 Y152.97
G1 X46.97 Y152.98
G1 X46.90 Y152.99
G1 X46.84 Y153.00
G1 X46.78 Y153.01
G1 X46.71 Y153.02
G1 X46.65 Y153.03
G1 X46.59 Y153.04
G1 X46.52 Y153.05
G1 X46.46 Y153.06
G1 X46.40 Y153.07
G1 X46.34 Y153.08
G1 X46.27 Y153.09
G1 X46.21 Y153.11
G1 X46.15 Y153.12
G1 X46.09 Y153.13
G1 X46.03 Y153.15
G1 X45.97 Y153.16
G1 X45.90 Y153.17
G1 X45.84 Y153.19
G1 X45.78 Y153.20
G1 X45.72 Y153.22
G1 X45.66 Y153.24
G1 X45.60 Y153.25
G1 X45.54 Y153.27
G1 X45.48 Y153.29
G1 X45.42 Y153.30
G1 X45.36 Y153.32
G1 X45.30 Y153.34
G1 X45.24 Y153.36
G1 X45.18 Y153.38
G1 X45.12 Y153.39
G1 X45.06 Y153.41
G1 X45.00 Y153.43
G1 X44.94 Y153.45
G1 X44.88 Y153.47
G1 X44.83 Y153.50
G1 X44.77 Y153.52
G1 X44.71 Y153.54
G1 X44.65 Y153.56
G1 X44.59 Y153.58
G1 X44.53 Y153.60
G1 X44.48 Y153.63
G1 X44.42 Y153.65
G1 X44.36 Y153.67
G1 X44.31 Y153.70
G1 X44.25 Y153.72
G1 X44.19 Y153.75
G1 X44.14 Y153.77
G1 X44.08 Y153.80
G1 X44.02 Y153.82
G1 X43.97 Y153.85
G1 X43.91 Y153.88
G1 X43.86 Y153.90
G1 X43.80 Y153.93
G1 X43.74 Y153.96
G1 X43.69 Y153.98
G1 X43.63 Y154.01
G1 X43.58 Y154.04
G1 X43.53 Y154.07
G1 X43.47 Y154.10
G1 X43.42 Y154.13
G1 X43.36 Y154.16
G1 X43.31 Y154.19
G1 X43.26 Y154.22
G1 X43.20 Y154.25
G1 X43.15 Y154.28
G1 X43.10 Y154.31
G1 X43.04 Y154.34
G1 X42.99 Y154.37
G1 X42.94 Y154.40
G1 X42.89 Y154.44
G1 X42.84 Y154.47
G1 X42.78 Y154.50
G1 X42.73 Y154.53
G1 X42.68 Y154.57
G1 X42.63 Y154.60
G1 X42.58 Y154.64
G1 X42.53 Y154.67
G1 X42.48 Y154.70
G1 X42.43 Y154.74
G1 X42.38 Y154.77
G1 X42.33 Y154.81
G1 X42.28 Y154.85
G1 X42.23 Y154.88
G1 X42.18 Y154.92
G1 X42.13 Y154.96
G1 X42.08 Y154.99
G1 X42.04 Y155.03
G1 X41.99 Y155.07
G1 X41.94 Y155.10
G1 X41.89 Y155.14
G1 X41.84 Y155.18
G1 X41.80 Y155.22
G1 X41.75 Y155.26
G1 X41.70 Y155.30
G1 X41.66 Y155.34
G1 X41.61 Y155.38
G1 X41.57 Y155.42
G1 X41.52 Y155.46
G1 X41.47 Y155.50
G1 X41.43 Y155.54
G1 X41.38 Y155.58
G1 X41.34 Y155.62
G1 X41.29 Y155.66
G1 X41.25 Y155.71
G1 X41.21 Y155.75
G1 X41.16 Y155.79
G1 X41.12 Y155.83
G1 X41.08 Y155.88
G1 X41.03 Y155.92
G1 X40.99 Y155.96
G1 X40.95 Y156.01
G1 X40.91 Y156.05
G1 X40.86 Y156.09
G1 X40.82 Y156.14
G1 X40.78 Y156.18
G1 X40.74 Y156.23
G1 X40.70 Y156.27
G1 X40.66 Y156.32
G1 X40.62 Y156.37
G1 X40.58 Y156.41
G1 X40.54 Y156.46
G1 X40.50 Y156.50
G1 X40.46 Y156.55
G1 X40.42 Y156.60
G1 X40.38 Y156.64
G1 X40.34 Y156.69
G1 X40.30 Y156.74
G1 X40.27 Y156.79
G1 X40.23 Y156.84
G1 X40.19 Y156.88
G1 X40.16 Y156.93
G1 X40.12 Y156.98
G1 X40.08 Y157.03
G1 X40.05 Y157.08
G1 X40.01 Y157.13
G1 X39.97 Y157.18
G1 X39.94 Y157.23
G1 X39.90 Y157.28
G1 X39.87 Y157.33
G1 X39.84 Y157.38
G1 X39.80 Y157.43
G1 X39.77 Y157.48
G1 X39.73 Y157.53
G1 X39.70 Y157.58
G1 X39.67 Y157.64
G1 X39.64 Y157.69
G1 X39.60 Y157.74
G1 X39.57 Y157.79
G1 X39.54 Y157.84
G1 X39.51 Y157.90
G1 X39.48 Y157.95
G1 X39.45 Y158.00
G1 X39.42 Y158.06
G1 X39.39 Y158.11
G1 X39.36 Y158.16
G1 X39.33 Y158.22
G1 X39.30 Y158.27
G1 X39.27 Y158.33
G1 X39.24 Y158.38
G1 X39.21 Y158.43
G1 X39.18 Y158.49
G1 X39.16 Y158.54
G1 X39.13 Y158.60
G1 X39.10 Y158.66
G1 X39.08 Y158.71
G1 X39.05 Y158.77
G1 X39.02 Y158.82
G1 X39.00 Y158.88
G1 X38.97 Y158.94
G1 X38.95 Y158.99
G1 X38.92 Y159.05
G1 X38.90 Y159.11
G1 X38.87 Y159.16
G1 X38.85 Y159.22
G1 X38.83 Y159.28
G1 X38.80 Y159.33
G1 X38.78 Y159.39
G1 X38.76 Y159.45
G1 X38.74 Y159.51
G1 X38.72 Y159.57
G1 X38.70 Y159.63
G1 X38.67 Y159.68
G1 X38.65 Y159.74
G1 X38.63 Y159.80
G1 X38.61 Y159.86
G1 X38.59 Y159.92
G1 X38.58 Y159.98
G1 X38.56 Y160.04
G1 X38.54 Y160.10
G1 X38.52 Y160.16
G1 X38.50 Y160.22
G1 X38.49 Y160.28
G1 X38.47 Y160.34
G1 X38.45 Y160.40
G1 X38.44 Y160.46
G1 X38.42 Y160.52
G1 X38.40 Y160.58
G1 X38.39 Y160.64
G1 X38.37 Y160.70
G1 X38.36 Y160.77
G1 X38.35 Y160.83
G1 X38.33 Y160.89
G1 X38.32 Y160.95
G1 X38.31 Y161.01
G1 X38.29 Y161.07
G1 X38.28 Y161.14
G1 X38.27 Y161.20
G1 X38.26 Y161.26
G1 X38.25 Y161.32
G1 X38.24 Y161.39
G1 X38.23 Y161.45
G1 X38.22 Y161.51
G1 X38.21 Y161.58
G1 X38.20 Y161.64
G1 X38.19 Y161.70
G1 X38.18 Y161.77
G1 X38.17 Y161.83
G1 X38.17 Y161.89
G1 X38.16 Y161.96
G1 X38.15 Y162.02
G1 X38.15 Y162.09
G1 X38.14 Y162.15
G1 X38.13 Y162.21
G1 X38.13 Y162.28
G1 X38.12 Y162.34
G1 X38.12 Y162.41
G1 X38.12 Y162.47
G1 X38.11 Y162.54
G1 X38.11 Y162.60
G1 X38.11 Y162.67
G1 X38.11 Y162.73
G1 X38.10 Y162.80
G1 X38.10 Y162.86
G1 X38.10 Y162.93
G1 X38.10 Y162.99
G1 X38.10 Y163.06

; Pass 0 Path 89
G0 X30.48 Y150.36
G1 X35.56 Y145.28 S1000.00 F100
G1 X30.48 Y140.20
G1 X25.40 Y145.28
G1 X30.48 Y150.36

; Pass 0 Path 90
G0 X22.86 Y142.74
G1 X25.40 Y140.19 S1000.00 F100
G1 X25.32 Y140.20
G1 X25.24 Y140.20
G1 X20.32 Y140.20
G1 X22.86 Y142.74

; Pass 0 Path 91
G0 X27.93 Y137.66
G1 X27.93 Y137.66 S1000.00 F100
G1 X27.93 Y137.66
G1 X27.93 Y137.66
G1 X27.93 Y137.66

; Pass 0 Path 92
G0 X27.93 Y137.66
G1 X27.94 Y137.66 S1000.00 F100
G1 X27.94 Y137.66
G1 X27.93 Y137.66
G1 X27.93 Y137.66

; Pass 0 Path 93
G0 X30.48 Y135.12
G1 X33.02 Y132.58 S1000.00 F100
G1 X33.02 Y127.50
G1 X30.48 Y124.96
G1 X27.94 Y127.50
G1 X27.94 Y132.58
G1 X30.48 Y135.12

; Pass 0 Path 94
G0 X40.64 Y145.28
G1 X43.18 Y147.82 S1000.00 F100
G1 X48.26 Y147.82
G1 X50.80 Y145.28
G1 X48.26 Y142.74
G1 X43.18 Y142.74
G1 X40.64 Y145.28

; Pass 0 Path 95
G0 X55.88 Y145.28
G1 X58.42 Y147.82 S1000.00 F100
G1 X63.50 Y147.82
G1 X66.04 Y145.28
G1 X63.50 Y142.74
G1 X58.42 Y142.74
G1 X55.88 Y145.28

; Pass 0 Path 96
G0 X71.12 Y145.28
G1 X73.66 Y147.82 S1000.00 F100
G1 X78.74 Y147.82
G1 X81.28 Y145.28
G1 X78.74 Y142.74
G1 X73.66 Y142.74
G1 X71.12 Y145.28

; Pass 0 Path 97
G0 X71.12 Y155.44
G1 X71.02 Y155.44 S1000.00 F100
G1 X70.92 Y155.44
G1 X70.83 Y155.45
G1 X70.73 Y155.45
G1 X70.63 Y155.46
G1 X70.53 Y155.46
G1 X70.44 Y155.47
G1 X70.34 Y155.48
G1 X70.25 Y155.49
G1 X70.15 Y155.50
G1 X70.05 Y155.51
G1 X69.96 Y155.53
G1 X69.87 Y155.54
G1 X69.77 Y155.56
G1 X69.68 Y155.58
G1 X69.58 Y155.59
G1 X69.49 Y155.61
G1 X69.40 Y155.64
G1 X69.31 Y155.66
G1 X69.22 Y155.68
G1 X69.12 Y155.70
G1 X69.03 Y155.73
G1 X68.94 Y155.76
G1 X68.85 Y155.78
G1 X68.76 Y155.81
G1 X68.68 Y155.84
G1 X68.59 Y155.87
G1 X68.50 Y155.90
G1 X68.41 Y155.93
G1 X68.33 Y155.97
G1 X68.24 Y156.00
G1 X68.15 Y156.04
G1 X68.07 Y156.08
G1 X67.98 Y156.11
G1 X67.90 Y156.15
G1 X67.82 Y156.19
G1 X67.73 Y156.23
G1 X67.65 Y156.27
G1 X67.57 Y156.32
G1 X67.49 Y156.36
G1 X67.41 Y156.40
G1 X67.33 Y156.45
G1 X67.25 Y156.50
G1 X67.17 Y156.54
G1 X67.09 Y156.59
G1 X67.01 Y156.64
G1 X66.94 Y156.69
G1 X66.86 Y156.74
G1 X66.78 Y156.79
G1 X66.71 Y156.85
G1 X66.63 Y156.90
G1 X66.56 Y156.95
G1 X66.49 Y157.01
G1 X66.42 Y157.07
G1 X66.34 Y157.12
G1 X66.27 Y157.18
G1 X66.20 Y157.24
G1 X66.13 Y157.30
G1 X66.06 Y157.36
G1 X66.00 Y157.42
G1 X65.93 Y157.48
G1 X65.86 Y157.54
G1 X65.80 Y157.61
G1 X65.73 Y157.67
G1 X65.67 Y157.74
G1 X65.60 Y157.80
G1 X65.54 Y157.87
G1 X65.48 Y157.94
G1 X65.42 Y158.00
G1 X65.36 Y158.07
G1 X65.30 Y158.14
G1 X65.24 Y158.21
G1 X65.18 Y158.28
G1 X65.13 Y158.36
G1 X65.07 Y158.43
G1 X65.01 Y158.50
G1 X64.96 Y158.57
G1 X64.91 Y158.65
G1 X64.85 Y158.72
G1 X64.80 Y158.80
G1 X64.75 Y158.88
G1 X64.70 Y158.95
G1 X64.65 Y159.03
G1 X64.60 Y159.11
G1 X64.56 Y159.19
G1 X64.51 Y159.27
G1 X64.46 Y159.35
G1 X64.42 Y159.43
G1 X64.38 Y159.51
G1 X64.33 Y159.59
G1 X64.29 Y159.67
G1 X64.25 Y159.76
G1 X64.21 Y159.84
G1 X64.17 Y159.92
G1 X64.14 Y160.01
G1 X64.10 Y160.09
G1 X64.06 Y160.18
G1 X64.03 Y160.27
G1 X63.99 Y160.35
G1 X63.96 Y160.44
G1 X63.93 Y160.53
G1 X63.90 Y160.62
G1 X63.87 Y160.70
G1 X63.84 Y160.79
G1 X63.82 Y160.88
G1 X63.79 Y160.97
G1 X63.76 Y161.06
G1 X63.74 Y161.16
G1 X63.72 Y161.25
G1 X63.70 Y161.34
G1 X63.67 Y161.43
G1 X63.65 Y161.52
G1 X63.64 Y161.62
G1 X63.62 Y161.71
G1 X63.60 Y161.81
G1 X63.59 Y161.90
G1 X63.57 Y161.99
G1 X63.56 Y162.09
G1 X63.55 Y162.18
G1 X63.54 Y162.28
G1 X63.53 Y162.38
G1 X63.52 Y162.47
G1 X63.52 Y162.57
G1 X63.51 Y162.67
G1 X63.51 Y162.77
G1 X63.50 Y162.86
G1 X63.50 Y162.96
G1 X63.50 Y163.06
G1 X63.50 Y163.16
G1 X63.50 Y163.26
G1 X63.51 Y163.35
G1 X63.51 Y163.45
G1 X63.52 Y163.55
G1 X63.52 Y163.65
G1 X63.53 Y163.74
G1 X63.54 Y163.84
G1 X63.55 Y163.93
G1 X63.56 Y164.03
G1 X63.57 Y164.13
G1 X63.59 Y164.22
G1 X63.60 Y164.31
G1 X63.62 Y164.41
G1 X63.64 Y164.50
G1 X63.65 Y164.60
G1 X63.67 Y164.69
G1 X63.70 Y164.78
G1 X63.72 Y164.87
G1 X63.74 Y164.96
G1 X63.76 Y165.06
G1 X63.79 Y165.15
G1 X63.82 Y165.24
G1 X63.84 Y165.33
G1 X63.87 Y165.42
G1 X63.90 Y165.50
G1 X63.93 Y165.59
G1 X63.96 Y165.68
G1 X63.99 Y165.77
G1 X64.03 Y165.85
G1 X64.06 Y165.94
G1 X64.10 Y166.03
G1 X64.14 Y166.11
G1 X64.17 Y166.20
G1 X64.21 Y166.28
G1 X64.25 Y166.36
G1 X64.29 Y166.45
G1 X64.33 Y166.53
G1 X64.38 Y166.61
G1 X64.42 Y166.69
G1 X64.46 Y166.77
G1 X64.51 Y166.85
G1 X64.56 Y166.93
G1 X64.60 Y167.01
G1 X64.65 Y167.09
G1 X64.70 Y167.17
G1 X64.75 Y167.24
G1 X64.80 Y167.32
G1 X64.85 Y167.40
G1 X64.91 Y167.47
G1 X64.96 Y167.55
G1 X65.01 Y167.62
G1 X65.07 Y167.69
G1 X65.13 Y167.76
G1 X65.18 Y167.84
G1 X65.24 Y167.91
G1 X65.30 Y167.98
G1 X65.36 Y168.05
G1 X65.42 Y168.12
G1 X65.48 Y168.18
G1 X65.54 Y168.25
G1 X65.60 Y168.32
G1 X65.67 Y168.38
G1 X65.73 Y168.45
G1 X65.80 Y168.51
G1 X65.86 Y168.58
G1 X65.93 Y168.64
G1 X66.00 Y168.70
G1 X66.06 Y168.76
G1 X66.13 Y168.82
G1 X66.20 Y168.88
G1 X66.27 Y168.94
G1 X66.34 Y169.00
G1 X66.42 Y169.05
G1 X66.49 Y169.11
G1 X66.56 Y169.17
G1 X66.63 Y169.22
G1 X66.71 Y169.27
G1 X66.78 Y169.33
G1 X66.86 Y169.38
G1 X66.94 Y169.43
G1 X67.01 Y169.48
G1 X67.09 Y169.53
G1 X67.17 Y169.58
G1 X67.25 Y169.62
G1 X67.33 Y169.67
G1 X67.41 Y169.72
G1 X67.49 Y169.76
G1 X67.57 Y169.80
G1 X67.65 Y169.85
G1 X67.73 Y169.89
G1 X67.82 Y169.93
G1 X67.90 Y169.97
G1 X67.98 Y170.01
G1 X68.07 Y170.04
G1 X68.15 Y170.08
G1 X68.24 Y170.12
G1 X68.33 Y170.15
G1 X68.41 Y170.19
G1 X68.50 Y170.22
G1 X68.59 Y170.25
G1 X68.68 Y170.28
G1 X68.76 Y170.31
G1 X68.85 Y170.34
G1 X68.94 Y170.36
G1 X69.03 Y170.39
G1 X69.12 Y170.42
G1 X69.22 Y170.44
G1 X69.31 Y170.46
G1 X69.40 Y170.48
G1 X69.49 Y170.51
G1 X69.58 Y170.53
G1 X69.68 Y170.54
G1 X69.77 Y170.56
G1 X69.87 Y170.58
G1 X69.96 Y170.59
G1 X70.05 Y170.61
G1 X70.15 Y170.62
G1 X70.25 Y170.63
G1 X70.34 Y170.64
G1 X70.44 Y170.65
G1 X70.53 Y170.66
G1 X70.63 Y170.66
G1 X70.73 Y170.67
G1 X70.83 Y170.67
G1 X70.92 Y170.68
G1 X71.02 Y170.68
G1 X71.12 Y170.68
G1 X71.22 Y170.68
G1 X71.32 Y170.68
G1 X71.41 Y170.67
G1 X71.51 Y170.67
G1 X71.61 Y170.66
G1 X71.71 Y170.66
G1 X71.80 Y170.65
G1 X71.90 Y170.64
G1 X71.99 Y170.63
G1 X72.09 Y170.62
G1 X72.19 Y170.61
G1 X72.28 Y170.59
G1 X72.37 Y170.58
G1 X72.47 Y170.56
G1 X72.56 Y170.54
G1 X72.66 Y170.53
G1 X72.75 Y170.51
G1 X72.84 Y170.48
G1 X72.93 Y170.46
G1 X73.02 Y170.44
G1 X73.12 Y170.42
G1 X73.21 Y170.39
G1 X73.30 Y170.36
G1 X73.39 Y170.34
G1 X73.48 Y170.31
G1 X73.56 Y170.28
G1 X73.65 Y170.25
G1 X73.74 Y170.22
G1 X73.83 Y170.19
G1 X73.91 Y170.15
G1 X74.00 Y170.12
G1 X74.09 Y170.08
G1 X74.17 Y170.04
G1 X74.26 Y170.01
G1 X74.34 Y169.97
G1 X74.42 Y169.93
G1 X74.51 Y169.89
G1 X74.59 Y169.85
G1 X74.67 Y169.80
G1 X74.75 Y169.76
G1 X74.83 Y169.72
G1 X74.91 Y169.67
G1 X74.99 Y169.62
G1 X75.07 Y169.58
G1 X75.15 Y169.53
G1 X75.23 Y169.48
G1 X75.30 Y169.43
G1 X75.38 Y169.38
G1 X75.46 Y169.33
G1 X75.53 Y169.27
G1 X75.61 Y169.22
G1 X75.68 Y169.17
G1 X75.75 Y169.11
G1 X75.82 Y169.05
G1 X75.90 Y169.00
G1 X75.97 Y168.94
G1 X76.04 Y168.88
G1 X76.11 Y168.82
G1 X76.18 Y168.76
G1 X76.24 Y168.70
G1 X76.31 Y168.64
G1 X76.38 Y168.58
G1 X76.44 Y168.51
G1 X76.51 Y168.45
G1 X76.57 Y168.38
G1 X76.64 Y168.32
G1 X76.70 Y168.25
G1 X76.76 Y168.18
G1 X76.82 Y168.12
G1 X76.88 Y168.05
G1 X76.94 Y167.98
G1 X77.00 Y167.91
G1 X77.06 Y167.84
G1 X77.11 Y167.76
G1 X77.17 Y167.69
G1 X77.23 Y167.62
G1 X77.28 Y167.55
G1 X77.33 Y167.47
G1 X77.39 Y167.40
G1 X77.44 Y167.32
G1 X77.49 Y167.24
G1 X77.54 Y167.17
G1 X77.59 Y167.09
G1 X77.64 Y167.01
G1 X77.68 Y166.93
G1 X77.73 Y166.85
G1 X77.78 Y166.77
G1 X77.82 Y166.69
G1 X77.86 Y166.61
G1 X77.91 Y166.53
G1 X77.95 Y166.45
G1 X77.99 Y166.36
G1 X78.03 Y166.28
G1 X78.07 Y166.20
G1 X78.10 Y166.11
G1 X78.14 Y166.03
G1 X78.18 Y165.94
G1 X78.21 Y165.85
G1 X78.25 Y165.77
G1 X78.28 Y165.68
G1 X78.31 Y165.59
G1 X78.34 Y165.50
G1 X78.37 Y165.42
G1 X78.40 Y165.33
G1 X78.42 Y165.24
G1 X78.45 Y165.15
G1 X78.48 Y165.06
G1 X78.50 Y164.96
G1 X78.52 Y164.87
G1 X78.54 Y164.78
G1 X78.57 Y164.69
G1 X78.59 Y164.60
G1 X78.60 Y164.50
G1 X78.62 Y164.41
G1 X78.64 Y164.31
G1 X78.65 Y164.22
G1 X78.67 Y164.13
G1 X78.68 Y164.03
G1 X78.69 Y163.93
G1 X78.70 Y163.84
G1 X78.71 Y163.74
G1 X78.72 Y163.65
G1 X78.72 Y163.55
G1 X78.73 Y163.45
G1 X78.73 Y163.35
G1 X78.74 Y163.26
G1 X78.74 Y163.16
G1 X78.74 Y163.06
G1 X78.74 Y162.96
G1 X78.74 Y162.86
G1 X78.73 Y162.77
G1 X78.73 Y162.67
G1 X78.72 Y162.57
G1 X78.72 Y162.47
G1 X78.71 Y162.38
G1 X78.70 Y162.28
G1 X78.69 Y162.18
G1 X78.68 Y162.09
G1 X78.67 Y161.99
G1 X78.65 Y161.90
G1 X78.64 Y161.81
G1 X78.62 Y161.71
G1 X78.60 Y161.62
G1 X78.59 Y161.52
G1 X78.57 Y161.43
G1 X78.54 Y161.34
G1 X78.52 Y161.25
G1 X78.50 Y161.16
G1 X78.48 Y161.06
G1 X78.45 Y160.97
G1 X78.42 Y160.88
G1 X78.40 Y160.79
G1 X78.37 Y160.70
G1 X78.34 Y160.62
G1 X78.31 Y160.53
G1 X78.28 Y160.44
G1 X78.25 Y160.35
G1 X78.21 Y160.27
G1 X78.18 Y160.18
G1 X78.14 Y160.09
G1 X78.10 Y160.01
G1 X78.07 Y159.92
G1 X78.03 Y159.84
G1 X77.99 Y159.76
G1 X77.95 Y159.67
G1 X77.91 Y159.59
G1 X77.86 Y159.51
G1 X77.82 Y159.43
G1 X77.78 Y159.35
G1 X77.73 Y159.27
G1 X77.68 Y159.19
G1 X77.64 Y159.11
G1 X77.59 Y159.03
G1 X77.54 Y158.95
G1 X77.49 Y158.88
G1 X77.44 Y158.80
G1 X77.39 Y158.72
G1 X77.33 Y158.65
G1 X77.28 Y158.57
G1 X77.23 Y158.50
G1 X77.17 Y158.43
G1 X77.11 Y158.36
G1 X77.06 Y158.28
G1 X77.00 Y158.21
G1 X76.94 Y158.14
G1 X76.88 Y158.07
G1 X76.82 Y158.00
G1 X76.76 Y157.94
G1 X76.70 Y157.87
G1 X76.64 Y157.80
G1 X76.57 Y157.74
G1 X76.51 Y157.67
G1 X76.44 Y157.61
G1 X76.38 Y157.54
G1 X76.31 Y157.48
G1 X76.24 Y157.42
G1 X76.18 Y157.36
G1 X76.11 Y157.30
G1 X76.04 Y157.24
G1 X75.97 Y157.18
G1 X75.90 Y157.12
G1 X75.82 Y157.07
G1 X75.75 Y157.01
G1 X75.68 Y156.95
G1 X75.61 Y156.90
G1 X75.53 Y156.85
G1 X75.46 Y156.79
G1 X75.38 Y156.74
G1 X75.30 Y156.69
G1 X75.23 Y156.64
G1 X75.15 Y156.59
G1 X75.07 Y156.54
G1 X74.99 Y156.50
G1 X74.91 Y156.45
G1 X74.83 Y156.40
G1 X74.75 Y156.36
G1 X74.67 Y156.32
G1 X74.59 Y156.27
G1 X74.51 Y156.23
G1 X74.42 Y156.19
G1 X74.34 Y156.15
G1 X74.26 Y156.11
G1 X74.17 Y156.08
G1 X74.09 Y156.04
G1 X74.00 Y156.00
G1 X73.91 Y155.97
G1 X73.83 Y155.93
G1 X73.74 Y155.90
G1 X73.65 Y155.87
G1 X73.56 Y155.84
G1 X73.48 Y155.81
G1 X73.39 Y155.78
G1 X73.30 Y155.76
G1 X73.21 Y155.73
G1 X73.12 Y155.70
G1 X73.02 Y155.68
G1 X72.93 Y155.66
G1 X72.84 Y155.64
G1 X72.75 Y155.61
G1 X72.66 Y155.59
G1 X72.56 Y155.58
G1 X72.47 Y155.56
G1 X72.37 Y155.54
G1 X72.28 Y155.53
G1 X72.19 Y155.51
G1 X72.09 Y155.50
G1 X71.99 Y155.49
G1 X71.90 Y155.48
G1 X71.80 Y155.47
G1 X71.71 Y155.46
G1 X71.61 Y155.46
G1 X71.51 Y155.45
G1 X71.41 Y155.45
G1 X71.32 Y155.44
G1 X71.22 Y155.44
G1 X71.12 Y155.44

; Pass 0 Path 98
G0 X73.66 Y178.30
G1 X76.20 Y180.84 S1000.00 F100
G1 X78.74 Y178.30
G1 X73.66 Y178.30
G1 X73.66 Y178.30

; Pass 0 Path 99
G0 X73.66 Y183.38
G1 X68.58 Y178.30 S1000.00 F100
G1 X63.50 Y183.38
G1 X68.58 Y183.38
G1 X68.68 Y183.38
G1 X68.78 Y183.39
G1 X68.87 Y183.40
G1 X68.97 Y183.41
G1 X69.06 Y183.43
G1 X69.15 Y183.44
G1 X69.24 Y183.47
G1 X69.34 Y183.49
G1 X69.24 Y183.47
G1 X69.15 Y183.44
G1 X69.06 Y183.43
G1 X68.97 Y183.41
G1 X68.87 Y183.40
G1 X68.78 Y183.39
G1 X68.68 Y183.38
G1 X68.58 Y183.38
G1 X68.58 Y183.38
G1 X53.34 Y183.38
G1 X53.34 Y183.38
G1 X53.27 Y183.38
G1 X53.21 Y183.38
G1 X53.14 Y183.39
G1 X53.08 Y183.39
G1 X53.14 Y183.39
G1 X53.21 Y183.38
G1 X53.27 Y183.38
G1 X53.34 Y183.38
G1 X58.42 Y183.38
G1 X53.34 Y178.30
G1 X48.26 Y183.38
G1 X50.80 Y185.92
G1 X50.80 Y191.00
G1 X50.80 Y191.00
G1 X50.80 Y185.92
G1 X50.80 Y185.92
G1 X50.80 Y185.92
G1 X50.99 Y184.94
G1 X51.51 Y184.08
G1 X52.35 Y183.54
G1 X53.34 Y183.38
G1 X53.34 Y183.38
G1 X68.58 Y183.38
G1 X68.58 Y183.38
G1 X69.56 Y183.57
G1 X70.42 Y184.09
G1 X70.96 Y184.93
G1 X71.12 Y185.92
G1 X71.12 Y193.54
G1 X71.12 Y193.54
G1 X71.12 Y191.00
G1 X71.12 Y191.00
G1 X71.12 Y191.00
G1 X71.12 Y191.00
G1 X71.12 Y185.92
G1 X71.12 Y185.92
G1 X71.12 Y185.92
G1 X73.66 Y183.38

; Pass 0 Path 100
G0 X76.20 Y185.92
G1 X71.12 Y191.00 S1000.00 F100
G1 X71.12 Y191.00
G1 X73.66 Y193.54
G1 X78.74 Y193.54
G1 X81.28 Y191.00
G1 X76.20 Y185.92

; Pass 0 Path 101
G0 X78.74 Y183.38
G1 X83.82 Y188.46 S1000.00 F100
G1 X88.90 Y183.38
G1 X83.82 Y178.30
G1 X78.74 Y183.38

; Pass 0 Path 102
G0 X63.50 Y178.30
G1 X58.42 Y178.30 S1000.00 F100
G1 X60.96 Y180.84
G1 X63.50 Y178.30

; Pass 0 Path 103
G0 X48.26 Y178.30
G1 X43.18 Y178.30 S1000.00 F100
G1 X45.72 Y180.84
G1 X48.26 Y178.30

; Pass 0 Path 104
G0 X106.58 Y166.27
G1 X106.58 Y162.27 S1000.00 F100
G1 X109.73 Y162.27
G1 X109.73 Y159.27
G1 X114.58 Y159.27
G1 X114.58 Y166.27
G1 X117.58 Y166.27
G1 X117.58 Y159.27
G1 X122.43 Y159.27
G1 X122.43 Y162.27
G1 X125.58 Y162.27
G1 X125.58 Y166.27
G1 X122.43 Y166.27
G1 X122.43 Y166.89
G1 X122.43 Y166.97
G1 X122.43 Y167.04
G1 X122.43 Y167.12
G1 X122.42 Y167.19
G1 X122.42 Y167.26
G1 X122.42 Y167.34
G1 X122.41 Y167.41
G1 X122.40 Y167.48
G1 X122.40 Y167.55
G1 X122.39 Y167.63
G1 X122.38 Y167.70
G1 X122.37 Y167.77
G1 X122.36 Y167.84
G1 X122.35 Y167.91
G1 X122.34 Y167.99
G1 X122.32 Y168.06
G1 X122.31 Y168.13
G1 X122.30 Y168.20
G1 X122.28 Y168.27
G1 X122.27 Y168.34
G1 X122.25 Y168.41
G1 X122.23 Y168.48
G1 X122.21 Y168.54
G1 X122.19 Y168.61
G1 X122.17 Y168.68
G1 X122.15 Y168.75
G1 X122.13 Y168.82
G1 X122.11 Y168.88
G1 X122.09 Y168.95
G1 X122.07 Y169.02
G1 X122.04 Y169.08
G1 X122.02 Y169.15
G1 X124.90 Y172.04
G1 X123.49 Y173.45
G1 X138.06 Y188.02
G1 X142.72 Y188.02
G1 X140.04 Y190.71
G1 X142.02 Y192.69
G1 X142.11 Y192.66
G1 X142.19 Y192.63
G1 X142.28 Y192.61
G1 X142.37 Y192.59
G1 X142.47 Y192.58
G1 X142.56 Y192.57
G1 X142.65 Y192.56
G1 X142.75 Y192.56
G1 X142.81 Y192.56
G1 X142.87 Y192.57
G1 X142.92 Y192.57
G1 X142.98 Y192.57
G1 X143.04 Y192.58
G1 X143.09 Y192.59
G1 X143.15 Y192.60
G1 X143.20 Y192.61
G1 X143.26 Y192.62
G1 X143.31 Y192.64
G1 X143.37 Y192.65
G1 X143.42 Y192.67
G1 X143.47 Y192.68
G1 X143.53 Y192.70
G1 X143.58 Y192.72
G1 X143.63 Y192.74
G1 X143.68 Y192.77
G1 X143.73 Y192.79
G1 X143.78 Y192.81
G1 X143.83 Y192.84
G1 X143.87 Y192.87
G1 X143.92 Y192.89
G1 X143.97 Y192.92
G1 X144.01 Y192.95
G1 X144.06 Y192.98
G1 X144.10 Y193.02
G1 X144.15 Y193.05
G1 X144.19 Y193.08
G1 X144.23 Y193.12
G1 X144.27 Y193.16
G1 X144.31 Y193.19
G1 X144.35 Y193.23
G1 X144.39 Y193.27
G1 X144.43 Y193.31
G1 X144.46 Y193.35
G1 X144.50 Y193.39
G1 X144.53 Y193.44
G1 X144.57 Y193.48
G1 X144.60 Y193.52
G1 X144.63 Y193.57
G1 X144.66 Y193.61
G1 X144.69 Y193.66
G1 X144.72 Y193.71
G1 X144.74 Y193.76
G1 X144.77 Y193.80
G1 X144.79 Y193.85
G1 X144.82 Y193.90
G1 X144.84 Y193.95
G1 X144.86 Y194.01
G1 X144.88 Y194.06
G1 X144.90 Y194.11
G1 X144.92 Y194.16
G1 X144.93 Y194.22
G1 X144.95 Y194.27
G1 X144.96 Y194.32
G1 X144.97 Y194.38
G1 X144.98 Y194.43
G1 X144.99 Y194.49
G1 X145.00 Y194.55
G1 X145.01 Y194.60
G1 X145.01 Y194.66
G1 X145.02 Y194.72
G1 X145.02 Y194.77
G1 X145.02 Y194.83
G1 X145.02 Y194.89
G1 X145.02 Y194.95
G1 X145.01 Y195.01
G1 X145.01 Y195.06
G1 X145.00 Y195.12
G1 X144.99 Y195.18
G1 X144.98 Y195.23
G1 X144.97 Y195.29
G1 X144.96 Y195.34
G1 X144.95 Y195.40
G1 X144.93 Y195.45
G1 X144.92 Y195.50
G1 X144.90 Y195.56
G1 X144.88 Y195.61
G1 X144.86 Y195.66
G1 X144.84 Y195.71
G1 X144.82 Y195.76
G1 X144.79 Y195.81
G1 X144.77 Y195.86
G1 X144.74 Y195.91
G1 X144.72 Y195.96
G1 X144.69 Y196.00
G1 X144.66 Y196.05
G1 X144.63 Y196.10
G1 X144.60 Y196.14
G1 X144.57 Y196.19
G1 X144.53 Y196.23
G1 X144.50 Y196.27
G1 X144.46 Y196.31
G1 X144.43 Y196.35
G1 X144.39 Y196.39
G1 X144.35 Y196.43
G1 X144.31 Y196.47
G1 X144.27 Y196.51
G1 X144.23 Y196.54
G1 X144.19 Y196.58
G1 X144.15 Y196.61
G1 X144.10 Y196.65
G1 X144.06 Y196.68
G1 X144.01 Y196.71
G1 X143.97 Y196.74
G1 X143.92 Y196.77
G1 X143.87 Y196.80
G1 X143.83 Y196.83
G1 X143.78 Y196.85
G1 X143.73 Y196.88
G1 X143.68 Y196.90
G1 X143.63 Y196.92
G1 X143.58 Y196.94
G1 X143.53 Y196.96
G1 X143.47 Y196.98
G1 X143.42 Y197.00
G1 X143.37 Y197.02
G1 X143.31 Y197.03
G1 X143.26 Y197.04
G1 X143.20 Y197.06
G1 X143.15 Y197.07
G1 X143.09 Y197.08
G1 X143.04 Y197.08
G1 X142.98 Y197.09
G1 X142.92 Y197.10
G1 X142.87 Y197.10
G1 X142.81 Y197.10
G1 X142.75 Y197.10
G1 X142.75 Y197.10
G1 X142.69 Y197.10
G1 X142.63 Y197.10
G1 X142.58 Y197.10
G1 X142.52 Y197.09
G1 X142.46 Y197.08
G1 X142.41 Y197.08
G1 X142.35 Y197.07
G1 X142.30 Y197.06
G1 X142.24 Y197.04
G1 X142.19 Y197.03
G1 X142.13 Y197.02
G1 X142.08 Y197.00
G1 X142.03 Y196.98
G1 X141.97 Y196.96
G1 X141.92 Y196.94
G1 X141.87 Y196.92
G1 X141.82 Y196.90
G1 X141.77 Y196.88
G1 X141.72 Y196.85
G1 X141.67 Y196.83
G1 X141.63 Y196.80
G1 X141.58 Y196.77
G1 X141.53 Y196.74
G1 X141.49 Y196.71
G1 X141.44 Y196.68
G1 X141.40 Y196.65
G1 X141.35 Y196.61
G1 X141.31 Y196.58
G1 X141.27 Y196.54
G1 X141.23 Y196.51
G1 X141.19 Y196.47
G1 X141.15 Y196.43
G1 X141.11 Y196.39
G1 X141.07 Y196.35
G1 X141.04 Y196.31
G1 X141.00 Y196.27
G1 X140.97 Y196.23
G1 X140.94 Y196.19
G1 X140.90 Y196.14
G1 X140.87 Y196.10
G1 X140.84 Y196.05
G1 X140.81 Y196.00
G1 X140.78 Y195.96
G1 X140.76 Y195.91
G1 X140.73 Y195.86
G1 X140.71 Y195.81
G1 X140.68 Y195.76
G1 X140.66 Y195.71
G1 X140.64 Y195.66
G1 X140.62 Y195.61
G1 X140.60 Y195.56
G1 X140.58 Y195.50
G1 X140.57 Y195.45
G1 X140.55 Y195.40
G1 X140.54 Y195.34
G1 X140.53 Y195.29
G1 X140.52 Y195.23
G1 X140.51 Y195.18
G1 X140.50 Y195.12
G1 X140.49 Y195.06
G1 X140.49 Y195.01
G1 X140.48 Y194.95
G1 X140.48 Y194.89
G1 X140.48 Y194.83
G1 X140.48 Y194.74
G1 X140.49 Y194.64
G1 X140.50 Y194.55
G1 X140.51 Y194.46
G1 X140.53 Y194.37
G1 X140.55 Y194.28
G1 X140.58 Y194.19
G1 X140.60 Y194.10
G1 X138.62 Y192.12
G1 X135.94 Y194.81
G1 X135.94 Y190.14
G1 X121.37 Y175.57
G1 X119.96 Y176.99
G1 X116.21 Y173.24
G1 X116.21 Y173.24
G1 X116.14 Y173.24
G1 X116.08 Y173.24
G1 X116.00 Y173.24
G1 X115.92 Y173.24
G1 X115.83 Y173.24
G1 X115.75 Y173.23
G1 X115.67 Y173.23
G1 X115.59 Y173.22
G1 X115.51 Y173.22
G1 X115.43 Y173.21
G1 X115.35 Y173.20
G1 X115.27 Y173.19
G1 X115.19 Y173.18
G1 X115.11 Y173.17
G1 X115.03 Y173.16
G1 X114.96 Y173.14
G1 X114.88 Y173.13
G1 X114.80 Y173.11
G1 X114.72 Y173.10
G1 X114.65 Y173.08
G1 X114.57 Y173.06
G1 X114.49 Y173.04
G1 X114.42 Y173.02
G1 X114.34 Y173.00
G1 X114.27 Y172.98
G1 X114.19 Y172.96
G1 X114.12 Y172.93
G1 X114.04 Y172.91
G1 X113.97 Y172.88
G1 X113.90 Y172.86
G1 X113.82 Y172.83
G1 X113.75 Y172.80
G1 X113.68 Y172.77
G1 X113.61 Y172.74
G1 X113.54 Y172.71
G1 X113.47 Y172.68
G1 X113.40 Y172.65
G1 X113.33 Y172.62
G1 X113.26 Y172.58
G1 X113.19 Y172.55
G1 X113.12 Y172.51
G1 X113.05 Y172.48
G1 X112.99 Y172.44
G1 X112.92 Y172.40
G1 X112.85 Y172.36
G1 X112.79 Y172.32
G1 X112.72 Y172.28
G1 X112.66 Y172.24
G1 X112.59 Y172.20
G1 X112.53 Y172.16
G1 X112.47 Y172.11
G1 X112.40 Y172.07
G1 X112.34 Y172.03
G1 X112.28 Y171.98
G1 X112.22 Y171.93
G1 X112.16 Y171.89
G1 X112.10 Y171.84
G1 X112.04 Y171.79
G1 X111.98 Y171.74
G1 X111.92 Y171.69
G1 X111.87 Y171.64
G1 X111.81 Y171.59
G1 X111.75 Y171.54
G1 X111.70 Y171.49
G1 X111.64 Y171.44
G1 X111.59 Y171.38
G1 X111.54 Y171.33
G1 X111.48 Y171.27
G1 X111.43 Y171.22
G1 X111.38 Y171.16
G1 X111.33 Y171.11
G1 X111.28 Y171.05
G1 X111.23 Y170.99
G1 X111.18 Y170.93
G1 X111.13 Y170.87
G1 X111.08 Y170.81
G1 X111.04 Y170.75
G1 X110.99 Y170.69
G1 X110.95 Y170.63
G1 X110.90 Y170.57
G1 X110.86 Y170.51
G1 X110.81 Y170.44
G1 X110.77 Y170.38
G1 X110.73 Y170.32
G1 X110.69 Y170.25
G1 X110.65 Y170.19
G1 X110.61 Y170.12
G1 X110.57 Y170.05
G1 X110.53 Y169.99
G1 X110.50 Y169.92
G1 X110.46 Y169.85
G1 X110.43 Y169.78
G1 X110.39 Y169.71
G1 X110.36 Y169.65
G1 X110.32 Y169.58
G1 X110.29 Y169.51
G1 X110.26 Y169.44
G1 X110.23 Y169.36
G1 X110.20 Y169.29
G1 X110.17 Y169.22
G1 X110.14 Y169.15
G1 X110.12 Y169.08
G1 X110.09 Y169.00
G1 X110.06 Y168.93
G1 X110.04 Y168.86
G1 X110.02 Y168.78
G1 X109.99 Y168.71
G1 X109.97 Y168.63
G1 X109.95 Y168.56
G1 X109.93 Y168.48
G1 X109.91 Y168.40
G1 X109.89 Y168.33
G1 X109.88 Y168.25
G1 X109.86 Y168.17
G1 X109.84 Y168.09
G1 X109.83 Y168.02
G1 X109.82 Y167.94
G1 X109.80 Y167.86
G1 X109.79 Y167.78
G1 X109.78 Y167.70
G1 X109.77 Y167.62
G1 X109.76 Y167.54
G1 X109.76 Y167.46
G1 X109.75 Y167.38
G1 X109.74 Y167.30
G1 X109.74 Y167.22
G1 X109.73 Y167.14
G1 X109.73 Y167.06
G1 X109.73 Y166.97
G1 X109.73 Y166.89
G1 X109.73 Y166.27
G1 X106.58 Y166.27

; Pass 0 Path 105
G0 X109.99 Y152.29
G1 X109.99 Y149.29 S1000.00 F100
G1 X106.84 Y149.29
G1 X106.84 Y145.29
G1 X109.99 Y145.29
G1 X109.99 Y144.67
G1 X109.99 Y144.60
G1 X109.99 Y144.53
G1 X109.99 Y144.46
G1 X109.99 Y144.39
G1 X110.00 Y144.32
G1 X110.00 Y144.25
G1 X110.00 Y144.18
G1 X110.01 Y144.11
G1 X110.02 Y144.05
G1 X110.02 Y143.98
G1 X110.03 Y143.91
G1 X110.04 Y143.84
G1 X110.05 Y143.77
G1 X110.06 Y143.71
G1 X110.07 Y143.64
G1 X110.08 Y143.57
G1 X110.09 Y143.51
G1 X110.11 Y143.44
G1 X110.12 Y143.37
G1 X110.13 Y143.31
G1 X110.15 Y143.24
G1 X110.16 Y143.18
G1 X110.18 Y143.11
G1 X110.20 Y143.05
G1 X110.21 Y142.98
G1 X110.23 Y142.92
G1 X110.25 Y142.85
G1 X110.27 Y142.79
G1 X110.29 Y142.73
G1 X110.31 Y142.66
G1 X110.33 Y142.60
G1 X110.35 Y142.54
G1 X110.38 Y142.48
G1 X110.40 Y142.41
G1 X110.42 Y142.35
G1 X110.45 Y142.29
G1 X110.47 Y142.23
G1 X110.50 Y142.17
G1 X110.52 Y142.11
G1 X110.55 Y142.05
G1 X110.58 Y141.99
G1 X110.61 Y141.93
G1 X110.64 Y141.87
G1 X110.66 Y141.81
G1 X110.69 Y141.75
G1 X110.72 Y141.70
G1 X110.76 Y141.64
G1 X110.79 Y141.58
G1 X110.82 Y141.52
G1 X110.85 Y141.47
G1 X110.89 Y141.41
G1 X110.92 Y141.35
G1 X110.95 Y141.30
G1 X110.99 Y141.24
G1 X111.02 Y141.19
G1 X111.06 Y141.14
G1 X111.10 Y141.08
G1 X111.13 Y141.03
G1 X111.17 Y140.97
G1 X111.21 Y140.92
G1 X111.25 Y140.87
G1 X111.29 Y140.82
G1 X111.33 Y140.77
G1 X111.37 Y140.72
G1 X111.41 Y140.66
G1 X111.45 Y140.61
G1 X111.49 Y140.56
G1 X111.53 Y140.52
G1 X111.58 Y140.47
G1 X111.62 Y140.42
G1 X111.66 Y140.37
G1 X111.71 Y140.32
G1 X111.75 Y140.28
G1 X111.80 Y140.23
G1 X111.84 Y140.18
G1 X111.89 Y140.14
G1 X111.94 Y140.09
G1 X111.98 Y140.05
G1 X112.03 Y140.00
G1 X112.08 Y139.96
G1 X112.13 Y139.92
G1 X112.18 Y139.87
G1 X112.23 Y139.83
G1 X112.28 Y139.79
G1 X112.33 Y139.75
G1 X112.38 Y139.71
G1 X112.43 Y139.67
G1 X112.48 Y139.63
G1 X112.53 Y139.59
G1 X112.58 Y139.55
G1 X112.64 Y139.51
G1 X112.69 Y139.47
G1 X112.74 Y139.43
G1 X112.80 Y139.40
G1 X112.85 Y139.36
G1 X112.90 Y139.33
G1 X112.96 Y139.29
G1 X113.02 Y139.26
G1 X113.07 Y139.22
G1 X113.13 Y139.19
G1 X113.18 Y139.16
G1 X113.24 Y139.12
G1 X113.30 Y139.09
G1 X113.36 Y139.06
G1 X113.41 Y139.03
G1 X113.47 Y139.00
G1 X113.53 Y138.97
G1 X113.59 Y138.94
G1 X113.65 Y138.91
G1 X113.71 Y138.89
G1 X113.77 Y138.86
G1 X113.83 Y138.83
G1 X113.89 Y138.81
G1 X113.95 Y138.78
G1 X114.01 Y138.76
G1 X114.07 Y138.73
G1 X114.14 Y138.71
G1 X114.20 Y138.69
G1 X114.26 Y138.67
G1 X114.32 Y138.65
G1 X114.39 Y138.62
G1 X114.45 Y138.60
G1 X114.51 Y138.59
G1 X114.58 Y138.57
G1 X114.64 Y138.55
G1 X114.71 Y138.53
G1 X114.77 Y138.51
G1 X114.84 Y138.50
G1 X114.84 Y145.29
G1 X117.84 Y145.29
G1 X117.84 Y138.50
G1 X117.90 Y138.51
G1 X117.97 Y138.53
G1 X118.03 Y138.55
G1 X118.10 Y138.57
G1 X118.16 Y138.59
G1 X118.22 Y138.60
G1 X118.29 Y138.62
G1 X118.35 Y138.65
G1 X118.41 Y138.67
G1 X118.47 Y138.69
G1 X118.54 Y138.71
G1 X118.60 Y138.73
G1 X118.66 Y138.76
G1 X118.72 Y138.78
G1 X118.78 Y138.81
G1 X118.84 Y138.83
G1 X118.90 Y138.86
G1 X118.96 Y138.89
G1 X119.02 Y138.91
G1 X119.08 Y138.94
G1 X119.14 Y138.97
G1 X119.20 Y139.00
G1 X119.26 Y139.03
G1 X119.32 Y139.06
G1 X119.38 Y139.09
G1 X119.43 Y139.12
G1 X119.49 Y139.16
G1 X119.55 Y139.19
G1 X119.60 Y139.22
G1 X119.66 Y139.26
G1 X119.71 Y139.29
G1 X119.77 Y139.33
G1 X119.82 Y139.36
G1 X119.88 Y139.40
G1 X119.93 Y139.43
G1 X119.98 Y139.47
G1 X120.04 Y139.51
G1 X120.09 Y139.55
G1 X120.14 Y139.59
G1 X120.19 Y139.63
G1 X120.25 Y139.67
G1 X120.30 Y139.71
G1 X120.35 Y139.75
G1 X120.40 Y139.79
G1 X120.45 Y139.83
G1 X120.50 Y139.87
G1 X120.55 Y139.92
G1 X120.59 Y139.96
G1 X120.64 Y140.00
G1 X120.69 Y140.05
G1 X120.74 Y140.09
G1 X120.78 Y140.14
G1 X120.83 Y140.18
G1 X120.87 Y140.23
G1 X120.92 Y140.28
G1 X120.96 Y140.32
G1 X121.01 Y140.37
G1 X121.05 Y140.42
G1 X121.10 Y140.47
G1 X121.14 Y140.52
G1 X121.18 Y140.56
G1 X121.22 Y140.61
G1 X121.26 Y140.66
G1 X121.31 Y140.72
G1 X121.35 Y140.77
G1 X121.39 Y140.82
G1 X121.42 Y140.87
G1 X121.46 Y140.92
G1 X121.50 Y140.97
G1 X121.54 Y141.03
G1 X121.58 Y141.08
G1 X121.61 Y141.14
G1 X121.65 Y141.19
G1 X121.68 Y141.24
G1 X121.72 Y141.30
G1 X121.75 Y141.35
G1 X121.79 Y141.41
G1 X121.82 Y141.47
G1 X121.85 Y141.52
G1 X121.89 Y141.58
G1 X121.92 Y141.64
G1 X121.95 Y141.70
G1 X121.98 Y141.75
G1 X122.01 Y141.81
G1 X122.04 Y141.87
G1 X122.07 Y141.93
G1 X122.09 Y141.99
G1 X122.12 Y142.05
G1 X122.15 Y142.11
G1 X122.18 Y142.17
G1 X122.20 Y142.23
G1 X122.23 Y142.29
G1 X122.25 Y142.35
G1 X122.27 Y142.41
G1 X122.30 Y142.48
G1 X122.32 Y142.54
G1 X122.34 Y142.60
G1 X122.36 Y142.66
G1 X122.38 Y142.73
G1 X122.40 Y142.79
G1 X122.42 Y142.85
G1 X122.44 Y142.92
G1 X122.46 Y142.98
G1 X122.48 Y143.05
G1 X122.49 Y143.11
G1 X122.51 Y143.18
G1 X122.53 Y143.24
G1 X122.54 Y143.31
G1 X122.55 Y143.37
G1 X122.57 Y143.44
G1 X122.58 Y143.51
G1 X122.59 Y143.57
G1 X122.60 Y143.64
G1 X122.61 Y143.71
G1 X122.62 Y143.77
G1 X122.63 Y143.84
G1 X122.64 Y143.91
G1 X122.65 Y143.98
G1 X122.66 Y144.05
G1 X122.66 Y144.11
G1 X122.67 Y144.18
G1 X122.67 Y144.25
G1 X122.68 Y144.32
G1 X122.68 Y144.39
G1 X122.68 Y144.46
G1 X122.69 Y144.53
G1 X122.69 Y144.60
G1 X122.69 Y144.67
G1 X122.69 Y145.29
G1 X125.84 Y145.29
G1 X125.84 Y149.29
G1 X122.69 Y149.29
G1 X122.69 Y152.29
G1 X109.99 Y152.29

; Pass 0 Path 106
G0 X131.88 Y162.27
G1 X135.03 Y162.27 S1000.00 F100
G1 X135.03 Y159.27
G1 X147.73 Y159.27
G1 X147.73 Y162.27
G1 X150.88 Y162.27
G1 X150.88 Y166.27
G1 X147.73 Y166.27
G1 X147.73 Y166.89
G1 X147.73 Y166.96
G1 X147.73 Y167.03
G1 X147.73 Y167.10
G1 X147.72 Y167.17
G1 X147.72 Y167.24
G1 X147.72 Y167.31
G1 X147.71 Y167.38
G1 X147.71 Y167.45
G1 X147.70 Y167.52
G1 X147.69 Y167.58
G1 X147.69 Y167.65
G1 X147.68 Y167.72
G1 X147.67 Y167.79
G1 X147.66 Y167.85
G1 X147.65 Y167.92
G1 X147.64 Y167.99
G1 X147.62 Y168.05
G1 X147.61 Y168.12
G1 X147.60 Y168.19
G1 X147.58 Y168.25
G1 X147.57 Y168.32
G1 X147.55 Y168.38
G1 X147.54 Y168.45
G1 X147.52 Y168.51
G1 X147.50 Y168.58
G1 X147.49 Y168.64
G1 X147.47 Y168.71
G1 X147.45 Y168.77
G1 X147.43 Y168.83
G1 X147.41 Y168.90
G1 X147.39 Y168.96
G1 X147.36 Y169.02
G1 X147.34 Y169.09
G1 X147.32 Y169.15
G1 X147.29 Y169.21
G1 X147.27 Y169.27
G1 X147.24 Y169.33
G1 X147.22 Y169.39
G1 X147.19 Y169.45
G1 X147.17 Y169.51
G1 X147.14 Y169.57
G1 X147.11 Y169.63
G1 X147.08 Y169.69
G1 X147.05 Y169.75
G1 X147.02 Y169.81
G1 X146.99 Y169.87
G1 X146.96 Y169.92
G1 X146.93 Y169.98
G1 X146.90 Y170.04
G1 X146.86 Y170.09
G1 X146.83 Y170.15
G1 X146.80 Y170.21
G1 X146.76 Y170.26
G1 X146.73 Y170.32
G1 X146.69 Y170.37
G1 X146.66 Y170.43
G1 X146.62 Y170.48
G1 X146.58 Y170.53
G1 X146.54 Y170.59
G1 X146.51 Y170.64
G1 X146.47 Y170.69
G1 X146.43 Y170.74
G1 X146.39 Y170.80
G1 X146.35 Y170.85
G1 X146.31 Y170.90
G1 X146.27 Y170.95
G1 X146.22 Y171.00
G1 X146.18 Y171.05
G1 X146.14 Y171.10
G1 X146.10 Y171.14
G1 X146.05 Y171.19
G1 X146.01 Y171.24
G1 X145.96 Y171.29
G1 X145.92 Y171.33
G1 X145.87 Y171.38
G1 X145.83 Y171.43
G1 X145.78 Y171.47
G1 X145.73 Y171.52
G1 X145.69 Y171.56
G1 X145.64 Y171.60
G1 X145.59 Y171.65
G1 X145.54 Y171.69
G1 X145.49 Y171.73
G1 X145.44 Y171.77
G1 X145.39 Y171.82
G1 X145.34 Y171.86
G1 X145.29 Y171.90
G1 X145.24 Y171.94
G1 X145.19 Y171.98
G1 X145.13 Y172.01
G1 X145.08 Y172.05
G1 X145.03 Y172.09
G1 X144.97 Y172.13
G1 X144.92 Y172.16
G1 X144.87 Y172.20
G1 X144.81 Y172.24
G1 X144.76 Y172.27
G1 X144.70 Y172.31
G1 X144.65 Y172.34
G1 X144.59 Y172.37
G1 X144.53 Y172.41
G1 X144.48 Y172.44
G1 X144.42 Y172.47
G1 X144.36 Y172.50
G1 X144.30 Y172.53
G1 X144.24 Y172.56
G1 X144.19 Y172.59
G1 X144.13 Y172.62
G1 X144.07 Y172.65
G1 X144.01 Y172.67
G1 X143.95 Y172.70
G1 X143.89 Y172.73
G1 X143.83 Y172.75
G1 X143.77 Y172.78
G1 X143.70 Y172.80
G1 X143.64 Y172.83
G1 X143.58 Y172.85
G1 X143.52 Y172.87
G1 X143.46 Y172.89
G1 X143.39 Y172.92
G1 X143.33 Y172.94
G1 X143.27 Y172.96
G1 X143.20 Y172.98
G1 X143.14 Y173.00
G1 X143.07 Y173.01
G1 X143.01 Y173.03
G1 X142.95 Y173.05
G1 X142.88 Y173.06
G1 X142.88 Y166.27
G1 X139.88 Y166.27
G1 X139.88 Y173.06
G1 X139.82 Y173.05
G1 X139.75 Y173.03
G1 X139.69 Y173.01
G1 X139.62 Y173.00
G1 X139.56 Y172.98
G1 X139.49 Y172.96
G1 X139.43 Y172.94
G1 X139.37 Y172.92
G1 X139.30 Y172.89
G1 X139.24 Y172.87
G1 X139.18 Y172.85
G1 X139.12 Y172.83
G1 X139.06 Y172.80
G1 X138.99 Y172.78
G1 X138.93 Y172.75
G1 X138.87 Y172.73
G1 X138.81 Y172.70
G1 X138.75 Y172.67
G1 X138.69 Y172.65
G1 X138.63 Y172.62
G1 X138.57 Y172.59
G1 X138.52 Y172.56
G1 X138.46 Y172.53
G1 X138.40 Y172.50
G1 X138.34 Y172.47
G1 X138.28 Y172.44
G1 X138.23 Y172.41
G1 X138.17 Y172.37
G1 X138.11 Y172.34
G1 X138.06 Y172.31
G1 X138.00 Y172.27
G1 X137.95 Y172.24
G1 X137.89 Y172.20
G1 X137.84 Y172.16
G1 X137.79 Y172.13
G1 X137.73 Y172.09
G1 X137.68 Y172.05
G1 X137.63 Y172.01
G1 X137.57 Y171.98
G1 X137.52 Y171.94
G1 X137.47 Y171.90
G1 X137.42 Y171.86
G1 X137.37 Y171.81
G1 X137.32 Y171.77
G1 X137.27 Y171.73
G1 X137.22 Y171.69
G1 X137.17 Y171.65
G1 X137.12 Y171.60
G1 X137.07 Y171.56
G1 X137.03 Y171.52
G1 X136.98 Y171.47
G1 X136.93 Y171.43
G1 X136.89 Y171.38
G1 X136.84 Y171.33
G1 X136.80 Y171.29
G1 X136.75 Y171.24
G1 X136.71 Y171.19
G1 X136.66 Y171.14
G1 X136.62 Y171.10
G1 X136.58 Y171.05
G1 X136.54 Y171.00
G1 X136.49 Y170.95
G1 X136.45 Y170.90
G1 X136.41 Y170.85
G1 X136.37 Y170.80
G1 X136.33 Y170.74
G1 X136.29 Y170.69
G1 X136.25 Y170.64
G1 X136.22 Y170.59
G1 X136.18 Y170.53
G1 X136.14 Y170.48
G1 X136.10 Y170.43
G1 X136.07 Y170.37
G1 X136.03 Y170.32
G1 X136.00 Y170.26
G1 X135.96 Y170.21
G1 X135.93 Y170.15
G1 X135.90 Y170.09
G1 X135.86 Y170.04
G1 X135.83 Y169.98
G1 X135.80 Y169.92
G1 X135.77 Y169.87
G1 X135.74 Y169.81
G1 X135.71 Y169.75
G1 X135.68 Y169.69
G1 X135.65 Y169.63
G1 X135.62 Y169.57
G1 X135.59 Y169.51
G1 X135.57 Y169.45
G1 X135.54 Y169.39
G1 X135.52 Y169.33
G1 X135.49 Y169.27
G1 X135.47 Y169.21
G1 X135.44 Y169.15
G1 X135.42 Y169.09
G1 X135.40 Y169.02
G1 X135.37 Y168.96
G1 X135.35 Y168.90
G1 X135.33 Y168.83
G1 X135.31 Y168.77
G1 X135.29 Y168.71
G1 X135.27 Y168.64
G1 X135.26 Y168.58
G1 X135.24 Y168.51
G1 X135.22 Y168.45
G1 X135.21 Y168.38
G1 X135.19 Y168.32
G1 X135.18 Y168.25
G1 X135.16 Y168.19
G1 X135.15 Y168.12
G1 X135.14 Y168.05
G1 X135.12 Y167.99
G1 X135.11 Y167.92
G1 X135.10 Y167.85
G1 X135.09 Y167.79
G1 X135.08 Y167.72
G1 X135.08 Y167.65
G1 X135.07 Y167.58
G1 X135.06 Y167.52
G1 X135.05 Y167.45
G1 X135.05 Y167.38
G1 X135.04 Y167.31
G1 X135.04 Y167.24
G1 X135.04 Y167.17
G1 X135.03 Y167.10
G1 X135.03 Y167.03
G1 X135.03 Y166.96
G1 X135.03 Y166.89
G1 X135.03 Y166.27
G1 X131.88 Y166.27
G1 X131.88 Y162.27

; Pass 0 Path 107
G0 X122.00 Y182.50
G1 X122.00 Y187.17 S1000.00 F100
G1 X136.57 Y201.73
G1 X137.98 Y200.32
G1 X141.73 Y204.07
G1 X141.73 Y204.07
G1 X141.79 Y204.06
G1 X141.86 Y204.06
G1 X141.94 Y204.06
G1 X142.02 Y204.07
G1 X142.10 Y204.07
G1 X142.19 Y204.07
G1 X142.27 Y204.08
G1 X142.35 Y204.08
G1 X142.43 Y204.09
G1 X142.51 Y204.10
G1 X142.59 Y204.11
G1 X142.67 Y204.11
G1 X142.75 Y204.13
G1 X142.83 Y204.14
G1 X142.90 Y204.15
G1 X142.98 Y204.16
G1 X143.06 Y204.18
G1 X143.14 Y204.19
G1 X143.22 Y204.21
G1 X143.29 Y204.23
G1 X143.37 Y204.24
G1 X143.45 Y204.26
G1 X143.52 Y204.28
G1 X143.60 Y204.30
G1 X143.67 Y204.33
G1 X143.75 Y204.35
G1 X143.82 Y204.37
G1 X143.90 Y204.40
G1 X143.97 Y204.42
G1 X144.04 Y204.45
G1 X144.11 Y204.48
G1 X144.19 Y204.50
G1 X144.26 Y204.53
G1 X144.33 Y204.56
G1 X144.40 Y204.59
G1 X144.47 Y204.62
G1 X144.54 Y204.66
G1 X144.61 Y204.69
G1 X144.68 Y204.72
G1 X144.75 Y204.76
G1 X144.82 Y204.79
G1 X144.89 Y204.83
G1 X144.95 Y204.87
G1 X145.02 Y204.91
G1 X145.09 Y204.94
G1 X145.15 Y204.98
G1 X145.22 Y205.02
G1 X145.28 Y205.06
G1 X145.35 Y205.11
G1 X145.41 Y205.15
G1 X145.47 Y205.19
G1 X145.53 Y205.24
G1 X145.60 Y205.28
G1 X145.66 Y205.33
G1 X145.72 Y205.37
G1 X145.78 Y205.42
G1 X145.84 Y205.47
G1 X145.90 Y205.51
G1 X145.96 Y205.56
G1 X146.01 Y205.61
G1 X146.07 Y205.66
G1 X146.13 Y205.71
G1 X146.18 Y205.77
G1 X146.24 Y205.82
G1 X146.29 Y205.87
G1 X146.35 Y205.92
G1 X146.40 Y205.98
G1 X146.46 Y206.03
G1 X146.51 Y206.09
G1 X146.56 Y206.14
G1 X146.61 Y206.20
G1 X146.66 Y206.26
G1 X146.71 Y206.32
G1 X146.76 Y206.37
G1 X146.81 Y206.43
G1 X146.85 Y206.49
G1 X146.90 Y206.55
G1 X146.95 Y206.61
G1 X146.99 Y206.68
G1 X147.04 Y206.74
G1 X147.08 Y206.80
G1 X147.12 Y206.86
G1 X147.17 Y206.93
G1 X147.21 Y206.99
G1 X147.25 Y207.06
G1 X147.29 Y207.12
G1 X147.33 Y207.19
G1 X147.37 Y207.25
G1 X147.41 Y207.32
G1 X147.44 Y207.39
G1 X147.48 Y207.45
G1 X147.51 Y207.52
G1 X147.55 Y207.59
G1 X147.58 Y207.66
G1 X147.62 Y207.73
G1 X147.65 Y207.80
G1 X147.68 Y207.87
G1 X147.71 Y207.94
G1 X147.74 Y208.01
G1 X147.77 Y208.09
G1 X147.80 Y208.16
G1 X147.82 Y208.23
G1 X147.85 Y208.30
G1 X147.88 Y208.38
G1 X147.90 Y208.45
G1 X147.92 Y208.53
G1 X147.95 Y208.60
G1 X147.97 Y208.68
G1 X147.99 Y208.75
G1 X148.01 Y208.83
G1 X148.03 Y208.90
G1 X148.05 Y208.98
G1 X148.06 Y209.06
G1 X148.08 Y209.13
G1 X148.10 Y209.21
G1 X148.11 Y209.29
G1 X148.12 Y209.37
G1 X148.14 Y209.45
G1 X148.15 Y209.53
G1 X148.16 Y209.61
G1 X148.17 Y209.68
G1 X148.18 Y209.76
G1 X148.18 Y209.84
G1 X148.19 Y209.93
G1 X148.20 Y210.01
G1 X148.20 Y210.09
G1 X148.20 Y210.17
G1 X148.21 Y210.25
G1 X148.21 Y210.33
G1 X148.21 Y210.41
G1 X148.21 Y211.03
G1 X151.36 Y211.03
G1 X151.36 Y215.03
G1 X148.21 Y215.03
G1 X148.21 Y218.03
G1 X143.36 Y218.03
G1 X143.36 Y211.03
G1 X140.36 Y211.03
G1 X140.36 Y218.03
G1 X135.51 Y218.03
G1 X135.51 Y215.03
G1 X132.36 Y215.03
G1 X132.36 Y211.03
G1 X135.51 Y211.03
G1 X135.51 Y210.41
G1 X135.51 Y210.34
G1 X135.51 Y210.27
G1 X135.51 Y210.19
G1 X135.52 Y210.12
G1 X135.52 Y210.04
G1 X135.52 Y209.97
G1 X135.53 Y209.90
G1 X135.54 Y209.82
G1 X135.54 Y209.75
G1 X135.55 Y209.68
G1 X135.56 Y209.61
G1 X135.57 Y209.54
G1 X135.58 Y209.46
G1 X135.59 Y209.39
G1 X135.60 Y209.32
G1 X135.62 Y209.25
G1 X135.63 Y209.18
G1 X135.64 Y209.11
G1 X135.66 Y209.04
G1 X135.67 Y208.97
G1 X135.69 Y208.90
G1 X135.71 Y208.83
G1 X135.73 Y208.76
G1 X135.74 Y208.69
G1 X135.76 Y208.62
G1 X135.78 Y208.56
G1 X135.81 Y208.49
G1 X135.83 Y208.42
G1 X135.85 Y208.35
G1 X135.87 Y208.29
G1 X135.90 Y208.22
G1 X135.92 Y208.16
G1 X133.03 Y205.27
G1 X134.45 Y203.86
G1 X119.88 Y189.29
G1 X115.21 Y189.29
G1 X117.90 Y186.60
G1 X115.92 Y184.62
G1 X115.83 Y184.65
G1 X115.75 Y184.67
G1 X115.66 Y184.69
G1 X115.56 Y184.71
G1 X115.47 Y184.73
G1 X115.38 Y184.74
G1 X115.28 Y184.74
G1 X115.19 Y184.74
G1 X115.13 Y184.74
G1 X115.07 Y184.74
G1 X115.02 Y184.74
G1 X114.96 Y184.73
G1 X114.90 Y184.73
G1 X114.85 Y184.72
G1 X114.79 Y184.71
G1 X114.74 Y184.70
G1 X114.68 Y184.68
G1 X114.63 Y184.67
G1 X114.57 Y184.66
G1 X114.52 Y184.64
G1 X114.47 Y184.62
G1 X114.41 Y184.60
G1 X114.36 Y184.58
G1 X114.31 Y184.56
G1 X114.26 Y184.54
G1 X114.21 Y184.52
G1 X114.16 Y184.49
G1 X114.11 Y184.47
G1 X114.06 Y184.44
G1 X114.02 Y184.41
G1 X113.97 Y184.38
G1 X113.93 Y184.35
G1 X113.88 Y184.32
G1 X113.84 Y184.29
G1 X113.79 Y184.26
G1 X113.75 Y184.22
G1 X113.71 Y184.19
G1 X113.67 Y184.15
G1 X113.63 Y184.11
G1 X113.59 Y184.07
G1 X113.55 Y184.04
G1 X113.51 Y184.00
G1 X113.48 Y183.95
G1 X113.44 Y183.91
G1 X113.41 Y183.87
G1 X113.37 Y183.83
G1 X113.34 Y183.78
G1 X113.31 Y183.74
G1 X113.28 Y183.69
G1 X113.25 Y183.65
G1 X113.22 Y183.60
G1 X113.20 Y183.55
G1 X113.17 Y183.50
G1 X113.15 Y183.45
G1 X113.12 Y183.40
G1 X113.10 Y183.35
G1 X113.08 Y183.30
G1 X113.06 Y183.25
G1 X113.04 Y183.20
G1 X113.02 Y183.14
G1 X113.01 Y183.09
G1 X112.99 Y183.04
G1 X112.98 Y182.98
G1 X112.97 Y182.93
G1 X112.96 Y182.87
G1 X112.95 Y182.82
G1 X112.94 Y182.76
G1 X112.93 Y182.70
G1 X112.93 Y182.65
G1 X112.92 Y182.59
G1 X112.92 Y182.53
G1 X112.92 Y182.47
G1 X112.92 Y182.42
G1 X112.92 Y182.36
G1 X112.93 Y182.30
G1 X112.93 Y182.24
G1 X112.94 Y182.19
G1 X112.95 Y182.13
G1 X112.96 Y182.08
G1 X112.97 Y182.02
G1 X112.98 Y181.97
G1 X112.99 Y181.91
G1 X113.01 Y181.86
G1 X113.02 Y181.80
G1 X113.04 Y181.75
G1 X113.06 Y181.70
G1 X113.08 Y181.65
G1 X113.10 Y181.60
G1 X113.12 Y181.54
G1 X113.15 Y181.50
G1 X113.17 Y181.45
G1 X113.20 Y181.40
G1 X113.22 Y181.35
G1 X113.25 Y181.30
G1 X113.28 Y181.26
G1 X113.31 Y181.21
G1 X113.34 Y181.17
G1 X113.37 Y181.12
G1 X113.41 Y181.08
G1 X113.44 Y181.04
G1 X113.48 Y180.99
G1 X113.51 Y180.95
G1 X113.55 Y180.91
G1 X113.59 Y180.87
G1 X113.63 Y180.84
G1 X113.67 Y180.80
G1 X113.71 Y180.76
G1 X113.75 Y180.73
G1 X113.79 Y180.69
G1 X113.84 Y180.66
G1 X113.88 Y180.63
G1 X113.93 Y180.60
G1 X113.97 Y180.56
G1 X114.02 Y180.54
G1 X114.06 Y180.51
G1 X114.11 Y180.48
G1 X114.16 Y180.45
G1 X114.21 Y180.43
G1 X114.26 Y180.41
G1 X114.31 Y180.38
G1 X114.36 Y180.36
G1 X114.41 Y180.34
G1 X114.47 Y180.32
G1 X114.52 Y180.31
G1 X114.57 Y180.29
G1 X114.63 Y180.28
G1 X114.68 Y180.26
G1 X114.74 Y180.25
G1 X114.79 Y180.24
G1 X114.85 Y180.23
G1 X114.90 Y180.22
G1 X114.96 Y180.22
G1 X115.02 Y180.21
G1 X115.07 Y180.21
G1 X115.13 Y180.21
G1 X115.19 Y180.20
G1 X115.19 Y180.20
G1 X115.25 Y180.21
G1 X115.30 Y180.21
G1 X115.36 Y180.21
G1 X115.42 Y180.22
G1 X115.48 Y180.22
G1 X115.53 Y180.23
G1 X115.59 Y180.24
G1 X115.64 Y180.25
G1 X115.70 Y180.26
G1 X115.75 Y180.28
G1 X115.81 Y180.29
G1 X115.86 Y180.31
G1 X115.91 Y180.32
G1 X115.96 Y180.34
G1 X116.02 Y180.36
G1 X116.07 Y180.38
G1 X116.12 Y180.41
G1 X116.17 Y180.43
G1 X116.22 Y180.45
G1 X116.27 Y180.48
G1 X116.31 Y180.51
G1 X116.36 Y180.54
G1 X116.41 Y180.56
G1 X116.45 Y180.60
G1 X116.50 Y180.63
G1 X116.54 Y180.66
G1 X116.59 Y180.69
G1 X116.63 Y180.73
G1 X116.67 Y180.76
G1 X116.71 Y180.80
G1 X116.75 Y180.84
G1 X116.79 Y180.87
G1 X116.83 Y180.91
G1 X116.86 Y180.95
G1 X116.90 Y180.99
G1 X116.94 Y181.04
G1 X116.97 Y181.08
G1 X117.00 Y181.12
G1 X117.04 Y181.17
G1 X117.07 Y181.21
G1 X117.10 Y181.26
G1 X117.13 Y181.30
G1 X117.16 Y181.35
G1 X117.18 Y181.40
G1 X117.21 Y181.45
G1 X117.23 Y181.50
G1 X117.26 Y181.54
G1 X117.28 Y181.60
G1 X117.30 Y181.65
G1 X117.32 Y181.70
G1 X117.34 Y181.75
G1 X117.36 Y181.80
G1 X117.37 Y181.86
G1 X117.39 Y181.91
G1 X117.40 Y181.97
G1 X117.41 Y182.02
G1 X117.42 Y182.08
G1 X117.43 Y182.13
G1 X117.44 Y182.19
G1 X117.45 Y182.24
G1 X117.45 Y182.30
G1 X117.46 Y182.36
G1 X117.46 Y182.42
G1 X117.46 Y182.47
G1 X117.46 Y182.57
G1 X117.45 Y182.66
G1 X117.44 Y182.76
G1 X117.43 Y182.85
G1 X117.41 Y182.94
G1 X117.39 Y183.03
G1 X117.36 Y183.12
G1 X117.34 Y183.21
G1 X119.31 Y185.19
G1 X122.00 Y182.50

; Pass 0 Path 108
G0 X118.06 Y204.24
G1 X118.12 Y204.26 S1000.00 F100
G1 X118.19 Y204.28
G1 X118.25 Y204.29
G1 X118.32 Y204.31
G1 X118.38 Y204.33
G1 X118.45 Y204.35
G1 X118.51 Y204.37
G1 X118.57 Y204.39
G1 X118.63 Y204.41
G1 X118.70 Y204.43
G1 X118.76 Y204.46
G1 X118.82 Y204.48
G1 X118.88 Y204.50
G1 X118.94 Y204.53
G1 X119.01 Y204.55
G1 X119.07 Y204.58
G1 X119.13 Y204.61
G1 X119.19 Y204.63
G1 X119.25 Y204.66
G1 X119.31 Y204.69
G1 X119.36 Y204.72
G1 X119.42 Y204.75
G1 X119.48 Y204.78
G1 X119.54 Y204.81
G1 X119.60 Y204.84
G1 X119.65 Y204.87
G1 X119.71 Y204.90
G1 X119.77 Y204.93
G1 X119.82 Y204.97
G1 X119.88 Y205.00
G1 X119.94 Y205.04
G1 X119.99 Y205.07
G1 X120.05 Y205.11
G1 X120.10 Y205.14
G1 X120.15 Y205.18
G1 X120.21 Y205.22
G1 X120.26 Y205.25
G1 X120.31 Y205.29
G1 X120.37 Y205.33
G1 X120.42 Y205.37
G1 X120.47 Y205.41
G1 X120.52 Y205.45
G1 X120.57 Y205.49
G1 X120.62 Y205.53
G1 X120.67 Y205.57
G1 X120.72 Y205.62
G1 X120.77 Y205.66
G1 X120.82 Y205.70
G1 X120.86 Y205.75
G1 X120.91 Y205.79
G1 X120.96 Y205.84
G1 X121.01 Y205.88
G1 X121.05 Y205.93
G1 X121.10 Y205.97
G1 X121.14 Y206.02
G1 X121.19 Y206.07
G1 X121.23 Y206.11
G1 X121.28 Y206.16
G1 X121.32 Y206.21
G1 X121.36 Y206.26
G1 X121.40 Y206.31
G1 X121.45 Y206.36
G1 X121.49 Y206.41
G1 X121.53 Y206.46
G1 X121.57 Y206.51
G1 X121.61 Y206.56
G1 X121.65 Y206.61
G1 X121.69 Y206.67
G1 X121.72 Y206.72
G1 X121.76 Y206.77
G1 X121.80 Y206.83
G1 X121.84 Y206.88
G1 X121.87 Y206.93
G1 X121.91 Y206.99
G1 X121.94 Y207.04
G1 X121.98 Y207.10
G1 X122.01 Y207.16
G1 X122.04 Y207.21
G1 X122.08 Y207.27
G1 X122.11 Y207.33
G1 X122.14 Y207.38
G1 X122.17 Y207.44
G1 X122.20 Y207.50
G1 X122.23 Y207.56
G1 X122.26 Y207.62
G1 X122.29 Y207.67
G1 X122.32 Y207.73
G1 X122.34 Y207.79
G1 X122.37 Y207.85
G1 X122.40 Y207.91
G1 X122.42 Y207.97
G1 X122.45 Y208.04
G1 X122.47 Y208.10
G1 X122.50 Y208.16
G1 X122.52 Y208.22
G1 X122.54 Y208.28
G1 X122.56 Y208.35
G1 X122.59 Y208.41
G1 X122.61 Y208.47
G1 X122.63 Y208.54
G1 X122.65 Y208.60
G1 X122.66 Y208.66
G1 X122.68 Y208.73
G1 X122.70 Y208.79
G1 X122.72 Y208.86
G1 X122.73 Y208.92
G1 X122.75 Y208.99
G1 X122.76 Y209.05
G1 X122.78 Y209.12
G1 X122.79 Y209.19
G1 X122.80 Y209.25
G1 X122.81 Y209.32
G1 X122.83 Y209.39
G1 X122.84 Y209.45
G1 X122.85 Y209.52
G1 X122.86 Y209.59
G1 X122.86 Y209.65
G1 X122.87 Y209.72
G1 X122.88 Y209.79
G1 X122.89 Y209.86
G1 X122.89 Y209.93
G1 X122.90 Y210.00
G1 X122.90 Y210.07
G1 X122.90 Y210.14
G1 X122.91 Y210.20
G1 X122.91 Y210.27
G1 X122.91 Y210.34
G1 X122.91 Y210.41
G1 X122.91 Y211.03
G1 X126.06 Y211.03
G1 X126.06 Y215.03
G1 X122.91 Y215.03
G1 X122.91 Y218.03
G1 X110.21 Y218.03
G1 X110.21 Y215.03
G1 X107.06 Y215.03
G1 X107.06 Y211.03
G1 X110.21 Y211.03
G1 X110.21 Y210.41
G1 X110.21 Y210.34
G1 X110.21 Y210.27
G1 X110.21 Y210.20
G1 X110.22 Y210.14
G1 X110.22 Y210.07
G1 X110.22 Y210.00
G1 X110.23 Y209.93
G1 X110.23 Y209.86
G1 X110.24 Y209.79
G1 X110.25 Y209.72
G1 X110.25 Y209.65
G1 X110.26 Y209.59
G1 X110.27 Y209.52
G1 X110.28 Y209.45
G1 X110.29 Y209.39
G1 X110.30 Y209.32
G1 X110.32 Y209.25
G1 X110.33 Y209.19
G1 X110.34 Y209.12
G1 X110.36 Y209.05
G1 X110.37 Y208.99
G1 X110.39 Y208.92
G1 X110.40 Y208.86
G1 X110.42 Y208.79
G1 X110.44 Y208.73
G1 X110.45 Y208.66
G1 X110.47 Y208.60
G1 X110.49 Y208.54
G1 X110.51 Y208.47
G1 X110.53 Y208.41
G1 X110.55 Y208.35
G1 X110.58 Y208.28
G1 X110.60 Y208.22
G1 X110.62 Y208.16
G1 X110.64 Y208.10
G1 X110.67 Y208.04
G1 X110.69 Y207.97
G1 X110.72 Y207.91
G1 X110.75 Y207.85
G1 X110.77 Y207.79
G1 X110.80 Y207.73
G1 X110.83 Y207.67
G1 X110.86 Y207.62
G1 X110.89 Y207.56
G1 X110.92 Y207.50
G1 X110.95 Y207.44
G1 X110.98 Y207.38
G1 X111.01 Y207.33
G1 X111.04 Y207.27
G1 X111.07 Y207.21
G1 X111.11 Y207.16
G1 X111.14 Y207.10
G1 X111.18 Y207.04
G1 X111.21 Y206.99
G1 X111.25 Y206.93
G1 X111.28 Y206.88
G1 X111.32 Y206.83
G1 X111.36 Y206.77
G1 X111.39 Y206.72
G1 X111.43 Y206.67
G1 X111.47 Y206.61
G1 X111.51 Y206.56
G1 X111.55 Y206.51
G1 X111.59 Y206.46
G1 X111.63 Y206.41
G1 X111.67 Y206.36
G1 X111.71 Y206.31
G1 X111.76 Y206.26
G1 X111.80 Y206.21
G1 X111.84 Y206.16
G1 X111.89 Y206.11
G1 X111.93 Y206.07
G1 X111.98 Y206.02
G1 X112.02 Y205.97
G1 X112.07 Y205.93
G1 X112.11 Y205.88
G1 X112.16 Y205.84
G1 X112.21 Y205.79
G1 X112.25 Y205.75
G1 X112.30 Y205.70
G1 X112.35 Y205.66
G1 X112.40 Y205.62
G1 X112.45 Y205.57
G1 X112.50 Y205.53
G1 X112.55 Y205.49
G1 X112.60 Y205.45
G1 X112.65 Y205.41
G1 X112.70 Y205.37
G1 X112.75 Y205.33
G1 X112.80 Y205.29
G1 X112.86 Y205.25
G1 X112.91 Y205.22
G1 X112.96 Y205.18
G1 X113.02 Y205.14
G1 X113.07 Y205.11
G1 X113.13 Y205.07
G1 X113.18 Y205.04
G1 X113.24 Y205.00
G1 X113.29 Y204.97
G1 X113.35 Y204.93
G1 X113.41 Y204.90
G1 X113.46 Y204.87
G1 X113.52 Y204.84
G1 X113.58 Y204.81
G1 X113.64 Y204.78
G1 X113.69 Y204.75
G1 X113.75 Y204.72
G1 X113.81 Y204.69
G1 X113.87 Y204.66
G1 X113.93 Y204.63
G1 X113.99 Y204.61
G1 X114.05 Y204.58
G1 X114.11 Y204.55
G1 X114.17 Y204.53
G1 X114.23 Y204.50
G1 X114.30 Y204.48
G1 X114.36 Y204.46
G1 X114.42 Y204.43
G1 X114.48 Y204.41
G1 X114.55 Y204.39
G1 X114.61 Y204.37
G1 X114.67 Y204.35
G1 X114.74 Y204.33
G1 X114.80 Y204.31
G1 X114.86 Y204.29
G1 X114.93 Y204.28
G1 X114.99 Y204.26
G1 X115.06 Y204.24
G1 X115.06 Y211.03
G1 X118.06 Y211.03
G1 X118.06 Y204.24

; Pass 0 Path 109
G0 X30.48 Y89.40
G1 X33.02 Y86.86 S1000.00 F100
G1 X33.02 Y81.78
G1 X30.48 Y79.24
G1 X25.40 Y84.32
G1 X30.48 Y89.40

; Pass 0 Path 110
G0 X24.13 Y88.13
G1 X22.86 Y86.86 S1000.00 F100
G1 X21.59 Y88.13
G1 X24.13 Y88.13

; Pass 0 Path 111
G0 X20.32 Y84.32
G1 X17.78 Y81.78 S1000.00 F100
G1 X12.70 Y81.78
G1 X10.16 Y84.32
G1 X13.97 Y88.13
G1 X16.51 Y88.13
G1 X20.32 Y84.32

; Pass 0 Path 112
G0 X8.89 Y88.13
G1 X7.62 Y86.86 S1000.00 F100
G1 X2.54 Y91.94
G1 X5.08 Y94.48
G1 X5.08 Y90.83
G1 X5.08 Y90.76
G1 X5.08 Y90.69
G1 X5.09 Y90.62
G1 X5.09 Y90.55
G1 X5.10 Y90.48
G1 X5.11 Y90.42
G1 X5.12 Y90.35
G1 X5.13 Y90.28
G1 X5.15 Y90.22
G1 X5.16 Y90.15
G1 X5.18 Y90.09
G1 X5.20 Y90.02
G1 X5.22 Y89.96
G1 X5.24 Y89.90
G1 X5.27 Y89.84
G1 X5.29 Y89.78
G1 X5.32 Y89.72
G1 X5.35 Y89.66
G1 X5.37 Y89.60
G1 X5.40 Y89.54
G1 X5.44 Y89.48
G1 X5.47 Y89.43
G1 X5.50 Y89.37
G1 X5.54 Y89.32
G1 X5.58 Y89.26
G1 X5.61 Y89.21
G1 X5.65 Y89.16
G1 X5.69 Y89.11
G1 X5.74 Y89.06
G1 X5.78 Y89.01
G1 X5.82 Y88.96
G1 X5.87 Y88.92
G1 X5.92 Y88.87
G1 X5.96 Y88.83
G1 X6.01 Y88.79
G1 X6.06 Y88.74
G1 X6.11 Y88.70
G1 X6.16 Y88.66
G1 X6.21 Y88.63
G1 X6.27 Y88.59
G1 X6.32 Y88.55
G1 X6.38 Y88.52
G1 X6.43 Y88.49
G1 X6.49 Y88.45
G1 X6.55 Y88.42
G1 X6.61 Y88.39
G1 X6.67 Y88.37
G1 X6.73 Y88.34
G1 X6.79 Y88.32
G1 X6.85 Y88.29
G1 X6.91 Y88.27
G1 X6.98 Y88.25
G1 X7.04 Y88.23
G1 X7.10 Y88.21
G1 X7.17 Y88.20
G1 X7.23 Y88.18
G1 X7.30 Y88.17
G1 X7.37 Y88.16
G1 X7.44 Y88.15
G1 X7.50 Y88.14
G1 X7.57 Y88.14
G1 X7.64 Y88.13
G1 X7.71 Y88.13
G1 X7.78 Y88.13
G1 X8.89 Y88.13

; Pass 0 Path 113
G0 X7.62 Y81.78
G1 X7.62 Y81.77 S1000.00 F100
G1 X7.62 Y81.77
G1 X7.62 Y81.78
G1 X7.62 Y81.78

; Pass 0 Path 114
G0 X5.08 Y79.24
G1 X5.08 Y79.16 S1000.00 F100
G1 X5.08 Y79.08
G1 X5.08 Y74.16
G1 X2.54 Y76.70
G1 X5.08 Y79.24

; Pass 0 Path 115
G0 X5.08 Y64.00
G1 X5.08 Y61.62 S1000.00 F100
G1 X5.08 Y61.55
G1 X5.08 Y61.48
G1 X5.09 Y61.41
G1 X5.09 Y61.34
G1 X5.10 Y61.27
G1 X5.11 Y61.21
G1 X5.12 Y61.14
G1 X5.13 Y61.07
G1 X5.15 Y61.01
G1 X5.16 Y60.94
G1 X5.18 Y60.88
G1 X5.20 Y60.81
G1 X5.22 Y60.75
G1 X5.24 Y60.69
G1 X5.27 Y60.63
G1 X5.29 Y60.57
G1 X5.32 Y60.51
G1 X5.35 Y60.45
G1 X5.37 Y60.39
G1 X5.40 Y60.33
G1 X5.44 Y60.27
G1 X5.47 Y60.22
G1 X5.50 Y60.16
G1 X5.54 Y60.11
G1 X5.58 Y60.05
G1 X5.61 Y60.00
G1 X5.65 Y59.95
G1 X5.69 Y59.90
G1 X5.74 Y59.85
G1 X5.78 Y59.80
G1 X5.82 Y59.75
G1 X5.87 Y59.71
G1 X5.92 Y59.66
G1 X5.96 Y59.62
G1 X6.01 Y59.58
G1 X6.06 Y59.53
G1 X6.11 Y59.49
G1 X6.16 Y59.45
G1 X6.21 Y59.42
G1 X6.27 Y59.38
G1 X6.32 Y59.34
G1 X6.38 Y59.31
G1 X6.43 Y59.28
G1 X6.49 Y59.24
G1 X6.55 Y59.21
G1 X6.61 Y59.18
G1 X6.67 Y59.16
G1 X6.73 Y59.13
G1 X6.79 Y59.11
G1 X6.85 Y59.08
G1 X6.91 Y59.06
G1 X6.98 Y59.04
G1 X7.04 Y59.02
G1 X7.10 Y59.00
G1 X7.17 Y58.99
G1 X7.23 Y58.97
G1 X7.30 Y58.96
G1 X7.37 Y58.95
G1 X7.44 Y58.94
G1 X7.50 Y58.93
G1 X7.57 Y58.93
G1 X7.64 Y58.92
G1 X7.71 Y58.92
G1 X7.78 Y58.92
G1 X10.16 Y58.92
G1 X7.62 Y56.38
G1 X2.54 Y61.46
G1 X5.08 Y64.00

; Pass 0 Path 116
G0 X5.08 Y48.76
G1 X5.08 Y43.68 S1000.00 F100
G1 X2.54 Y46.22
G1 X5.08 Y48.76
M5          ; Disable Laser/Spindle
